issue_date,ts,horizon_hour,lead_day,turbine,power_norm_pred,power_gbm_pred,power_curve_pred
2026-01-31,2026-02-01 00:00:00,1,1,1,0.0299333687717495,0.1030001771920808,0.0116666666666666
2026-01-31,2026-02-01 01:00:00,2,1,1,0.0235608074330753,0.07113737049871,0.0116666666666666
2026-01-31,2026-02-01 02:00:00,3,1,1,0.0160556328849414,0.0336114977580404,0.0116666666666666
2026-01-31,2026-02-01 03:00:00,4,1,1,0.0158966585221549,0.020964774092256,0.0146296296296296
2026-01-31,2026-02-01 04:00:00,5,1,1,0.0167598259115192,0.0289843147427814,0.0137037037037037
2026-01-31,2026-02-01 05:00:00,6,1,1,0.0203586599090148,0.0284599662117407,0.0183333333333333
2026-01-31,2026-02-01 06:00:00,7,1,1,0.0238431342427382,0.0206971526951725,0.0246296296296296
2026-01-31,2026-02-01 07:00:00,8,1,1,0.0622171661073747,0.0488636083146517,0.0655555555555555
2026-01-31,2026-02-01 08:00:00,9,1,1,0.1767543698996617,0.1296977754242345,0.1885185185185185
2026-01-31,2026-02-01 09:00:00,10,1,1,0.1644950793194905,0.1602531743752304,0.1655555555555555
2026-01-31,2026-02-01 10:00:00,11,1,1,0.1357329538319196,0.134590695085524,0.1360185185185185
2026-01-31,2026-02-01 11:00:00,12,1,1,0.087750680887004,0.1226422933239088,0.0790277777777778
2026-01-31,2026-02-01 12:00:00,13,1,1,0.1162694099412096,0.1893100126690112,0.0980092592592592
2026-01-31,2026-02-01 13:00:00,14,1,1,0.1250711405534144,0.1723927398041091,0.1132407407407407
2026-01-31,2026-02-01 14:00:00,15,1,1,0.1372543963670768,0.2046053151687172,0.1204166666666666
2026-01-31,2026-02-01 15:00:00,16,1,1,0.1463274749490279,0.2384892265969914,0.123287037037037
2026-01-31,2026-02-01 16:00:00,17,1,1,0.2817514027895006,0.355053310243799,0.2634259259259259
2026-01-31,2026-02-01 17:00:00,18,1,1,0.2105090751535824,0.2710638942864311,0.1953703703703703
2026-01-31,2026-02-01 18:00:00,19,1,1,0.2658465191890347,0.2984918552044327,0.2576851851851852
2026-01-31,2026-02-01 19:00:00,20,1,1,0.2652294627712392,0.3068880545969372,0.2548148148148147
2026-01-31,2026-02-01 20:00:00,21,1,1,0.2744276054827672,0.2839898792656882,0.272037037037037
2026-01-31,2026-02-01 21:00:00,22,1,1,0.2748898582611495,0.2518566987131546,0.2806481481481482
2026-01-31,2026-02-01 22:00:00,23,1,1,0.262364696578985,0.2351568162282585,0.2691666666666666
2026-01-31,2026-02-01 23:00:00,24,1,1,0.2413535126431764,0.2334342298825489,0.2433333333333333
2026-01-31,2026-02-02 00:00:00,25,2,1,0.233664995349831,0.1146212730454514,0.2634259259259259
2026-01-31,2026-02-02 01:00:00,26,2,1,0.2780371340468863,0.186296781345543,0.3009722222222222
2026-01-31,2026-02-02 02:00:00,27,2,1,0.3085128684745351,0.2431198979282304,0.3248611111111111
2026-01-31,2026-02-02 03:00:00,28,2,1,0.3203289763421428,0.2783115483773813,0.3308333333333332
2026-01-31,2026-02-02 04:00:00,29,2,1,0.3385426045696265,0.3693796895147998,0.3308333333333332
2026-01-31,2026-02-02 05:00:00,30,2,1,0.3757604744888873,0.3404690391111025,0.3845833333333334
2026-01-31,2026-02-02 06:00:00,31,2,1,0.3703996322438094,0.3375537167746031,0.378611111111111
2026-01-31,2026-02-02 07:00:00,32,2,1,0.3920327918769432,0.3201639593847163,0.4099999999999999
2026-01-31,2026-02-02 08:00:00,33,2,1,0.3904597174239917,0.3272985871199591,0.4062499999999999
2026-01-31,2026-02-02 09:00:00,34,2,1,0.5101943825747441,0.4843052462070536,0.5166666666666667
2026-01-31,2026-02-02 10:00:00,35,2,1,0.4449381930690941,0.5846909653454708,0.4099999999999999
2026-01-31,2026-02-02 11:00:00,36,2,1,0.5811497708803874,0.7690821877352706,0.5341666666666667
2026-01-31,2026-02-02 12:00:00,37,2,1,0.7092796462471724,0.9001019349395656,0.6615740740740741
2026-01-31,2026-02-02 13:00:00,38,2,1,0.7896524140580404,0.9349287369568688,0.7533333333333333
2026-01-31,2026-02-02 14:00:00,39,2,1,0.7775219221301137,0.9409429439839014,0.7366666666666667
2026-01-31,2026-02-02 15:00:00,40,2,1,0.61478468925963,0.7972567796314838,0.5691666666666666
2026-01-31,2026-02-02 16:00:00,41,2,1,0.1750649998871115,0.3993990735096318,0.1189814814814815
2026-01-31,2026-02-02 17:00:00,42,2,1,0.3365600035878194,0.6405777957168753,0.2605555555555555
2026-01-31,2026-02-02 18:00:00,43,2,1,0.1999452210649857,0.5065779571767802,0.123287037037037
2026-01-31,2026-02-02 19:00:00,44,2,1,0.1342997924180501,0.2870545176458063,0.0961111111111111
2026-01-31,2026-02-02 20:00:00,45,2,1,0.1507413950582931,0.2375958641803543,0.1290277777777778
2026-01-31,2026-02-02 21:00:00,46,2,1,0.1595893562522339,0.2323912257056142,0.1413888888888888
2026-01-31,2026-02-02 22:00:00,47,2,1,0.1042313683171908,0.2433790638081762,0.0694444444444444
2026-01-31,2026-02-02 23:00:00,48,2,1,0.0654675304698705,0.1773376523493524,0.0375
2026-01-31,2026-02-01 00:00:00,1,1,2,0.0212320698744767,0.1073206987447678,0.0116666666666666
2026-01-31,2026-02-01 01:00:00,2,1,2,0.0152958803470811,0.0479588034708114,0.0116666666666666
2026-01-31,2026-02-01 02:00:00,3,1,2,0.0119080612250319,0.0140806122503192,0.0116666666666666
2026-01-31,2026-02-01 03:00:00,4,1,2,0.0171265411218399,0.0395987445517324,0.0146296296296296
2026-01-31,2026-02-01 04:00:00,5,1,2,0.0123333333333333,0.0,0.0137037037037037
2026-01-31,2026-02-01 05:00:00,6,1,2,0.0191178452491558,0.0261784524915589,0.0183333333333333
2026-01-31,2026-02-01 06:00:00,7,1,2,0.022601804661744,0.0076847132841074,0.0242592592592592
2026-01-31,2026-02-01 07:00:00,8,1,2,0.0574164322833963,0.0391643228339631,0.0594444444444444
2026-01-31,2026-02-01 08:00:00,9,1,2,0.1721343053477689,0.1146763868110231,0.1785185185185185
2026-01-31,2026-02-01 09:00:00,10,1,2,0.1569456352530429,0.1694563525304299,0.1555555555555555
2026-01-31,2026-02-01 10:00:00,11,1,2,0.134616693162199,0.2120002649553237,0.1260185185185185
2026-01-31,2026-02-01 11:00:00,12,1,2,0.0774379042076898,0.1393790420768978,0.0705555555555555
2026-01-31,2026-02-01 12:00:00,13,1,2,0.1013703877095896,0.2120372104292302,0.089074074074074
2026-01-31,2026-02-01 13:00:00,14,1,2,0.1134327898829349,0.1993278988293489,0.1038888888888889
2026-01-31,2026-02-01 14:00:00,15,1,2,0.1181765380627353,0.1842653806273537,0.1108333333333333
2026-01-31,2026-02-01 15:00:00,16,1,2,0.1253141319195325,0.2306413191953255,0.1136111111111111
2026-01-31,2026-02-01 16:00:00,17,1,2,0.2614044184515568,0.3448775178489013,0.2521296296296296
2026-01-31,2026-02-01 17:00:00,18,1,2,0.1936792107360592,0.268458774027259,0.1853703703703703
2026-01-31,2026-02-01 18:00:00,19,1,2,0.2526630392656754,0.3057970593234206,0.2467592592592593
2026-01-31,2026-02-01 19:00:00,20,1,2,0.2500875658167225,0.3042089915005592,0.244074074074074
2026-01-31,2026-02-01 20:00:00,21,1,2,0.2617519999972303,0.2758533333056367,0.2601851851851852
2026-01-31,2026-02-01 21:00:00,22,1,2,0.2737353184495353,0.3231865178286867,0.2682407407407408
2026-01-31,2026-02-01 22:00:00,23,1,2,0.2585980148096242,0.2684801480962416,0.2575
2026-01-31,2026-02-01 23:00:00,24,1,2,0.2348714869022483,0.2487148690224832,0.2333333333333333
2026-01-31,2026-02-02 00:00:00,25,2,2,0.2427510254938896,0.1583435882722293,0.2521296296296296
2026-01-31,2026-02-02 01:00:00,26,2,2,0.2798406772963779,0.2184067729637793,0.2866666666666667
2026-01-31,2026-02-02 02:00:00,27,2,2,0.2998395380343981,0.2383953803439805,0.3066666666666667
2026-01-31,2026-02-02 03:00:00,28,2,2,0.307326457547204,0.2682645754720411,0.3116666666666665
2026-01-31,2026-02-02 04:00:00,29,2,2,0.315989662408129,0.3548966240812911,0.3116666666666665
2026-01-31,2026-02-02 05:00:00,30,2,2,0.3510002128678178,0.3000021286781779,0.3566666666666667
2026-01-31,2026-02-02 06:00:00,31,2,2,0.3442337454142883,0.2773374541428842,0.3516666666666665
2026-01-31,2026-02-02 07:00:00,32,2,2,0.3683934469238831,0.2622678025721645,0.3801851851851851
2026-01-31,2026-02-02 08:00:00,33,2,2,0.367018665192667,0.2868533185933377,0.3759259259259259
2026-01-31,2026-02-02 09:00:00,34,2,2,0.4928913087713197,0.4739130877131974,0.495
2026-01-31,2026-02-02 10:00:00,35,2,2,0.4060631257721316,0.6389645910546496,0.3801851851851851
2026-01-31,2026-02-02 11:00:00,36,2,2,0.5351626951562867,0.7391269515628671,0.5125
2026-01-31,2026-02-02 12:00:00,37,2,2,0.6899834447465587,0.8881677807989191,0.6679629629629631
2026-01-31,2026-02-02 13:00:00,38,2,2,0.7601246298823138,0.8962462988231381,0.745
2026-01-31,2026-02-02 14:00:00,39,2,2,0.7510188157383507,0.9201881573835065,0.7322222222222222
2026-01-31,2026-02-02 15:00:00,40,2,2,0.5773265730262566,0.8457657302625662,0.5474999999999999
2026-01-31,2026-02-02 16:00:00,41,2,2,0.139828256972736,0.4132825697273596,0.1094444444444444
2026-01-31,2026-02-02 17:00:00,42,2,2,0.294113961296061,0.6961396129606103,0.2494444444444443
2026-01-31,2026-02-02 18:00:00,43,2,2,0.1483807246046646,0.4613072460466463,0.1136111111111111
2026-01-31,2026-02-02 19:00:00,44,2,2,0.105318786282613,0.2681878628261303,0.0872222222222222
2026-01-31,2026-02-02 20:00:00,45,2,2,0.127797147053205,0.2054714705320502,0.1191666666666666
2026-01-31,2026-02-02 21:00:00,46,2,2,0.1414165193454722,0.2316651934547231,0.1313888888888888
2026-01-31,2026-02-02 22:00:00,47,2,2,0.0754815736874982,0.1948157368749817,0.0622222222222222
2026-01-31,2026-02-02 23:00:00,48,2,2,0.0464884840740696,0.142384840740696,0.0358333333333333
2026-02-01,2026-02-02 00:00:00,1,1,1,0.3536522229470009,0.3015944480683383,0.3666666666666666
2026-02-01,2026-02-02 01:00:00,2,1,1,0.4033928678032966,0.3319643390164831,0.4212499999999999
2026-02-01,2026-02-02 02:00:00,3,1,1,0.404404779762272,0.3370238988113601,0.4212499999999999
2026-02-01,2026-02-02 03:00:00,4,1,1,0.3798696236754282,0.384903673932697,0.378611111111111
2026-02-01,2026-02-02 04:00:00,5,1,1,0.3923561733036787,0.4234475331850598,0.3845833333333334
2026-02-01,2026-02-02 05:00:00,6,1,1,0.4487132701566997,0.4535663507834981,0.4475
2026-02-01,2026-02-02 06:00:00,7,1,1,0.4386623369764008,0.4183116848820042,0.4437499999999999
2026-02-01,2026-02-02 07:00:00,8,1,1,0.4061624644095829,0.3758123220479149,0.4137499999999999
2026-02-01,2026-02-02 08:00:00,9,1,1,0.3851237701313705,0.3395077395457415,0.3965277777777777
2026-02-01,2026-02-02 09:00:00,10,1,1,0.6153591519651742,0.6301290931592038,0.6116666666666667
2026-02-01,2026-02-02 10:00:00,11,1,1,0.4805872167196658,0.6429360835983301,0.4399999999999998
2026-02-01,2026-02-02 11:00:00,12,1,1,0.5719842082416899,0.7699210412084495,0.5225
2026-02-01,2026-02-02 12:00:00,13,1,1,0.6429527066935007,0.8347635334675031,0.5950000000000001
2026-02-01,2026-02-02 13:00:00,14,1,1,0.7000161956229913,0.9297106077445862,0.6425925925925926
2026-02-01,2026-02-02 14:00:00,15,1,1,0.7263390061649871,0.9398431789730836,0.672962962962963
2026-02-01,2026-02-02 15:00:00,16,1,1,0.6573367823315156,0.826683911657578,0.615
2026-02-01,2026-02-02 16:00:00,17,1,1,0.6435517553988981,0.8644254436611569,0.5883333333333334
2026-02-01,2026-02-02 17:00:00,18,1,1,0.3073002140823365,0.5905751444857564,0.2364814814814815
2026-02-01,2026-02-02 18:00:00,19,1,1,0.1413655511351688,0.2996055334536218,0.1018055555555555
2026-02-01,2026-02-02 19:00:00,20,1,1,0.0958123737040957,0.2686914981501083,0.0525925925925925
2026-02-01,2026-02-02 20:00:00,21,1,1,0.0847462799545386,0.2029906590319526,0.0551851851851851
2026-02-01,2026-02-02 21:00:00,22,1,1,0.0987471334499625,0.1472541857683309,0.0866203703703703
2026-02-01,2026-02-02 22:00:00,23,1,1,0.1035096342487086,0.1786592823546544,0.0847222222222222
2026-02-01,2026-02-02 23:00:00,24,1,1,0.1238593923543153,0.1968895543641694,0.1056018518518518
2026-02-01,2026-02-03 00:00:00,25,2,1,0.1376117648485614,0.2884291946131773,0.0999074074074074
2026-02-01,2026-02-03 01:00:00,26,2,1,0.26244728217497,0.3800141886526279,0.2330555555555555
2026-02-01,2026-02-03 02:00:00,27,2,1,0.2633303693591791,0.3707259208699697,0.2364814814814815
2026-02-01,2026-02-03 03:00:00,28,2,1,0.206895989312365,0.2804058724877513,0.1885185185185185
2026-02-01,2026-02-03 04:00:00,29,2,1,0.1811430206720089,0.340159547804489,0.1413888888888888
2026-02-01,2026-02-03 05:00:00,30,2,1,0.1884408270281276,0.3229448758813787,0.1548148148148148
2026-02-01,2026-02-03 06:00:00,31,2,1,0.1297715705722237,0.1671911861944519,0.1204166666666666
2026-02-01,2026-02-03 07:00:00,32,2,1,0.0722364534565155,0.114515600615911,0.0616666666666666
2026-02-01,2026-02-03 08:00:00,33,2,1,0.0402985607265056,0.1163076184473428,0.0212962962962962
2026-02-01,2026-02-03 09:00:00,34,2,1,0.0308849165833895,0.0825727310650959,0.0179629629629629
2026-02-01,2026-02-03 10:00:00,35,2,1,0.0288659158440318,0.0576629125534924,0.0216666666666666
2026-02-01,2026-02-03 11:00:00,36,2,1,0.092510928399067,0.0781101975508906,0.0961111111111111
2026-02-01,2026-02-03 12:00:00,37,2,1,0.0867113734227562,0.0794827930397073,0.0885185185185185
2026-02-01,2026-02-03 13:00:00,38,2,1,0.0478637524026488,0.0893187620132441,0.0375
2026-02-01,2026-02-03 14:00:00,39,2,1,0.0631385321653058,0.1105074756413437,0.0512962962962963
2026-02-01,2026-02-03 15:00:00,40,2,1,0.1743944638558305,0.1882686155754487,0.1709259259259259
2026-02-01,2026-02-03 16:00:00,41,2,1,0.1636749280832836,0.1776338996756774,0.1601851851851851
2026-02-01,2026-02-03 17:00:00,42,2,1,0.1294605611590265,0.1885991020914288,0.1146759259259259
2026-02-01,2026-02-03 18:00:00,43,2,1,0.3006338090527348,0.2992801563747853,0.3009722222222222
2026-02-01,2026-02-03 19:00:00,44,2,1,0.5626811677138364,0.4467391719025146,0.5916666666666667
2026-02-01,2026-02-03 20:00:00,45,2,1,0.4877759837012162,0.4888799185060813,0.4874999999999999
2026-02-01,2026-02-03 21:00:00,46,2,1,0.4293075637731907,0.4165378188659538,0.4324999999999999
2026-02-01,2026-02-03 22:00:00,47,2,1,0.4179476456314461,0.4197382281572308,0.4174999999999999
2026-02-01,2026-02-03 23:00:00,48,2,1,0.230180149576839,0.259789636773084,0.2227777777777777
2026-02-01,2026-02-02 00:00:00,1,1,2,0.3359353857699985,0.2843538576999858,0.3416666666666666
2026-02-01,2026-02-02 01:00:00,2,1,2,0.3906627117588567,0.369960450921901,0.3929629629629628
2026-02-01,2026-02-02 02:00:00,3,1,2,0.3892877229442384,0.3562105627757187,0.3929629629629628
2026-02-01,2026-02-02 03:00:00,4,1,2,0.3523785782498542,0.3587857824985422,0.3516666666666665
2026-02-01,2026-02-02 04:00:00,5,1,2,0.3594495921612349,0.3844959216123494,0.3566666666666667
2026-02-01,2026-02-02 05:00:00,6,1,2,0.4223562097488516,0.4185620974885155,0.4227777777777778
2026-02-01,2026-02-02 06:00:00,7,1,2,0.4162078760123469,0.3954120934568035,0.4185185185185184
2026-02-01,2026-02-02 07:00:00,8,1,2,0.3780072037102489,0.3200720371024898,0.3844444444444443
2026-02-01,2026-02-02 08:00:00,9,1,2,0.3608768242185289,0.3087682421852895,0.3666666666666667
2026-02-01,2026-02-02 09:00:00,10,1,2,0.6091549148272959,0.6165491482729578,0.6083333333333334
2026-02-01,2026-02-02 10:00:00,11,1,2,0.4416759520167254,0.6884261868339221,0.4142592592592591
2026-02-01,2026-02-02 11:00:00,12,1,2,0.5254846233746256,0.7473462337462559,0.5008333333333334
2026-02-01,2026-02-02 12:00:00,13,1,2,0.6096639673250723,0.8466396732507236,0.5833333333333334
2026-02-01,2026-02-02 13:00:00,14,1,2,0.6749405062683208,0.8960717293498739,0.6503703703703704
2026-02-01,2026-02-02 14:00:00,15,1,2,0.7034427913625292,0.9277612469586236,0.6785185185185186
2026-02-01,2026-02-02 15:00:00,16,1,2,0.6349569719654921,0.8295697196549211,0.6133333333333333
2026-02-01,2026-02-02 16:00:00,17,1,2,0.6071948655218952,0.9119486552189526,0.5733333333333333
2026-02-01,2026-02-02 17:00:00,18,1,2,0.2628560270772499,0.5902269374391658,0.2264814814814814
2026-02-01,2026-02-02 18:00:00,19,1,2,0.1125494649855912,0.2904946498559126,0.0927777777777777
2026-02-01,2026-02-02 19:00:00,20,1,2,0.0701345992450427,0.249679325783761,0.0501851851851851
2026-02-01,2026-02-02 20:00:00,21,1,2,0.0653740824729838,0.1854074913965051,0.052037037037037
2026-02-01,2026-02-02 21:00:00,22,1,2,0.0846770145007345,0.1451034783406784,0.0779629629629629
2026-02-01,2026-02-02 22:00:00,23,1,2,0.0797313562494973,0.1123135624949739,0.0761111111111111
2026-02-01,2026-02-02 23:00:00,24,1,2,0.1001324450023123,0.1329911166897901,0.0964814814814814
2026-02-01,2026-02-03 00:00:00,25,2,2,0.1032766784550164,0.2144334512168313,0.0909259259259259
2026-02-01,2026-02-03 01:00:00,26,2,2,0.2321993564269969,0.3144935642699691,0.2230555555555555
2026-02-01,2026-02-03 02:00:00,27,2,2,0.2388757215542033,0.3504238822086996,0.2264814814814814
2026-02-01,2026-02-03 03:00:00,28,2,2,0.1891261507342164,0.2845948406754981,0.1785185185185185
2026-02-01,2026-02-03 04:00:00,29,2,2,0.1528783675425163,0.3462836754251639,0.1313888888888888
2026-02-01,2026-02-03 05:00:00,30,2,2,0.1575047156015793,0.2717138226824597,0.1448148148148148
2026-02-01,2026-02-03 06:00:00,31,2,2,0.117315328909134,0.1756532890913399,0.1108333333333333
2026-02-01,2026-02-03 07:00:00,32,2,2,0.0601097311527985,0.0910973115279853,0.0566666666666666
2026-02-01,2026-02-03 08:00:00,33,2,2,0.0227062856217837,0.0353961895511708,0.0212962962962962
2026-02-01,2026-02-03 09:00:00,34,2,2,0.0247435179161045,0.0857685124943786,0.0179629629629629
2026-02-01,2026-02-03 10:00:00,35,2,2,0.0263214526486463,0.0682145264864633,0.0216666666666666
2026-02-01,2026-02-03 11:00:00,36,2,2,0.0885790983781757,0.1007909837817569,0.0872222222222222
2026-02-01,2026-02-03 12:00:00,37,2,2,0.0825824732192156,0.1074913988588232,0.0798148148148148
2026-02-01,2026-02-03 13:00:00,38,2,2,0.0399641041307371,0.0771410413073717,0.0358333333333333
2026-02-01,2026-02-03 14:00:00,39,2,2,0.0556805478819747,0.1134721454864145,0.0492592592592592
2026-02-01,2026-02-03 15:00:00,40,2,2,0.1669874608724886,0.2215412753915528,0.1609259259259259
2026-02-01,2026-02-03 16:00:00,41,2,2,0.1543425182711364,0.1917585160446977,0.1501851851851851
2026-02-01,2026-02-03 17:00:00,42,2,2,0.1140295467120892,0.192795467120892,0.1052777777777777
2026-02-01,2026-02-03 18:00:00,43,2,2,0.2918703452563204,0.3387034525632041,0.2866666666666667
2026-02-01,2026-02-03 19:00:00,44,2,2,0.5642091118595235,0.4370911185952357,0.5783333333333333
2026-02-01,2026-02-03 20:00:00,45,2,2,0.4669221736350416,0.476721736350417,0.4658333333333332
2026-02-01,2026-02-03 21:00:00,46,2,2,0.4089274730416717,0.437608063750051,0.4057407407407406
2026-02-01,2026-02-03 22:00:00,47,2,2,0.392905898400349,0.430725650670158,0.3887037037037036
2026-02-01,2026-02-03 23:00:00,48,2,2,0.2197120916964339,0.2821209169643394,0.2127777777777777
2026-02-02,2026-02-03 00:00:00,1,1,1,0.2212950547712731,0.2838826812637733,0.205648148148148
2026-02-02,2026-02-03 01:00:00,2,1,1,0.3180944460669014,0.3626944525567296,0.3069444444444444
2026-02-02,2026-02-03 02:00:00,3,1,1,0.39814551230709,0.404616450424339,0.3965277777777777
2026-02-02,2026-02-03 03:00:00,4,1,1,0.4079036364722703,0.4145181823613516,0.4062499999999999
2026-02-02,2026-02-03 04:00:00,5,1,1,0.4110450625285581,0.4302253126427907,0.4062499999999999
2026-02-02,2026-02-03 05:00:00,6,1,1,0.1776409734204296,0.2474641263614076,0.1601851851851851
2026-02-02,2026-02-03 06:00:00,7,1,1,0.0523078663858053,0.1304282208179158,0.0327777777777777
2026-02-02,2026-02-03 07:00:00,8,1,1,0.0833000785977878,0.1335374300259762,0.0707407407407407
2026-02-02,2026-02-03 08:00:00,9,1,1,0.0517728963071562,0.1218274444987442,0.0342592592592592
2026-02-02,2026-02-03 09:00:00,10,1,1,0.0408786588734245,0.0443932943671228,0.04
2026-02-02,2026-02-03 10:00:00,11,1,1,0.0739869768834168,0.0869719214541213,0.0707407407407407
2026-02-02,2026-02-03 11:00:00,12,1,1,0.183588512121818,0.1638684865350159,0.1885185185185185
2026-02-02,2026-02-03 12:00:00,13,1,1,0.156803286193098,0.1325349494840086,0.1628703703703703
2026-02-02,2026-02-03 13:00:00,14,1,1,0.0545751470508888,0.046949809328518,0.0564814814814814
2026-02-02,2026-02-03 14:00:00,15,1,1,0.0602197195067687,0.0648023012375473,0.059074074074074
2026-02-02,2026-02-03 15:00:00,16,1,1,0.0414534478659433,0.0731931652556423,0.0335185185185185
2026-02-02,2026-02-03 16:00:00,17,1,1,0.066807562186843,0.0977415146379187,0.059074074074074
2026-02-02,2026-02-03 17:00:00,18,1,1,0.1780919307069931,0.2174966905720027,0.1682407407407407
2026-02-02,2026-02-03 18:00:00,19,1,1,0.1614986895113177,0.2856415957047366,0.1304629629629629
2026-02-02,2026-02-03 19:00:00,20,1,1,0.3925416179271722,0.4243747563025275,0.3845833333333334
2026-02-02,2026-02-03 20:00:00,21,1,1,0.5172478836839707,0.5195727517531867,0.5166666666666667
2026-02-02,2026-02-03 21:00:00,22,1,1,0.4093612055767715,0.4218060278838577,0.4062499999999999
2026-02-02,2026-02-03 22:00:00,23,1,1,0.3809877979264007,0.414383434076448,0.3726388888888888
2026-02-02,2026-02-03 23:00:00,24,1,1,0.4256562020797396,0.458281010398698,0.4174999999999999
2026-02-02,2026-02-04 00:00:00,25,2,1,0.2282278194203457,0.2774353933980247,0.2159259259259259
2026-02-02,2026-02-04 01:00:00,26,2,1,0.3298326775726409,0.3258300545298718,0.3308333333333332
2026-02-02,2026-02-04 02:00:00,27,2,1,0.4016193134206571,0.3680965671032856,0.4099999999999999
2026-02-02,2026-02-04 03:00:00,28,2,1,0.4318416344288845,0.3992081721444235,0.4399999999999998
2026-02-02,2026-02-04 04:00:00,29,2,1,0.5694411789022662,0.493872561177997,0.5883333333333334
2026-02-02,2026-02-04 05:00:00,30,2,1,0.393871389832914,0.3293569491645702,0.4099999999999999
2026-02-02,2026-02-04 06:00:00,31,2,1,0.3276120487763997,0.314726910548666,0.3308333333333332
2026-02-02,2026-02-04 07:00:00,32,2,1,0.3398411704503165,0.2803169633626938,0.3547222222222221
2026-02-02,2026-02-04 08:00:00,33,2,1,0.4742681489265307,0.3513407446326529,0.5050000000000001
2026-02-02,2026-02-04 09:00:00,34,2,1,0.3148813150825483,0.2510732420794091,0.3308333333333332
2026-02-02,2026-02-04 10:00:00,35,2,1,0.1872544362472125,0.1136795886434705,0.205648148148148
2026-02-02,2026-02-04 11:00:00,36,2,1,0.2186946842418544,0.2571771249129758,0.209074074074074
2026-02-02,2026-02-04 12:00:00,37,2,1,0.1454854982865434,0.2916867506919766,0.1089351851851851
2026-02-02,2026-02-04 13:00:00,38,2,1,0.1183380491503327,0.1844680235294415,0.1018055555555555
2026-02-02,2026-02-04 14:00:00,39,2,1,0.1423236197398818,0.1955069875882981,0.1290277777777778
2026-02-02,2026-02-04 15:00:00,40,2,1,0.1385005039217844,0.2165765936829963,0.1189814814814815
2026-02-02,2026-02-04 16:00:00,41,2,1,0.1160890430170829,0.2922970669372665,0.072037037037037
2026-02-02,2026-02-04 17:00:00,42,2,1,0.06961651207684,0.1680825603842,0.045
2026-02-02,2026-02-04 18:00:00,43,2,1,0.0357609846367628,0.1262123305912217,0.0131481481481481
2026-02-02,2026-02-04 19:00:00,44,2,1,0.1961911696117981,0.2268817739849166,0.1885185185185185
2026-02-02,2026-02-04 20:00:00,45,2,1,0.4095829455969759,0.42291472798488,0.4062499999999999
2026-02-02,2026-02-04 21:00:00,46,2,1,0.524478066662365,0.5790569999784916,0.5108333333333333
2026-02-02,2026-02-04 22:00:00,47,2,1,0.6042816252900209,0.6414081264501045,0.5950000000000001
2026-02-02,2026-02-04 23:00:00,48,2,1,0.5577492178903045,0.5820794227848556,0.5516666666666667
2026-02-02,2026-02-03 00:00:00,1,1,2,0.2027828787905791,0.2669954545724591,0.195648148148148
2026-02-02,2026-02-03 01:00:00,2,1,2,0.3005159307858716,0.3801593078587168,0.2916666666666666
2026-02-02,2026-02-03 02:00:00,3,1,2,0.375452954750886,0.45452954750886,0.3666666666666667
2026-02-02,2026-02-03 03:00:00,4,1,2,0.380979469270413,0.4264613593707971,0.3759259259259259
2026-02-02,2026-02-03 04:00:00,5,1,2,0.38169823309151,0.433648997581767,0.3759259259259259
2026-02-02,2026-02-03 05:00:00,6,1,2,0.1646547332440708,0.2948806657740414,0.1501851851851851
2026-02-02,2026-02-03 06:00:00,7,1,2,0.04425221668832,0.1600221668832003,0.0313888888888888
2026-02-02,2026-02-03 07:00:00,8,1,2,0.0710333922112239,0.1420005887789054,0.0631481481481481
2026-02-02,2026-02-03 08:00:00,9,1,2,0.0327687876630487,0.0335212099638209,0.0326851851851851
2026-02-02,2026-02-03 09:00:00,10,1,2,0.0388913703058136,0.0439137030581368,0.0383333333333333
2026-02-02,2026-02-03 10:00:00,11,1,2,0.0665512470520573,0.0971791371872401,0.0631481481481481
2026-02-02,2026-02-03 11:00:00,12,1,2,0.1764999680829438,0.1583330141627719,0.1785185185185185
2026-02-02,2026-02-03 12:00:00,13,1,2,0.155167343619754,0.1758401028642075,0.1528703703703703
2026-02-02,2026-02-03 13:00:00,14,1,2,0.0559668639508078,0.0830019728414114,0.0529629629629629
2026-02-02,2026-02-03 14:00:00,15,1,2,0.0592951335451691,0.0996180021183585,0.0548148148148148
2026-02-02,2026-02-03 15:00:00,16,1,2,0.0381075867485171,0.092742534151838,0.032037037037037
2026-02-02,2026-02-03 16:00:00,17,1,2,0.0619578986485798,0.1262456531524649,0.0548148148148148
2026-02-02,2026-02-03 17:00:00,18,1,2,0.1627074935495439,0.2029082688287725,0.1582407407407407
2026-02-02,2026-02-03 18:00:00,19,1,2,0.1365415635357365,0.2804156353573648,0.1205555555555555
2026-02-02,2026-02-03 19:00:00,20,1,2,0.3615406617460946,0.4054066174609461,0.3566666666666667
2026-02-02,2026-02-03 20:00:00,21,1,2,0.4988617082639179,0.5336170826391793,0.495
2026-02-02,2026-02-03 21:00:00,22,1,2,0.3754766169952493,0.3714328366191604,0.3759259259259259
2026-02-02,2026-02-03 22:00:00,23,1,2,0.3448064307159298,0.3280643071592986,0.3466666666666665
2026-02-02,2026-02-03 23:00:00,24,1,2,0.3953935705969429,0.455602372636097,0.3887037037037036
2026-02-02,2026-02-04 00:00:00,25,2,2,0.2160912661853678,0.3075793285203454,0.2059259259259259
2026-02-02,2026-02-04 01:00:00,26,2,2,0.3204819613496855,0.3998196134968563,0.3116666666666665
2026-02-02,2026-02-04 02:00:00,27,2,2,0.3788848254210077,0.3671815875434112,0.3801851851851851
2026-02-02,2026-02-04 03:00:00,28,2,2,0.4177102396673643,0.448769063340311,0.4142592592592591
2026-02-02,2026-02-04 04:00:00,29,2,2,0.5663084219049637,0.5030842190496378,0.5733333333333333
2026-02-02,2026-02-04 05:00:00,30,2,2,0.3784593416864347,0.3629267501976811,0.3801851851851851
2026-02-02,2026-02-04 06:00:00,31,2,2,0.314979644294552,0.3447964429455207,0.3116666666666665
2026-02-02,2026-02-04 07:00:00,32,2,2,0.3308490272521086,0.3234902725210857,0.3316666666666666
2026-02-02,2026-02-04 08:00:00,33,2,2,0.4645386459629959,0.2953864596299588,0.4833333333333334
2026-02-02,2026-02-04 09:00:00,34,2,2,0.3069649486520293,0.2646494865202934,0.3116666666666665
2026-02-02,2026-02-04 10:00:00,35,2,2,0.1933066233552596,0.1722329002192641,0.195648148148148
2026-02-02,2026-02-04 11:00:00,36,2,2,0.2099278767943585,0.3076121012769188,0.199074074074074
2026-02-02,2026-02-04 12:00:00,37,2,2,0.1187217075167682,0.2897170751676826,0.0997222222222222
2026-02-02,2026-02-04 13:00:00,38,2,2,0.1069600028424341,0.234600028424341,0.0927777777777777
2026-02-02,2026-02-04 14:00:00,39,2,2,0.135072835095717,0.2782283509571703,0.1191666666666666
2026-02-02,2026-02-04 15:00:00,40,2,2,0.125764077302703,0.27264077302703,0.1094444444444444
2026-02-02,2026-02-04 16:00:00,41,2,2,0.0851941191438506,0.2752745247718394,0.064074074074074
2026-02-02,2026-02-04 17:00:00,42,2,2,0.053595367197192,0.1459536719719209,0.0433333333333333
2026-02-02,2026-02-04 18:00:00,43,2,2,0.0272107015693877,0.1537736823605446,0.0131481481481481
2026-02-02,2026-02-04 19:00:00,44,2,2,0.1832137821959581,0.2254711552929145,0.1785185185185185
2026-02-02,2026-02-04 20:00:00,45,2,2,0.3744641401915058,0.3613080685817252,0.3759259259259259
2026-02-02,2026-02-04 21:00:00,46,2,2,0.4997108013075279,0.5946080130752804,0.4891666666666665
2026-02-02,2026-02-04 22:00:00,47,2,2,0.5984413554509509,0.7344135545095084,0.5833333333333334
2026-02-02,2026-02-04 23:00:00,48,2,2,0.5488487053381645,0.7184870533816456,0.53
2026-02-03,2026-02-04 00:00:00,1,1,1,0.355665582681209,0.3594390245171566,0.3547222222222221
2026-02-03,2026-02-04 01:00:00,2,1,1,0.5222421179807308,0.5212105899036544,0.5225
2026-02-03,2026-02-04 02:00:00,3,1,1,0.4039349460676899,0.4335636192273385,0.3965277777777777
2026-02-03,2026-02-04 03:00:00,4,1,1,0.3705662835716951,0.3622758623029199,0.3726388888888888
2026-02-03,2026-02-04 04:00:00,5,1,1,0.3263700897866829,0.3085171156000819,0.3308333333333332
2026-02-03,2026-02-04 05:00:00,6,1,1,0.5573739551342174,0.4335364423377532,0.5883333333333334
2026-02-03,2026-02-04 06:00:00,7,1,1,0.4533262051305428,0.4616310256527139,0.4512499999999999
2026-02-03,2026-02-04 07:00:00,8,1,1,0.4637818881029243,0.4539094405146218,0.46625
2026-02-03,2026-02-04 08:00:00,9,1,1,0.4570276266337735,0.4051381331688676,0.47
2026-02-03,2026-02-04 09:00:00,10,1,1,0.4703082852679636,0.3315414263398174,0.5050000000000001
2026-02-03,2026-02-04 10:00:00,11,1,1,0.4396399145414552,0.2715329060406096,0.4816666666666666
2026-02-03,2026-02-04 11:00:00,12,1,1,0.2408880481187064,0.1966624628157542,0.2519444444444444
2026-02-03,2026-02-04 12:00:00,13,1,1,0.209133796853097,0.2093726879691886,0.209074074074074
2026-02-03,2026-02-04 13:00:00,14,1,1,0.2160343984664388,0.2575793997396021,0.205648148148148
2026-02-03,2026-02-04 14:00:00,15,1,1,0.1999032397818768,0.2728495322427174,0.1816666666666666
2026-02-03,2026-02-04 15:00:00,16,1,1,0.1557683316901212,0.2132861028950503,0.1413888888888888
2026-02-03,2026-02-04 16:00:00,17,1,1,0.1189241626810612,0.2101763689608617,0.0961111111111111
2026-02-03,2026-02-04 17:00:00,18,1,1,0.0662320241987405,0.1611601209937027,0.0425
2026-02-03,2026-02-04 18:00:00,19,1,1,0.0323464424464054,0.0824729529727678,0.0198148148148148
2026-02-03,2026-02-04 19:00:00,20,1,1,0.0795975711007999,0.1513211888373331,0.0616666666666666
2026-02-03,2026-02-04 20:00:00,21,1,1,0.3049096410437201,0.3206593163297117,0.3009722222222222
2026-02-03,2026-02-04 21:00:00,22,1,1,0.4354747578448709,0.5673737892243552,0.4024999999999997
2026-02-03,2026-02-04 22:00:00,23,1,1,0.4757612073977375,0.5288060369886871,0.4625
2026-02-03,2026-02-04 23:00:00,24,1,1,0.6032480218124586,0.649573442395626,0.5916666666666667
2026-02-03,2026-02-05 00:00:00,25,2,1,0.6009587910014733,0.5847939550073666,0.605
2026-02-03,2026-02-05 01:00:00,26,2,1,0.6408385951301635,0.6338226052804466,0.6425925925925926
2026-02-03,2026-02-05 02:00:00,27,2,1,0.7352881116816388,0.8297738917415279,0.7116666666666664
2026-02-03,2026-02-05 03:00:00,28,2,1,0.7580379591717233,0.8657453514141722,0.7311111111111112
2026-02-03,2026-02-05 04:00:00,29,2,1,0.8824482715626057,0.9433524689241394,0.8672222222222222
2026-02-03,2026-02-05 05:00:00,30,2,1,0.9248481568440322,0.9653518953312722,0.914722222222222
2026-02-03,2026-02-05 06:00:00,31,2,1,0.9099161836462796,0.9225438811943606,0.9067592592592592
2026-02-03,2026-02-05 07:00:00,32,2,1,0.9203210499688256,0.9171608053996844,0.921111111111111
2026-02-03,2026-02-05 08:00:00,33,2,1,0.9332061663092104,0.912697498212718,0.9383333333333334
2026-02-03,2026-02-05 09:00:00,34,2,1,0.9178961948256272,0.931703196350358,0.9144444444444444
2026-02-03,2026-02-05 10:00:00,35,2,1,0.899930152327336,0.9233544653403836,0.894074074074074
2026-02-03,2026-02-05 11:00:00,36,2,1,0.9496996814188028,0.9429428515384576,0.951388888888889
2026-02-03,2026-02-05 12:00:00,37,2,1,0.962456953286355,0.9780255071725156,0.9585648148148148
2026-02-03,2026-02-05 13:00:00,38,2,1,0.9432129162175932,0.9393979144212994,0.9441666666666668
2026-02-03,2026-02-05 14:00:00,39,2,1,0.9178810680588998,0.9390349699241288,0.9125925925925924
2026-02-03,2026-02-05 15:00:00,40,2,1,0.7477980247051188,0.8589901235255942,0.7199999999999999
2026-02-03,2026-02-05 16:00:00,41,2,1,0.7187637338200856,0.8715964468782058,0.6805555555555556
2026-02-03,2026-02-05 17:00:00,42,2,1,0.7323344893628461,0.8635242986660828,0.6995370370370368
2026-02-03,2026-02-05 18:00:00,43,2,1,0.5612134423447083,0.7860672117235408,0.5050000000000001
2026-02-03,2026-02-05 19:00:00,44,2,1,0.479661284566296,0.7283064228314798,0.4174999999999999
2026-02-03,2026-02-05 20:00:00,45,2,1,0.4848310262770869,0.6791551313854346,0.4362499999999999
2026-02-03,2026-02-05 21:00:00,46,2,1,0.4674121224895079,0.60706061244754,0.4324999999999999
2026-02-03,2026-02-05 22:00:00,47,2,1,0.4861451807034825,0.5507259035174126,0.47
2026-02-03,2026-02-05 23:00:00,48,2,1,0.3899469182760565,0.4830679247136163,0.3666666666666666
2026-02-03,2026-02-04 00:00:00,1,1,2,0.3337173787430896,0.352173787430896,0.3316666666666666
2026-02-03,2026-02-04 01:00:00,2,1,2,0.5075500836144679,0.5680008361446778,0.5008333333333334
2026-02-03,2026-02-04 02:00:00,3,1,2,0.3757511588016649,0.4575115880166493,0.3666666666666667
2026-02-03,2026-02-04 03:00:00,4,1,2,0.347231856115167,0.3523185611516711,0.3466666666666665
2026-02-03,2026-02-04 04:00:00,5,1,2,0.3175820585299723,0.3708205852997237,0.3116666666666665
2026-02-03,2026-02-04 05:00:00,6,1,2,0.5571823598861986,0.4118235988619863,0.5733333333333333
2026-02-03,2026-02-04 06:00:00,7,1,2,0.42793159233092,0.4359825899758681,0.4270370370370369
2026-02-03,2026-02-04 07:00:00,8,1,2,0.4425241480921409,0.4285748142547422,0.444074074074074
2026-02-03,2026-02-04 08:00:00,9,1,2,0.4401660918865138,0.3666609188651385,0.4483333333333333
2026-02-03,2026-02-04 09:00:00,10,1,2,0.465842821863485,0.3084282186348496,0.4833333333333334
2026-02-03,2026-02-04 10:00:00,11,1,2,0.4441704788873676,0.3017047888736771,0.4599999999999999
2026-02-03,2026-02-04 11:00:00,12,1,2,0.2414761506830416,0.2422615068304155,0.2413888888888889
2026-02-03,2026-02-04 12:00:00,13,1,2,0.2076505776629697,0.2848391099630306,0.199074074074074
2026-02-03,2026-02-04 13:00:00,14,1,2,0.2119024334982064,0.3581910016487321,0.195648148148148
2026-02-03,2026-02-04 14:00:00,15,1,2,0.1889466663590173,0.344466663590173,0.1716666666666666
2026-02-03,2026-02-04 15:00:00,16,1,2,0.1498101858708439,0.3156018587084394,0.1313888888888888
2026-02-03,2026-02-04 16:00:00,17,1,2,0.1047906916331103,0.2629069163311036,0.0872222222222222
2026-02-03,2026-02-04 17:00:00,18,1,2,0.051870856119942,0.1512085611994204,0.0408333333333333
2026-02-03,2026-02-04 18:00:00,19,1,2,0.0251526286166726,0.0731929528333934,0.0198148148148148
2026-02-03,2026-02-04 19:00:00,20,1,2,0.0649286892687261,0.1392868926872612,0.0566666666666666
2026-02-03,2026-02-04 20:00:00,21,1,2,0.2854113410513537,0.2741134105135374,0.2866666666666667
2026-02-03,2026-02-04 21:00:00,22,1,2,0.3861649242970944,0.5166492429709456,0.3716666666666665
2026-02-03,2026-02-04 22:00:00,23,1,2,0.4557673321562645,0.5993399882293118,0.4398148148148148
2026-02-03,2026-02-04 23:00:00,24,1,2,0.5923600513973084,0.718600513973084,0.5783333333333333
2026-02-03,2026-02-05 00:00:00,25,2,2,0.606033373098121,0.6753337309812097,0.5983333333333333
2026-02-03,2026-02-05 01:00:00,26,2,2,0.6489295574356009,0.6359622410226746,0.6503703703703704
2026-02-03,2026-02-05 02:00:00,27,2,2,0.7234681579931505,0.8171815799315055,0.7130555555555554
2026-02-03,2026-02-05 03:00:00,28,2,2,0.7373884413843705,0.8222177471770374,0.727962962962963
2026-02-03,2026-02-05 04:00:00,29,2,2,0.8573799216338771,0.9087992163387698,0.8516666666666667
2026-02-03,2026-02-05 05:00:00,30,2,2,0.9048786104397244,0.8687861043972445,0.9088888888888887
2026-02-03,2026-02-05 06:00:00,31,2,2,0.9020384260063428,0.8803842600634281,0.9044444444444444
2026-02-03,2026-02-05 07:00:00,32,2,2,0.9137860041760978,0.8728600417609792,0.9183333333333332
2026-02-03,2026-02-05 08:00:00,33,2,2,0.9295072430064418,0.8800724300644179,0.935
2026-02-03,2026-02-05 09:00:00,34,2,2,0.9055937259208664,0.865937259208662,0.91
2026-02-03,2026-02-05 10:00:00,35,2,2,0.8914552440340683,0.8895524403406827,0.8916666666666666
2026-02-03,2026-02-05 11:00:00,36,2,2,0.9389832888656624,0.9148328886566222,0.9416666666666668
2026-02-03,2026-02-05 12:00:00,37,2,2,0.9491738347232492,0.9429883472324928,0.949861111111111
2026-02-03,2026-02-05 13:00:00,38,2,2,0.9332558472718752,0.8950584727187517,0.9375
2026-02-03,2026-02-05 14:00:00,39,2,2,0.9023787262208318,0.8487872622083187,0.9083333333333332
2026-02-03,2026-02-05 15:00:00,40,2,2,0.7343917351660088,0.8689173516600884,0.7194444444444444
2026-02-03,2026-02-05 16:00:00,41,2,2,0.6997176970908437,0.827176970908436,0.6855555555555557
2026-02-03,2026-02-05 17:00:00,42,2,2,0.7209550535525675,0.8812172021923419,0.7031481481481481
2026-02-03,2026-02-05 18:00:00,43,2,2,0.518074782956737,0.8307478295673699,0.4833333333333334
2026-02-03,2026-02-05 19:00:00,44,2,2,0.4291952539927325,0.7936192065939922,0.3887037037037036
2026-02-03,2026-02-05 20:00:00,45,2,2,0.4504907159248461,0.814907159248461,0.41
2026-02-03,2026-02-05 21:00:00,46,2,2,0.4435611080707419,0.7839444140407528,0.4057407407407406
2026-02-03,2026-02-05 22:00:00,47,2,2,0.4667931432802302,0.6329314328023029,0.4483333333333333
2026-02-03,2026-02-05 23:00:00,48,2,2,0.3671161664445518,0.5961616644455184,0.3416666666666666
2026-02-04,2026-02-05 00:00:00,1,1,1,0.7139748427006619,0.7454297690588658,0.7061111111111109
2026-02-04,2026-02-05 01:00:00,2,1,1,0.7844954907114534,0.8172922683720819,0.7762962962962963
2026-02-04,2026-02-05 02:00:00,3,1,1,0.8773919346537877,0.9039967103059756,0.8707407407407407
2026-02-04,2026-02-05 03:00:00,4,1,1,0.9061084404188678,0.9560977576498944,0.893611111111111
2026-02-04,2026-02-05 04:00:00,5,1,1,0.9254883971103672,0.9685530966629472,0.914722222222222
2026-02-04,2026-02-05 05:00:00,6,1,1,0.8990154264780021,0.9410030583159364,0.8885185185185186
2026-02-04,2026-02-05 06:00:00,7,1,1,0.938429415501768,0.9180730034347662,0.9435185185185184
2026-02-04,2026-02-05 07:00:00,8,1,1,0.9392596710099882,0.9066687254203109,0.9474074074074076
2026-02-04,2026-02-05 08:00:00,9,1,1,0.9458594926578884,0.931890055882035,0.949351851851852
2026-02-04,2026-02-05 09:00:00,10,1,1,0.9375891043463178,0.924241818027885,0.940925925925926
2026-02-04,2026-02-05 10:00:00,11,1,1,0.9319911532898756,0.9295853960790078,0.9325925925925926
2026-02-04,2026-02-05 11:00:00,12,1,1,0.9517587273254332,0.9821269699604988,0.9441666666666668
2026-02-04,2026-02-05 12:00:00,13,1,1,0.9530297432224092,0.9623709383342678,0.9506944444444444
2026-02-04,2026-02-05 13:00:00,14,1,1,0.9184242048644022,0.9536025058034924,0.9096296296296296
2026-02-04,2026-02-05 14:00:00,15,1,1,0.909117429690636,0.9500315928976252,0.8988888888888888
2026-02-04,2026-02-05 15:00:00,16,1,1,0.7421821524574087,0.8975774289537102,0.7033333333333333
2026-02-04,2026-02-05 16:00:00,17,1,1,0.6770092301091755,0.8717128172125437,0.6283333333333334
2026-02-04,2026-02-05 17:00:00,18,1,1,0.5329344920217637,0.761339126775485,0.4758333333333333
2026-02-04,2026-02-05 18:00:00,19,1,1,0.4674251093044667,0.7271255465223344,0.4024999999999997
2026-02-04,2026-02-05 19:00:00,20,1,1,0.4661596638159568,0.6757983190797845,0.4137499999999999
2026-02-04,2026-02-05 20:00:00,21,1,1,0.5016951372690119,0.7034756863450597,0.4512499999999999
2026-02-04,2026-02-05 21:00:00,22,1,1,0.4959322117266529,0.6596610586332642,0.455
2026-02-04,2026-02-05 22:00:00,23,1,1,0.3995445701109604,0.5071672949992466,0.3726388888888888
2026-02-04,2026-02-05 23:00:00,24,1,1,0.4302563072235935,0.5112815361179676,0.4099999999999999
2026-02-04,2026-02-06 00:00:00,25,2,1,0.3336179664625008,0.4403120545347265,0.3069444444444444
2026-02-04,2026-02-06 01:00:00,26,2,1,0.2940668804324172,0.4166306984583819,0.2634259259259259
2026-02-04,2026-02-06 02:00:00,27,2,1,0.2609519180329778,0.3862410716463704,0.2296296296296295
2026-02-04,2026-02-06 03:00:00,28,2,1,0.2206758958525678,0.3630091088924687,0.1850925925925926
2026-02-04,2026-02-06 04:00:00,29,2,1,0.0970292774182012,0.2747760167206359,0.0525925925925925
2026-02-04,2026-02-06 05:00:00,30,2,1,0.0717392645451002,0.1483259523551306,0.0525925925925925
2026-02-04,2026-02-06 06:00:00,31,2,1,0.5666694564348833,0.3066806155077503,0.6316666666666666
2026-02-04,2026-02-06 07:00:00,32,2,1,0.2698800242302691,0.2612519730031975,0.272037037037037
2026-02-04,2026-02-06 08:00:00,33,2,1,0.2140871297811674,0.2067319452021336,0.2159259259259259
2026-02-04,2026-02-06 09:00:00,34,2,1,0.607631751404683,0.2248254236900814,0.7033333333333333
2026-02-04,2026-02-06 10:00:00,35,2,1,0.8791665934667149,0.4684255599261665,0.981851851851852
2026-02-04,2026-02-06 11:00:00,36,2,1,0.8936240958487366,0.7492315903547934,0.9297222222222222
2026-02-04,2026-02-06 12:00:00,37,2,1,0.9365106958586632,0.8518127385525754,0.9576851851851852
2026-02-04,2026-02-06 13:00:00,38,2,1,0.9405049890771932,0.8717842046452243,0.9576851851851852
2026-02-04,2026-02-06 14:00:00,39,2,1,0.957820873941628,0.903178443782214,0.9714814814814816
2026-02-04,2026-02-06 15:00:00,40,2,1,0.9462401182165204,0.8423117021937121,0.9722222222222224
2026-02-04,2026-02-06 16:00:00,41,2,1,0.9306262090483836,0.8383162304271038,0.9537037037037036
2026-02-04,2026-02-06 17:00:00,42,2,1,0.9615304045473848,0.8832075782924804,0.981111111111111
2026-02-04,2026-02-06 18:00:00,43,2,1,0.9538752996902068,0.843450572525108,0.9814814814814816
2026-02-04,2026-02-06 19:00:00,44,2,1,0.9606838609055226,0.8878637489720573,0.9788888888888888
2026-02-04,2026-02-06 20:00:00,45,2,1,0.9766164358861108,0.9734525498009244,0.9774074074074072
2026-02-04,2026-02-06 21:00:00,46,2,1,0.9595954972770616,0.921496004903826,0.9691203703703704
2026-02-04,2026-02-06 22:00:00,47,2,1,0.9315574346782816,0.8707501363543699,0.9467592592592592
2026-02-04,2026-02-06 23:00:00,48,2,1,0.9346469297132528,0.8784198337514487,0.9487037037037036
2026-02-04,2026-02-05 00:00:00,1,1,2,0.7115307571145836,0.7361409044791686,0.7087962962962963
2026-02-04,2026-02-05 01:00:00,2,1,2,0.7720996196001095,0.8293295293344286,0.7657407407407407
2026-02-04,2026-02-05 02:00:00,3,1,2,0.8597447940571475,0.8924479405714761,0.856111111111111
2026-02-04,2026-02-05 03:00:00,4,1,2,0.8880991814380021,0.9209918143800222,0.8844444444444444
2026-02-04,2026-02-05 04:00:00,5,1,2,0.909044421007578,0.9104442100757796,0.9088888888888887
2026-02-04,2026-02-05 05:00:00,6,1,2,0.8861295851733487,0.8812958517334863,0.8866666666666667
2026-02-04,2026-02-05 06:00:00,7,1,2,0.9310454395333588,0.875454395333587,0.9372222222222224
2026-02-04,2026-02-05 07:00:00,8,1,2,0.9330611674219192,0.8806116742191913,0.9388888888888888
2026-02-04,2026-02-05 08:00:00,9,1,2,0.9330602468304844,0.8731024683048454,0.9397222222222222
2026-02-04,2026-02-05 09:00:00,10,1,2,0.9301430391634374,0.8764303916343742,0.9361111111111112
2026-02-04,2026-02-05 10:00:00,11,1,2,0.9272277855582054,0.9072778555820532,0.9294444444444444
2026-02-04,2026-02-05 11:00:00,12,1,2,0.9390558038280964,0.9530580382809656,0.9375
2026-02-04,2026-02-05 12:00:00,13,1,2,0.9367020188588446,0.8995201885884458,0.9408333333333332
2026-02-04,2026-02-05 13:00:00,14,1,2,0.9040664029606684,0.8756640296066848,0.9072222222222222
2026-02-04,2026-02-05 14:00:00,15,1,2,0.8902259394665558,0.8872593946655581,0.8905555555555555
2026-02-04,2026-02-05 15:00:00,16,1,2,0.723994568639019,0.8799456863901897,0.7066666666666667
2026-02-04,2026-02-05 16:00:00,17,1,2,0.655860539284979,0.85860539284979,0.6333333333333334
2026-02-04,2026-02-05 17:00:00,18,1,2,0.4952906342168117,0.8654063421681176,0.4541666666666666
2026-02-04,2026-02-05 18:00:00,19,1,2,0.4160007884684606,0.8150078846846076,0.3716666666666665
2026-02-04,2026-02-05 19:00:00,20,1,2,0.4229107439827231,0.7691074398272323,0.3844444444444443
2026-02-04,2026-02-05 20:00:00,21,1,2,0.4618226270294402,0.7748929369610698,0.4270370370370369
2026-02-04,2026-02-05 21:00:00,22,1,2,0.4622234139475202,0.740567472808535,0.4312962962962963
2026-02-04,2026-02-05 22:00:00,23,1,2,0.3745844793546418,0.6258447935464188,0.3466666666666665
2026-02-04,2026-02-05 23:00:00,24,1,2,0.4051943105663143,0.6302764389964768,0.3801851851851851
2026-02-04,2026-02-06 00:00:00,25,2,2,0.3160050578085134,0.5350505780851348,0.2916666666666666
2026-02-04,2026-02-06 01:00:00,26,2,2,0.272997176224535,0.4608050955786837,0.2521296296296296
2026-02-04,2026-02-06 02:00:00,27,2,2,0.2387351607884181,0.4106849412175156,0.2196296296296295
2026-02-04,2026-02-06 03:00:00,28,2,2,0.1929663374603319,0.3538300412699863,0.1750925925925925
2026-02-04,2026-02-06 04:00:00,29,2,2,0.0693861214937892,0.2421945482712255,0.0501851851851851
2026-02-04,2026-02-06 05:00:00,30,2,2,0.0596678520375358,0.1450118537086914,0.0501851851851851
2026-02-04,2026-02-06 06:00:00,31,2,2,0.6168807228480495,0.423807228480495,0.6383333333333333
2026-02-04,2026-02-06 07:00:00,32,2,2,0.2631495981415769,0.2898293147491022,0.2601851851851852
2026-02-04,2026-02-06 08:00:00,33,2,2,0.2006582058776738,0.1532487254434055,0.2059259259259259
2026-02-04,2026-02-06 09:00:00,34,2,2,0.6686800490622841,0.3268004906228408,0.7066666666666667
2026-02-04,2026-02-06 10:00:00,35,2,2,0.9203296031134298,0.4941293644676325,0.9676851851851852
2026-02-04,2026-02-06 11:00:00,36,2,2,0.906784464871423,0.7278446487142295,0.9266666666666666
2026-02-04,2026-02-06 12:00:00,37,2,2,0.9466594681479928,0.92659468147993,0.9488888888888888
2026-02-04,2026-02-06 13:00:00,38,2,2,0.9487727031176004,0.9477270311760072,0.9488888888888888
2026-02-04,2026-02-06 14:00:00,39,2,2,0.9608959830007922,0.9406264966745884,0.963148148148148
2026-02-04,2026-02-06 15:00:00,40,2,2,0.9594648629335236,0.923398629335236,0.9634722222222222
2026-02-04,2026-02-06 16:00:00,41,2,2,0.938975623548801,0.8897562354880102,0.9444444444444444
2026-02-04,2026-02-06 17:00:00,42,2,2,0.9618880445859904,0.913880445859904,0.9672222222222222
2026-02-04,2026-02-06 18:00:00,43,2,2,0.961190577018128,0.9052391035146128,0.9674074074074074
2026-02-04,2026-02-06 19:00:00,44,2,2,0.9585633611406148,0.8906336114061473,0.966111111111111
2026-02-04,2026-02-06 20:00:00,45,2,2,0.966184882899254,0.9735154956592068,0.9653703703703704
2026-02-04,2026-02-06 21:00:00,46,2,2,0.959212209734595,0.9383720973459504,0.9615277777777778
2026-02-04,2026-02-06 22:00:00,47,2,2,0.9327638941495058,0.8801389414950571,0.9386111111111112
2026-02-04,2026-02-06 23:00:00,48,2,2,0.9320299062501316,0.8652990625013154,0.9394444444444444
2026-02-05,2026-02-06 00:00:00,1,1,1,0.3530731234794576,0.4181433951750657,0.3368055555555556
2026-02-05,2026-02-06 01:00:00,2,1,1,0.2713982414583115,0.3836578739582243,0.2433333333333333
2026-02-05,2026-02-06 02:00:00,3,1,1,0.2267332534463214,0.352184785750126,0.1953703703703703
2026-02-05,2026-02-06 03:00:00,4,1,1,0.1904528110892613,0.3330047961870475,0.1548148148148148
2026-02-05,2026-02-06 04:00:00,5,1,1,0.0949356071861375,0.2746780359306878,0.05
2026-02-05,2026-02-06 05:00:00,6,1,1,0.0783525304811413,0.2017626524057067,0.0475
2026-02-05,2026-02-06 06:00:00,7,1,1,0.037207875770801,0.0964097492243756,0.0224074074074074
2026-02-05,2026-02-06 07:00:00,8,1,1,0.2995096729530974,0.2458816980988208,0.3129166666666665
2026-02-05,2026-02-06 08:00:00,9,1,1,0.4758615918176998,0.2659746257551655,0.5283333333333333
2026-02-05,2026-02-06 09:00:00,10,1,1,0.2299635999610324,0.1901883701755324,0.2399074074074074
2026-02-05,2026-02-06 10:00:00,11,1,1,0.0483629563883613,0.0684814486084735,0.0433333333333333
2026-02-05,2026-02-06 11:00:00,12,1,1,0.2364837464807694,0.2913076212927361,0.2227777777777777
2026-02-05,2026-02-06 12:00:00,13,1,1,0.7321157047830984,0.7250229683599368,0.7338888888888888
2026-02-05,2026-02-06 13:00:00,14,1,1,0.8469868291943379,0.7449341459716892,0.8725
2026-02-05,2026-02-06 14:00:00,15,1,1,0.921153881551596,0.8316953336839057,0.9435185185185184
2026-02-05,2026-02-06 15:00:00,16,1,1,0.9424667005311336,0.8534446137667785,0.9647222222222224
2026-02-05,2026-02-06 16:00:00,17,1,1,0.9508900624900344,0.8329688309686909,0.9803703703703704
2026-02-05,2026-02-06 17:00:00,18,1,1,0.9614045503431132,0.8651708998637135,0.985462962962963
2026-02-05,2026-02-06 18:00:00,19,1,1,0.9625814946636764,0.8729074733183823,0.985
2026-02-05,2026-02-06 19:00:00,20,1,1,0.9757659952668152,0.9343855318896308,0.9861111111111112
2026-02-05,2026-02-06 20:00:00,21,1,1,0.9663777263521044,0.9141108539827448,0.9794444444444445
2026-02-05,2026-02-06 21:00:00,22,1,1,0.964251708407474,0.8879252087040365,0.9833333333333334
2026-02-05,2026-02-06 22:00:00,23,1,1,0.9193003987089494,0.8661316231743766,0.9325925925925926
2026-02-05,2026-02-06 23:00:00,24,1,1,0.643563283987766,0.784483086605496,0.6083333333333334
2026-02-05,2026-02-07 00:00:00,25,2,1,0.8771710153890717,0.7577069287972102,0.907037037037037
2026-02-05,2026-02-07 01:00:00,26,2,1,0.8773841528641518,0.7491429865429815,0.9094444444444444
2026-02-05,2026-02-07 02:00:00,27,2,1,0.8017598513171121,0.6050955528818552,0.8509259259259263
2026-02-05,2026-02-07 03:00:00,28,2,1,0.6352445072496183,0.5602966103221657,0.6539814814814815
2026-02-05,2026-02-07 04:00:00,29,2,1,0.5461041041672858,0.4305205208364285,0.5750000000000001
2026-02-05,2026-02-07 05:00:00,30,2,1,0.2250013469920124,0.1927845127378399,0.2330555555555555
2026-02-05,2026-02-07 06:00:00,31,2,1,0.1299894922378102,0.1223548685964584,0.1318981481481481
2026-02-05,2026-02-07 07:00:00,32,2,1,0.0403655056967248,0.0677534544095502,0.0335185185185185
2026-02-05,2026-02-07 08:00:00,33,2,1,0.0148594776377462,0.0180010918924347,0.014074074074074
2026-02-05,2026-02-07 09:00:00,34,2,1,0.027761496572031,0.0528815569342291,0.0214814814814814
2026-02-05,2026-02-07 10:00:00,35,2,1,0.0235469875947397,0.0325497527885133,0.0212962962962962
2026-02-05,2026-02-07 11:00:00,36,2,1,0.0733999772425377,0.0788517380645405,0.072037037037037
2026-02-05,2026-02-07 12:00:00,37,2,1,0.1582002313186686,0.2576678232600097,0.1333333333333333
2026-02-05,2026-02-07 13:00:00,38,2,1,0.2136936090662494,0.2732828601460623,0.1987962962962962
2026-02-05,2026-02-07 14:00:00,39,2,1,0.1952968659219309,0.2361139592392843,0.1850925925925926
2026-02-05,2026-02-07 15:00:00,40,2,1,0.1374566738893752,0.1998759620394689,0.1218518518518518
2026-02-05,2026-02-07 16:00:00,41,2,1,0.0942150174199908,0.2036676796925471,0.0668518518518518
2026-02-05,2026-02-07 17:00:00,42,2,1,0.0347106073864137,0.0994789628579945,0.0185185185185185
2026-02-05,2026-02-07 18:00:00,43,2,1,0.1387769372638608,0.1777735752081929,0.1290277777777778
2026-02-05,2026-02-07 19:00:00,44,2,1,0.4514114831277853,0.3070574156389265,0.4874999999999999
2026-02-05,2026-02-07 20:00:00,45,2,1,0.4994637590651022,0.4306521286588441,0.5166666666666667
2026-02-05,2026-02-07 21:00:00,46,2,1,0.5638559702977218,0.5192798514886089,0.5750000000000001
2026-02-05,2026-02-07 22:00:00,47,2,1,0.7203940326265125,0.6219701631325625,0.7449999999999999
2026-02-05,2026-02-07 23:00:00,48,2,1,0.8140480137939166,0.6435734023029155,0.8566666666666668
2026-02-05,2026-02-06 00:00:00,1,1,2,0.3382547730220951,0.5325477302209515,0.3166666666666667
2026-02-05,2026-02-06 01:00:00,2,1,2,0.2580873200255721,0.4808732002557211,0.2333333333333333
2026-02-05,2026-02-06 02:00:00,3,1,2,0.2067339900827825,0.3990065674944919,0.1853703703703703
2026-02-05,2026-02-06 03:00:00,4,1,2,0.1678363211300222,0.3750298779668894,0.1448148148148148
2026-02-05,2026-02-06 04:00:00,5,1,2,0.0726156578529548,0.2911565785295487,0.0483333333333333
2026-02-05,2026-02-06 05:00:00,6,1,2,0.0603518690282584,0.1910186902825846,0.0458333333333333
2026-02-05,2026-02-06 06:00:00,7,1,2,0.0319196687402257,0.1183633540689237,0.0223148148148148
2026-02-05,2026-02-06 07:00:00,8,1,2,0.2886327935460532,0.2163279354605329,0.2966666666666666
2026-02-05,2026-02-06 08:00:00,9,1,2,0.488654726872185,0.3265472687218507,0.5066666666666666
2026-02-05,2026-02-06 09:00:00,10,1,2,0.2268857235108927,0.1996905684422606,0.2299074074074074
2026-02-05,2026-02-06 10:00:00,11,1,2,0.0455360160676381,0.0803601606763812,0.0416666666666666
2026-02-05,2026-02-06 11:00:00,12,1,2,0.2264435608895889,0.3494356088958896,0.2127777777777777
2026-02-05,2026-02-06 12:00:00,13,1,2,0.7349178107730464,0.7783447743971306,0.7300925925925926
2026-02-05,2026-02-06 13:00:00,14,1,2,0.8502526811505215,0.7775268115052153,0.8583333333333334
2026-02-05,2026-02-06 14:00:00,15,1,2,0.926487331693972,0.8298733169397182,0.9372222222222224
2026-02-05,2026-02-06 15:00:00,16,1,2,0.9525954964264234,0.9159549642642344,0.9566666666666668
2026-02-05,2026-02-06 16:00:00,17,1,2,0.9614292547423215,0.9126258807565492,0.966851851851852
2026-02-05,2026-02-06 17:00:00,18,1,2,0.9616065062867782,0.8968983962011156,0.9687962962962964
2026-02-05,2026-02-06 18:00:00,19,1,2,0.9634225288978968,0.9042252889789656,0.97
2026-02-05,2026-02-06 19:00:00,20,1,2,0.965154730123231,0.92404730123231,0.9697222222222224
2026-02-05,2026-02-06 20:00:00,21,1,2,0.9595686291706126,0.8981862917061254,0.9663888888888889
2026-02-05,2026-02-06 21:00:00,22,1,2,0.9612107272368182,0.8971072723681828,0.9683333333333332
2026-02-05,2026-02-06 22:00:00,23,1,2,0.921354316728132,0.8485431672813181,0.9294444444444444
2026-02-05,2026-02-06 23:00:00,24,1,2,0.6117683669646917,0.687683669646917,0.6033333333333334
2026-02-05,2026-02-07 00:00:00,25,2,2,0.8919222982074781,0.7892229820747815,0.9033333333333332
2026-02-05,2026-02-07 01:00:00,26,2,2,0.8904154225083384,0.7791542250833835,0.9027777777777778
2026-02-05,2026-02-07 02:00:00,27,2,2,0.8139722363405151,0.6413890300718156,0.8331481481481484
2026-02-05,2026-02-07 03:00:00,28,2,2,0.6532878470342839,0.5845451370095046,0.660925925925926
2026-02-05,2026-02-07 04:00:00,29,2,2,0.5444786181543392,0.4647861815433921,0.5533333333333333
2026-02-05,2026-02-07 05:00:00,30,2,2,0.2201533497010019,0.1940334970100189,0.2230555555555555
2026-02-05,2026-02-07 06:00:00,31,2,2,0.1222578731678048,0.1250787316780478,0.1219444444444444
2026-02-05,2026-02-07 07:00:00,32,2,2,0.0333022150831421,0.0446888174980879,0.032037037037037
2026-02-05,2026-02-07 08:00:00,33,2,2,0.0148775732533186,0.0221090658665195,0.014074074074074
2026-02-05,2026-02-07 09:00:00,34,2,2,0.0244120921148534,0.0507875878152015,0.0214814814814814
2026-02-05,2026-02-07 10:00:00,35,2,2,0.0251968674690595,0.0603020080239288,0.0212962962962962
2026-02-05,2026-02-07 11:00:00,36,2,2,0.0657534973904213,0.0808683072375465,0.064074074074074
2026-02-05,2026-02-07 12:00:00,37,2,2,0.1373113323099332,0.2631133230993321,0.1233333333333333
2026-02-05,2026-02-07 13:00:00,38,2,2,0.1995785522713962,0.296618856047296,0.1887962962962962
2026-02-05,2026-02-07 14:00:00,39,2,2,0.1813218761741967,0.2373854284086342,0.1750925925925925
2026-02-05,2026-02-07 15:00:00,40,2,2,0.1200074499671292,0.1900744996712925,0.1122222222222222
2026-02-05,2026-02-07 16:00:00,41,2,2,0.073967193838367,0.1963386050503376,0.0603703703703703
2026-02-05,2026-02-07 17:00:00,42,2,2,0.0256782384604186,0.0901157179375198,0.0185185185185185
2026-02-05,2026-02-07 18:00:00,43,2,2,0.1270681883987066,0.1981818839870664,0.1191666666666666
2026-02-05,2026-02-07 19:00:00,44,2,2,0.44852152675536,0.2927152675536009,0.4658333333333332
2026-02-05,2026-02-07 20:00:00,45,2,2,0.4972706661375223,0.517706661375223,0.495
2026-02-05,2026-02-07 21:00:00,46,2,2,0.5495043779827903,0.5150437798279031,0.5533333333333333
2026-02-05,2026-02-07 22:00:00,47,2,2,0.7265245474603585,0.6177454746035848,0.7386111111111111
2026-02-05,2026-02-07 23:00:00,48,2,2,0.8230849921275959,0.6858499212759586,0.8383333333333334
2026-02-06,2026-02-07 00:00:00,1,1,1,0.413041842368103,0.6224314340627373,0.3606944444444444
2026-02-06,2026-02-07 01:00:00,2,1,1,0.2933645891356852,0.3786747975302782,0.272037037037037
2026-02-06,2026-02-07 02:00:00,3,1,1,0.3423517455863176,0.3406476168204778,0.3427777777777775
2026-02-06,2026-02-07 03:00:00,4,1,1,0.308339385103335,0.3139191477388974,0.3069444444444444
2026-02-06,2026-02-07 04:00:00,5,1,1,0.2757413297995567,0.2561140564051904,0.2806481481481482
2026-02-06,2026-02-07 05:00:00,6,1,1,0.1078455116385927,0.1320053359707415,0.1018055555555555
2026-02-06,2026-02-07 06:00:00,7,1,1,0.0449869353895412,0.0782680102810393,0.0366666666666666
2026-02-06,2026-02-07 07:00:00,8,1,1,0.0139206275791956,0.0118253601182004,0.0144444444444444
2026-02-06,2026-02-07 08:00:00,9,1,1,0.0111551727807141,0.0068869750146818,0.0122222222222222
2026-02-06,2026-02-07 09:00:00,10,1,1,0.0217805330652027,0.0400137764371249,0.0172222222222222
2026-02-06,2026-02-07 10:00:00,11,1,1,0.0741639156586953,0.1241529116268103,0.0616666666666666
2026-02-06,2026-02-07 11:00:00,12,1,1,0.2745557263836043,0.3650008541402438,0.2519444444444444
2026-02-06,2026-02-07 12:00:00,13,1,1,0.3438624966999857,0.395979150166596,0.3308333333333332
2026-02-06,2026-02-07 13:00:00,14,1,1,0.2984090759586185,0.2403787131264264,0.3129166666666665
2026-02-06,2026-02-07 14:00:00,15,1,1,0.2188088143580908,0.2714514791978618,0.205648148148148
2026-02-06,2026-02-07 15:00:00,16,1,1,0.0993659736129686,0.1579409791759545,0.0847222222222222
2026-02-06,2026-02-07 16:00:00,17,1,1,0.0421585474984383,0.0885705152699693,0.0305555555555555
2026-02-06,2026-02-07 17:00:00,18,1,1,0.0521589378317851,0.211165059529296,0.0124074074074074
2026-02-06,2026-02-07 18:00:00,19,1,1,0.2011949521648974,0.2244932793430059,0.1953703703703703
2026-02-06,2026-02-07 19:00:00,20,1,1,0.5489818172873419,0.404909086436709,0.5850000000000001
2026-02-06,2026-02-07 20:00:00,21,1,1,0.7153952147767715,0.585864962772746,0.7477777777777778
2026-02-06,2026-02-07 21:00:00,22,1,1,0.861858192996317,0.7137354094260294,0.8988888888888888
2026-02-06,2026-02-07 22:00:00,23,1,1,0.8907077278886556,0.7957608616655003,0.9144444444444444
2026-02-06,2026-02-07 23:00:00,24,1,1,0.881494200825243,0.8378413744965852,0.8924074074074074
2026-02-06,2026-02-08 00:00:00,25,2,1,0.8688046886418282,0.7062456654313637,0.9094444444444444
2026-02-06,2026-02-08 01:00:00,26,2,1,0.7836449549367072,0.6522988487576099,0.8164814814814815
2026-02-06,2026-02-08 02:00:00,27,2,1,0.8313908169179506,0.6880651957008639,0.8672222222222222
2026-02-06,2026-02-08 03:00:00,28,2,1,0.8333255213310357,0.6836646436922148,0.8707407407407407
2026-02-06,2026-02-08 04:00:00,29,2,1,0.7409330004653475,0.6683687060304421,0.7590740740740738
2026-02-06,2026-02-08 05:00:00,30,2,1,0.5216523530006787,0.4715950983367267,0.5341666666666667
2026-02-06,2026-02-08 06:00:00,31,2,1,0.4487651331647913,0.423825665823956,0.455
2026-02-06,2026-02-08 07:00:00,32,2,1,0.3433876228885476,0.2741603366649605,0.3606944444444444
2026-02-06,2026-02-08 08:00:00,33,2,1,0.2790547918185851,0.2611998850188517,0.2835185185185184
2026-02-06,2026-02-08 09:00:00,34,2,1,0.1761855770045907,0.1864834405785093,0.173611111111111
2026-02-06,2026-02-08 10:00:00,35,2,1,0.0827391177548122,0.1203622554407276,0.0733333333333333
2026-02-06,2026-02-08 11:00:00,36,2,1,0.0274488404389283,0.0527997577501974,0.0211111111111111
2026-02-06,2026-02-08 12:00:00,37,2,1,0.0259385622212172,0.0704335518468268,0.0148148148148148
2026-02-06,2026-02-08 13:00:00,38,2,1,0.0296108094487371,0.0687947879844265,0.0198148148148148
2026-02-06,2026-02-08 14:00:00,39,2,1,0.1410942941938819,0.2352862857842244,0.1175462962962963
2026-02-06,2026-02-08 15:00:00,40,2,1,0.5229119009056917,0.6645595045284587,0.4874999999999999
2026-02-06,2026-02-08 16:00:00,41,2,1,0.8635712670845183,0.8700785576448126,0.8619444444444446
2026-02-06,2026-02-08 17:00:00,42,2,1,0.9138929584915748,0.9527981257912068,0.9041666666666666
2026-02-06,2026-02-08 18:00:00,43,2,1,0.9053566955575176,0.9504871814912912,0.894074074074074
2026-02-06,2026-02-08 19:00:00,44,2,1,0.9456423050006136,0.967100413891956,0.9402777777777778
2026-02-06,2026-02-08 20:00:00,45,2,1,0.9511443866299866,0.976462673890673,0.9448148148148148
2026-02-06,2026-02-08 21:00:00,46,2,1,0.9501753748311852,0.9768028000818514,0.9435185185185184
2026-02-06,2026-02-08 22:00:00,47,2,1,0.9527900071604932,0.9630241098765396,0.9502314814814816
2026-02-06,2026-02-08 23:00:00,48,2,1,0.9558818832292596,0.9655205272574092,0.9534722222222222
2026-02-06,2026-02-07 00:00:00,1,1,2,0.3652294231594799,0.6222942315948,0.3366666666666666
2026-02-06,2026-02-07 01:00:00,2,1,2,0.2759512599885279,0.4178459332186122,0.2601851851851852
2026-02-06,2026-02-07 02:00:00,3,1,2,0.3213948571718138,0.318948571718139,0.3216666666666665
2026-02-06,2026-02-07 03:00:00,4,1,2,0.2931166146133782,0.3061661461337823,0.2916666666666666
2026-02-06,2026-02-07 04:00:00,5,1,2,0.2726553699838494,0.3123870331718274,0.2682407407407408
2026-02-06,2026-02-07 05:00:00,6,1,2,0.0944699806614128,0.1096998066141286,0.0927777777777777
2026-02-06,2026-02-07 06:00:00,7,1,2,0.0358798257355954,0.0437982573559541,0.0349999999999999
2026-02-06,2026-02-07 07:00:00,8,1,2,0.013,0.0,0.0144444444444444
2026-02-06,2026-02-07 08:00:00,9,1,2,0.0121315731607668,0.0113157316076685,0.0122222222222222
2026-02-06,2026-02-07 09:00:00,10,1,2,0.0196684660243968,0.0416846602439686,0.0172222222222222
2026-02-06,2026-02-07 10:00:00,11,1,2,0.0634686073178114,0.1246860731781144,0.0566666666666666
2026-02-06,2026-02-07 11:00:00,12,1,2,0.2552020273706213,0.3795202737062128,0.2413888888888889
2026-02-06,2026-02-07 12:00:00,13,1,2,0.3267871480102831,0.4628714801028315,0.3116666666666665
2026-02-06,2026-02-07 13:00:00,14,1,2,0.3011855789428249,0.341855789428249,0.2966666666666666
2026-02-06,2026-02-07 14:00:00,15,1,2,0.2068378281590269,0.3075449482569367,0.195648148148148
2026-02-06,2026-02-07 15:00:00,16,1,2,0.0838989927528841,0.153989927528842,0.0761111111111111
2026-02-06,2026-02-07 16:00:00,17,1,2,0.0347122599488479,0.0821225994884793,0.0294444444444444
2026-02-06,2026-02-07 17:00:00,18,1,2,0.0356980527026588,0.2453138603599218,0.0124074074074074
2026-02-06,2026-02-07 18:00:00,19,1,2,0.191199900789826,0.2436656745649267,0.1853703703703703
2026-02-06,2026-02-07 19:00:00,20,1,2,0.5538121179912987,0.4231211799129868,0.5683333333333334
2026-02-06,2026-02-07 20:00:00,21,1,2,0.724286215170554,0.5761954850388741,0.7407407407407407
2026-02-06,2026-02-07 21:00:00,22,1,2,0.8756088160463288,0.741088160463288,0.8905555555555555
2026-02-06,2026-02-07 22:00:00,23,1,2,0.8999949138818389,0.8099491388183887,0.91
2026-02-06,2026-02-07 23:00:00,24,1,2,0.8858414059730078,0.8434140597300773,0.8905555555555555
2026-02-06,2026-02-08 00:00:00,25,2,2,0.8897090673416399,0.7720906734163993,0.9027777777777778
2026-02-06,2026-02-08 01:00:00,26,2,2,0.7922341170957086,0.7040078376237523,0.802037037037037
2026-02-06,2026-02-08 02:00:00,27,2,2,0.8396007429500223,0.7310074295002221,0.8516666666666667
2026-02-06,2026-02-08 03:00:00,28,2,2,0.8410431148155748,0.7054311481557479,0.856111111111111
2026-02-06,2026-02-08 04:00:00,29,2,2,0.7413671294322902,0.6620046276562377,0.750185185185185
2026-02-06,2026-02-08 05:00:00,30,2,2,0.5095730711076891,0.4832307110768908,0.5125
2026-02-06,2026-02-08 06:00:00,31,2,2,0.4337495223493008,0.4558285568263415,0.4312962962962963
2026-02-06,2026-02-08 07:00:00,32,2,2,0.3349984947133282,0.3199849471332833,0.3366666666666666
2026-02-06,2026-02-08 08:00:00,33,2,2,0.2676588334011298,0.2382550006779654,0.2709259259259259
2026-02-06,2026-02-08 09:00:00,34,2,2,0.1684782900912485,0.212282900912486,0.163611111111111
2026-02-06,2026-02-08 10:00:00,35,2,2,0.0742788366123816,0.1577883661238169,0.065
2026-02-06,2026-02-08 11:00:00,36,2,2,0.025356562901752,0.0635656290175204,0.0211111111111111
2026-02-06,2026-02-08 12:00:00,37,2,2,0.0183474330883144,0.0501409975498111,0.0148148148148148
2026-02-06,2026-02-08 13:00:00,38,2,2,0.0249427284386583,0.0710939510532497,0.0198148148148148
2026-02-06,2026-02-08 14:00:00,39,2,2,0.1212806078703523,0.2403060787035235,0.1080555555555555
2026-02-06,2026-02-08 15:00:00,40,2,2,0.4881419954959376,0.6889199549593769,0.4658333333333332
2026-02-06,2026-02-08 16:00:00,41,2,2,0.8467129073569685,0.8621290735696842,0.8450000000000001
2026-02-06,2026-02-08 17:00:00,42,2,2,0.9002485601556129,0.9324856015561293,0.8966666666666667
2026-02-06,2026-02-08 18:00:00,43,2,2,0.8965422585509446,0.9404225855094456,0.8916666666666666
2026-02-06,2026-02-08 19:00:00,44,2,2,0.9386769710358996,0.964269710358995,0.9358333333333334
2026-02-06,2026-02-08 20:00:00,45,2,2,0.9423568262526104,0.983568262526104,0.9377777777777776
2026-02-06,2026-02-08 21:00:00,46,2,2,0.9384047177351268,0.949047177351268,0.9372222222222224
2026-02-06,2026-02-08 22:00:00,47,2,2,0.9428862062016656,0.9663620620166572,0.9402777777777778
2026-02-06,2026-02-08 23:00:00,48,2,2,0.942681454684795,0.9293145468479496,0.9441666666666666
2026-02-07,2026-02-08 00:00:00,1,1,1,0.9274146557709824,0.8759621677438009,0.9402777777777778
2026-02-07,2026-02-08 01:00:00,2,1,1,0.9225165623701528,0.8822124414803926,0.9325925925925926
2026-02-07,2026-02-08 02:00:00,3,1,1,0.8805921385400537,0.745182914922491,0.9144444444444444
2026-02-07,2026-02-08 03:00:00,4,1,1,0.8264007140442853,0.6912628294806852,0.8601851851851853
2026-02-07,2026-02-08 04:00:00,5,1,1,0.6803001782110076,0.6489082984624454,0.6881481481481482
2026-02-07,2026-02-08 05:00:00,6,1,1,0.605109332342888,0.4988799950477732,0.6316666666666666
2026-02-07,2026-02-08 06:00:00,7,1,1,0.5580811166466962,0.4370722499001474,0.5883333333333334
2026-02-07,2026-02-08 07:00:00,8,1,1,0.4114054571513785,0.3120272857568928,0.4362499999999999
2026-02-07,2026-02-08 08:00:00,9,1,1,0.1725325638623022,0.1222924489411409,0.1850925925925926
2026-02-07,2026-02-08 09:00:00,10,1,1,0.067031985855944,0.0573821515019423,0.0694444444444444
2026-02-07,2026-02-08 10:00:00,11,1,1,0.0366381536951185,0.0331907684755928,0.0375
2026-02-07,2026-02-08 11:00:00,12,1,1,0.0291180366434355,0.0411457387727332,0.0261111111111111
2026-02-07,2026-02-08 12:00:00,13,1,1,0.0166705840030365,0.018908475570738,0.0161111111111111
2026-02-07,2026-02-08 13:00:00,14,1,1,0.0187805271649553,0.0420507839729248,0.0129629629629629
2026-02-07,2026-02-08 14:00:00,15,1,1,0.0888187548597193,0.2540937742985968,0.0475
2026-02-07,2026-02-08 15:00:00,16,1,1,0.3637219046566455,0.6730539677276721,0.2863888888888889
2026-02-07,2026-02-08 16:00:00,17,1,1,0.7528746355547515,0.9288176222182024,0.7088888888888888
2026-02-07,2026-02-08 17:00:00,18,1,1,0.920801081262868,0.9832646655735994,0.9051851851851852
2026-02-07,2026-02-08 18:00:00,19,1,1,0.9105649565710994,0.9691210791517924,0.895925925925926
2026-02-07,2026-02-08 19:00:00,20,1,1,0.9409287859290668,0.9742735592749626,0.9325925925925926
2026-02-07,2026-02-08 20:00:00,21,1,1,0.9504346605007046,0.9729140432442628,0.9448148148148148
2026-02-07,2026-02-08 21:00:00,22,1,1,0.955782765998672,0.9815064225859524,0.949351851851852
2026-02-07,2026-02-08 22:00:00,23,1,1,0.9567990615476974,0.9710323447755242,0.9532407407407408
2026-02-07,2026-02-08 23:00:00,24,1,1,0.9570123316986554,0.9758023992340178,0.9523148148148148
2026-02-07,2026-02-09 00:00:00,25,2,1,0.9515714300808468,0.952301594848678,0.951388888888889
2026-02-07,2026-02-09 01:00:00,26,2,1,0.9539245103303328,0.9677706997998108,0.9504629629629632
2026-02-07,2026-02-09 02:00:00,27,2,1,0.95595548152141,0.9760737039033456,0.950925925925926
2026-02-07,2026-02-09 03:00:00,28,2,1,0.9451096677077908,0.9488816718722874,0.9441666666666668
2026-02-07,2026-02-09 04:00:00,29,2,1,0.93760564828006,0.8871023154743731,0.9502314814814816
2026-02-07,2026-02-09 05:00:00,30,2,1,0.8907587188386945,0.8497195201193977,0.9010185185185186
2026-02-07,2026-02-09 06:00:00,31,2,1,0.8918528074011152,0.8533381110796494,0.9014814814814816
2026-02-07,2026-02-09 07:00:00,32,2,1,0.8971243953341089,0.8478441988927671,0.9094444444444444
2026-02-07,2026-02-09 08:00:00,33,2,1,0.8834381250928098,0.8638572921307155,0.8883333333333333
2026-02-07,2026-02-09 09:00:00,34,2,1,0.8968467012506537,0.909789061808824,0.893611111111111
2026-02-07,2026-02-09 10:00:00,35,2,1,0.8001778332955851,0.8957039812927402,0.7762962962962963
2026-02-07,2026-02-09 11:00:00,36,2,1,0.872175151291448,0.9801350157164976,0.8451851851851854
2026-02-07,2026-02-09 12:00:00,37,2,1,0.887073469581303,0.9805525330916998,0.8637037037037038
2026-02-07,2026-02-09 13:00:00,38,2,1,0.8258109053346804,0.9320174896363635,0.7992592592592596
2026-02-07,2026-02-09 14:00:00,39,2,1,0.8910745398818949,0.9794467734835478,0.8689814814814816
2026-02-07,2026-02-09 15:00:00,40,2,1,0.9092592592592592,1.0,0.886574074074074
2026-02-07,2026-02-09 16:00:00,41,2,1,0.8980000000000001,1.0,0.8725
2026-02-07,2026-02-09 17:00:00,42,2,1,0.9106666666666668,1.0,0.8883333333333333
2026-02-07,2026-02-09 18:00:00,43,2,1,0.8026666666666666,1.0,0.7533333333333333
2026-02-07,2026-02-09 19:00:00,44,2,1,0.7141709142552358,0.9245582749798824,0.6615740740740741
2026-02-07,2026-02-09 20:00:00,45,2,1,0.4543815202176823,0.6619076010884125,0.4024999999999997
2026-02-07,2026-02-09 21:00:00,46,2,1,0.1439040806439291,0.441742625441868,0.0694444444444444
2026-02-07,2026-02-09 22:00:00,47,2,1,0.0666244875550576,0.2657150303678808,0.0168518518518518
2026-02-07,2026-02-09 23:00:00,48,2,1,0.0864169042240845,0.3676400766759782,0.0161111111111111
2026-02-07,2026-02-08 00:00:00,1,1,2,0.9317405663486948,0.8949056634869472,0.9358333333333334
2026-02-07,2026-02-08 01:00:00,2,1,2,0.921101710064879,0.8460171006487885,0.9294444444444444
2026-02-07,2026-02-08 02:00:00,3,1,2,0.8945218815651224,0.7552188156512224,0.91
2026-02-07,2026-02-08 03:00:00,4,1,2,0.8270955005183028,0.6859550051830272,0.8427777777777778
2026-02-07,2026-02-08 04:00:00,5,1,2,0.6853150380601228,0.6198170472678945,0.6925925925925926
2026-02-07,2026-02-08 05:00:00,6,1,2,0.6253591352642593,0.5085913526425928,0.6383333333333333
2026-02-07,2026-02-08 06:00:00,7,1,2,0.5560243418539756,0.4002434185397578,0.5733333333333333
2026-02-07,2026-02-08 07:00:00,8,1,2,0.4013976669902602,0.3239766699026022,0.41
2026-02-07,2026-02-08 08:00:00,9,1,2,0.1711927250798619,0.1360939174652864,0.1750925925925925
2026-02-07,2026-02-08 09:00:00,10,1,2,0.0641166139777059,0.0811661397770594,0.0622222222222222
2026-02-07,2026-02-08 10:00:00,11,1,2,0.0378111943514341,0.0556119435143412,0.0358333333333333
2026-02-07,2026-02-08 11:00:00,12,1,2,0.0270981236761821,0.0409812367618211,0.0255555555555555
2026-02-07,2026-02-08 12:00:00,13,1,2,0.0174604063063624,0.0296040630636246,0.0161111111111111
2026-02-07,2026-02-08 13:00:00,14,1,2,0.0147950678820477,0.0312840121538107,0.0129629629629629
2026-02-07,2026-02-08 14:00:00,15,1,2,0.0639352021131275,0.2268520211312753,0.0458333333333333
2026-02-07,2026-02-08 15:00:00,16,1,2,0.3119928389519006,0.6574283895190058,0.2736111111111111
2026-02-07,2026-02-08 16:00:00,17,1,2,0.7327189471301796,0.9288561379684626,0.710925925925926
2026-02-07,2026-02-08 17:00:00,18,1,2,0.9080067237909552,0.965067237909552,0.9016666666666666
2026-02-07,2026-02-08 18:00:00,19,1,2,0.9006793856581097,0.966793856581096,0.8933333333333334
2026-02-07,2026-02-08 19:00:00,20,1,2,0.9338364394883653,0.97336439488365,0.9294444444444444
2026-02-07,2026-02-08 20:00:00,21,1,2,0.9381364927303898,0.9413649273038984,0.9377777777777776
2026-02-07,2026-02-08 21:00:00,22,1,2,0.9398344249302087,0.9408442493020892,0.9397222222222222
2026-02-07,2026-02-08 22:00:00,23,1,2,0.944678679012584,0.9517867901258394,0.9438888888888888
2026-02-07,2026-02-08 23:00:00,24,1,2,0.9428126411433386,0.9431264114333868,0.9427777777777776
2026-02-07,2026-02-09 00:00:00,25,2,2,0.9388610095745916,0.9136100957459168,0.9416666666666668
2026-02-07,2026-02-09 01:00:00,26,2,2,0.9398251954025574,0.9332519540255748,0.9405555555555556
2026-02-07,2026-02-09 02:00:00,27,2,2,0.9425501646013492,0.955501646013492,0.941111111111111
2026-02-07,2026-02-09 03:00:00,28,2,2,0.9328255748637558,0.8907557486375584,0.9375
2026-02-07,2026-02-09 04:00:00,29,2,2,0.936749969880641,0.9049996988064092,0.9402777777777778
2026-02-07,2026-02-09 05:00:00,30,2,2,0.8990203517365232,0.9002035173652313,0.898888888888889
2026-02-07,2026-02-09 06:00:00,31,2,2,0.897739957047838,0.8923995704783797,0.8983333333333334
2026-02-07,2026-02-09 07:00:00,32,2,2,0.9005867476183206,0.8808674761832054,0.9027777777777778
2026-02-07,2026-02-09 08:00:00,33,2,2,0.8724365182136284,0.8193651821362845,0.8783333333333333
2026-02-07,2026-02-09 09:00:00,34,2,2,0.8831201253462115,0.8712012534621165,0.8844444444444444
2026-02-07,2026-02-09 10:00:00,35,2,2,0.7872023637009897,0.98035697034323,0.7657407407407407
2026-02-07,2026-02-09 11:00:00,36,2,2,0.8451666666666667,1.0,0.827962962962963
2026-02-07,2026-02-09 12:00:00,37,2,2,0.8623624613034867,0.9986246130348676,0.8472222222222222
2026-02-07,2026-02-09 13:00:00,38,2,2,0.8078333333333335,1.0,0.7864814814814817
2026-02-07,2026-02-09 14:00:00,39,2,2,0.8645410635014135,0.9604106350141336,0.8538888888888889
2026-02-07,2026-02-09 15:00:00,40,2,2,0.8885,1.0,0.8761111111111111
2026-02-07,2026-02-09 16:00:00,41,2,2,0.8725,1.0,0.8583333333333334
2026-02-07,2026-02-09 17:00:00,42,2,2,0.8905,1.0,0.8783333333333333
2026-02-07,2026-02-09 18:00:00,43,2,2,0.7705,1.0,0.745
2026-02-07,2026-02-09 19:00:00,44,2,2,0.7011666666666668,1.0,0.6679629629629631
2026-02-07,2026-02-09 20:00:00,45,2,2,0.4110598385014131,0.7655983850141331,0.3716666666666665
2026-02-07,2026-02-09 21:00:00,46,2,2,0.1161883646139587,0.6018836461395872,0.0622222222222222
2026-02-07,2026-02-09 22:00:00,47,2,2,0.0536984507333325,0.385317840666659,0.0168518518518518
2026-02-07,2026-02-09 23:00:00,48,2,2,0.062139949699096,0.4763994969909607,0.0161111111111111
2026-02-08,2026-02-09 00:00:00,1,1,1,0.9471669964254718,0.9487979450903212,0.9467592592592592
2026-02-08,2026-02-09 01:00:00,2,1,1,0.9541220815278032,0.9678326298612376,0.9506944444444444
2026-02-08,2026-02-09 02:00:00,3,1,1,0.9541444178847568,0.97849986720156,0.9480555555555557
2026-02-08,2026-02-09 03:00:00,4,1,1,0.9565251786132412,0.9752184856587984,0.9518518518518518
2026-02-08,2026-02-09 04:00:00,5,1,1,0.9383850053716788,0.9256287305620984,0.941574074074074
2026-02-08,2026-02-09 05:00:00,6,1,1,0.9003647742439664,0.8514535008494624,0.9125925925925924
2026-02-08,2026-02-09 06:00:00,7,1,1,0.8777704993409847,0.8566302744827008,0.8830555555555556
2026-02-08,2026-02-09 07:00:00,8,1,1,0.8717476967649249,0.8405903356764767,0.879537037037037
2026-02-08,2026-02-09 08:00:00,9,1,1,0.8664969273135308,0.8706327847158015,0.8654629629629631
2026-02-08,2026-02-09 09:00:00,10,1,1,0.8247641013208842,0.8808575436414584,0.8107407407407405
2026-02-08,2026-02-09 10:00:00,11,1,1,0.884559277389953,0.9750186091719864,0.8619444444444446
2026-02-08,2026-02-09 11:00:00,12,1,1,0.9058099787767953,0.9968276716617536,0.8830555555555556
2026-02-08,2026-02-09 12:00:00,13,1,1,0.9162962962962962,1.0,0.8953703703703703
2026-02-08,2026-02-09 13:00:00,14,1,1,0.890962962962963,1.0,0.8637037037037038
2026-02-08,2026-02-09 14:00:00,15,1,1,0.9106666666666668,1.0,0.8883333333333333
2026-02-08,2026-02-09 15:00:00,16,1,1,0.8338597260102132,0.9952245559769912,0.7935185185185186
2026-02-08,2026-02-09 16:00:00,17,1,1,0.857777777777778,1.0,0.8222222222222224
2026-02-08,2026-02-09 17:00:00,18,1,1,0.6873167108789611,0.923250221061472,0.6283333333333334
2026-02-08,2026-02-09 18:00:00,19,1,1,0.523285674330342,0.8564283716517106,0.4399999999999998
2026-02-08,2026-02-09 19:00:00,20,1,1,0.3020288404555433,0.6053293874629019,0.2262037037037037
2026-02-08,2026-02-09 20:00:00,21,1,1,0.1776569027970117,0.5114326621332068,0.0942129629629629
2026-02-08,2026-02-09 21:00:00,22,1,1,0.1037141781663528,0.3874597797206531,0.0327777777777777
2026-02-08,2026-02-09 22:00:00,23,1,1,0.0760596997257073,0.2973355356655735,0.0207407407407407
2026-02-08,2026-02-09 23:00:00,24,1,1,0.0839238275715286,0.3122117304502359,0.0268518518518518
2026-02-08,2026-02-10 00:00:00,25,2,1,0.1125657416957586,0.3213472269973116,0.0603703703703703
2026-02-08,2026-02-10 01:00:00,26,2,1,0.139015309862253,0.3334098826445986,0.0904166666666666
2026-02-08,2026-02-10 02:00:00,27,2,1,0.1357332300075681,0.2866291130008033,0.0980092592592592
2026-02-08,2026-02-10 03:00:00,28,2,1,0.1558182849323182,0.3031654987356649,0.1189814814814815
2026-02-08,2026-02-10 04:00:00,29,2,1,0.1807541207831454,0.2845113446564681,0.1548148148148148
2026-02-08,2026-02-10 05:00:00,30,2,1,0.1857724753146351,0.341825339536139,0.1467592592592592
2026-02-08,2026-02-10 06:00:00,31,2,1,0.3191392833636076,0.4960667871884082,0.2749074074074074
2026-02-08,2026-02-10 07:00:00,32,2,1,0.0929290480166123,0.1868674623052836,0.0694444444444444
2026-02-08,2026-02-10 08:00:00,33,2,1,0.2561251514725077,0.3072924240292051,0.2433333333333333
2026-02-08,2026-02-10 09:00:00,34,2,1,0.0740558563605657,0.1443533558769028,0.0564814814814814
2026-02-08,2026-02-10 10:00:00,35,2,1,0.1953172897615257,0.2225123747335545,0.1885185185185185
2026-02-08,2026-02-10 11:00:00,36,2,1,0.0687637849107392,0.1386337393685111,0.0512962962962963
2026-02-08,2026-02-10 12:00:00,37,2,1,0.2002430404262498,0.2745485354645824,0.1816666666666666
2026-02-08,2026-02-10 13:00:00,38,2,1,0.5407629713185014,0.4971481899258396,0.5516666666666667
2026-02-08,2026-02-10 14:00:00,39,2,1,0.2179754278721968,0.39543269491654,0.173611111111111
2026-02-08,2026-02-10 15:00:00,40,2,1,0.2472930577816998,0.5097986222418326,0.1816666666666666
2026-02-08,2026-02-10 16:00:00,41,2,1,0.3331797602456278,0.6236765790059172,0.2605555555555555
2026-02-08,2026-02-10 17:00:00,42,2,1,0.1609605742619644,0.3748028713098223,0.1075
2026-02-08,2026-02-10 18:00:00,43,2,1,0.1587588328744983,0.2891645347428619,0.1261574074074073
2026-02-08,2026-02-10 19:00:00,44,2,1,0.0991831322928352,0.3125823281308428,0.0458333333333333
2026-02-08,2026-02-10 20:00:00,45,2,1,0.571874049938321,0.4527035830249382,0.6016666666666667
2026-02-08,2026-02-10 21:00:00,46,2,1,0.5976999624287629,0.5018331454771477,0.6216666666666666
2026-02-08,2026-02-10 22:00:00,47,2,1,0.6793366495679842,0.4611276922843658,0.7338888888888888
2026-02-08,2026-02-10 23:00:00,48,2,1,0.9291918332530508,0.8394776847837723,0.9516203703703704
2026-02-08,2026-02-09 00:00:00,1,1,2,0.9383670494565088,0.9361704945650876,0.9386111111111112
2026-02-08,2026-02-09 01:00:00,2,1,2,0.942694462735136,0.9594446273513608,0.9408333333333332
2026-02-08,2026-02-09 02:00:00,3,1,2,0.9365407718939378,0.9129077189393792,0.9391666666666666
2026-02-08,2026-02-09 03:00:00,4,1,2,0.9380014241240044,0.9000142412400444,0.9422222222222222
2026-02-08,2026-02-09 04:00:00,5,1,2,0.9386120266196798,0.958620266196797,0.9363888888888888
2026-02-08,2026-02-09 05:00:00,6,1,2,0.9070098860698016,0.8950988606980169,0.9083333333333332
2026-02-08,2026-02-09 06:00:00,7,1,2,0.8735944416908832,0.8909444169088309,0.8716666666666667
2026-02-08,2026-02-09 07:00:00,8,1,2,0.8646747041090695,0.8417470410906961,0.8672222222222222
2026-02-08,2026-02-09 08:00:00,9,1,2,0.8439522300185996,0.7945223001859959,0.8494444444444444
2026-02-08,2026-02-09 09:00:00,10,1,2,0.8017676421115323,0.8460097544486579,0.7968518518518517
2026-02-08,2026-02-09 10:00:00,11,1,2,0.8603325061411737,0.9983250614117368,0.8450000000000001
2026-02-08,2026-02-09 11:00:00,12,1,2,0.8845000000000001,1.0,0.8716666666666667
2026-02-08,2026-02-09 12:00:00,13,1,2,0.8978333333333333,1.0,0.8864814814814814
2026-02-08,2026-02-09 13:00:00,14,1,2,0.8624999999999999,1.0,0.8472222222222222
2026-02-08,2026-02-09 14:00:00,15,1,2,0.8903662304037214,0.9986623040372145,0.8783333333333333
2026-02-08,2026-02-09 15:00:00,16,1,2,0.799717648104975,0.9655098143830833,0.7812962962962964
2026-02-08,2026-02-09 16:00:00,17,1,2,0.8265000000000001,1.0,0.8072222222222224
2026-02-08,2026-02-09 17:00:00,18,1,2,0.6677043790858855,0.9770437908588544,0.6333333333333334
2026-02-08,2026-02-09 18:00:00,19,1,2,0.4689528697322528,0.961195363989196,0.4142592592592591
2026-02-08,2026-02-09 19:00:00,20,1,2,0.2780821087205511,0.8349877538721774,0.2162037037037037
2026-02-08,2026-02-09 20:00:00,21,1,2,0.1371857789945939,0.6035244566126061,0.0853703703703703
2026-02-08,2026-02-09 21:00:00,22,1,2,0.0806765735808557,0.5242657358085577,0.0313888888888888
2026-02-08,2026-02-09 22:00:00,23,1,2,0.0662193623128941,0.475526956462275,0.0207407407407407
2026-02-08,2026-02-09 23:00:00,24,1,2,0.0692157338063431,0.4563240047300984,0.0262037037037037
2026-02-08,2026-02-10 00:00:00,25,2,2,0.095799389115114,0.4563272244844737,0.0557407407407407
2026-02-08,2026-02-10 01:00:00,26,2,2,0.1208212350355714,0.4732123503557141,0.0816666666666666
2026-02-08,2026-02-10 02:00:00,27,2,2,0.1248189330034392,0.4465226633677261,0.089074074074074
2026-02-08,2026-02-10 03:00:00,28,2,2,0.1372619531019915,0.3876195310199155,0.1094444444444444
2026-02-08,2026-02-10 04:00:00,29,2,2,0.1619450104460427,0.3161167711270943,0.1448148148148148
2026-02-08,2026-02-10 05:00:00,30,2,2,0.158766268662745,0.3568293532941178,0.1367592592592592
2026-02-08,2026-02-10 06:00:00,31,2,2,0.2951320100186547,0.5854867668532133,0.2628703703703703
2026-02-08,2026-02-10 07:00:00,32,2,2,0.0860038788676603,0.3000387886766028,0.0622222222222222
2026-02-08,2026-02-10 08:00:00,33,2,2,0.2480978999983239,0.3809789999832397,0.2333333333333333
2026-02-08,2026-02-10 09:00:00,34,2,2,0.0739875030142298,0.2632083634756315,0.0529629629629629
2026-02-08,2026-02-10 10:00:00,35,2,2,0.1948186455901948,0.3415197892352818,0.1785185185185185
2026-02-08,2026-02-10 11:00:00,36,2,2,0.0664434172689127,0.2211008393557944,0.0492592592592592
2026-02-08,2026-02-10 12:00:00,37,2,2,0.1892770698634202,0.3477706986342022,0.1716666666666666
2026-02-08,2026-02-10 13:00:00,38,2,2,0.5340687248013148,0.5706872480131483,0.53
2026-02-08,2026-02-10 14:00:00,39,2,2,0.1925780923471775,0.4532809234717762,0.163611111111111
2026-02-08,2026-02-10 15:00:00,40,2,2,0.2171443207214213,0.6264432072142134,0.1716666666666666
2026-02-08,2026-02-10 16:00:00,41,2,2,0.2852450807146698,0.6074508071466983,0.2494444444444443
2026-02-08,2026-02-10 17:00:00,42,2,2,0.1335131001855559,0.4501310018555595,0.0983333333333333
2026-02-08,2026-02-10 18:00:00,43,2,2,0.1467923177438517,0.420423177438517,0.1163888888888888
2026-02-08,2026-02-10 19:00:00,44,2,2,0.0836313756386297,0.4388137563862976,0.0441666666666666
2026-02-08,2026-02-10 20:00:00,45,2,2,0.5791996711003966,0.4519967110039661,0.5933333333333334
2026-02-08,2026-02-10 21:00:00,46,2,2,0.6113197712346115,0.5031977123461148,0.6233333333333333
2026-02-08,2026-02-10 22:00:00,47,2,2,0.7118987306085811,0.5481539727524778,0.7300925925925926
2026-02-08,2026-02-10 23:00:00,48,2,2,0.9428033119476996,0.9505331194769986,0.9419444444444444
2026-02-09,2026-02-10 00:00:00,1,1,1,0.1028043820339262,0.2984663546140756,0.0538888888888888
2026-02-09,2026-02-10 01:00:00,2,1,1,0.066984058363032,0.203809180704049,0.0327777777777777
2026-02-09,2026-02-10 02:00:00,3,1,1,0.0465462517608755,0.1253238513969704,0.0268518518518518
2026-02-09,2026-02-10 03:00:00,4,1,1,0.0420264190851668,0.1056876509813898,0.0261111111111111
2026-02-09,2026-02-10 04:00:00,5,1,1,0.0598100905775032,0.0938652677023308,0.0512962962962963
2026-02-09,2026-02-10 05:00:00,6,1,1,0.0428957490534469,0.1470713378598272,0.0168518518518518
2026-02-09,2026-02-10 06:00:00,7,1,1,0.0959604879083346,0.1333209580601914,0.0866203703703703
2026-02-09,2026-02-10 07:00:00,8,1,1,0.1475761883284443,0.1938068675681475,0.1360185185185185
2026-02-09,2026-02-10 08:00:00,9,1,1,0.2937425959042657,0.4494537202620697,0.2548148148148147
2026-02-09,2026-02-10 09:00:00,10,1,1,0.1695156672165459,0.2605412990456928,0.1467592592592592
2026-02-09,2026-02-10 10:00:00,11,1,1,0.2483035913797229,0.3504068457875035,0.2227777777777777
2026-02-09,2026-02-10 11:00:00,12,1,1,0.0916326266983321,0.2063112816398089,0.0629629629629629
2026-02-09,2026-02-10 12:00:00,13,1,1,0.1181099790282845,0.3231424877340152,0.0668518518518518
2026-02-09,2026-02-10 13:00:00,14,1,1,0.2162552720231471,0.3546096934490687,0.1816666666666666
2026-02-09,2026-02-10 14:00:00,15,1,1,0.3392462233175738,0.5162311165878691,0.295
2026-02-09,2026-02-10 15:00:00,16,1,1,0.3037719861603189,0.4077488196904835,0.2777777777777777
2026-02-09,2026-02-10 16:00:00,17,1,1,0.3162566110803902,0.4357274998463952,0.2863888888888889
2026-02-09,2026-02-10 17:00:00,18,1,1,0.2571004308495878,0.3258725246183092,0.2399074074074074
2026-02-09,2026-02-10 18:00:00,19,1,1,0.1284763086880455,0.2275667286254127,0.1037037037037037
2026-02-09,2026-02-10 19:00:00,20,1,1,0.1437886189069033,0.2717208723122944,0.1118055555555555
2026-02-09,2026-02-10 20:00:00,21,1,1,0.509905397354941,0.5295269867747042,0.5050000000000001
2026-02-09,2026-02-10 21:00:00,22,1,1,0.7524650591998829,0.7489919626660811,0.7533333333333333
2026-02-09,2026-02-10 22:00:00,23,1,1,0.8902610161859876,0.8557495253743822,0.8988888888888888
2026-02-09,2026-02-10 23:00:00,24,1,1,0.9123179342770128,0.8771452269406198,0.921111111111111
2026-02-09,2026-02-11 00:00:00,25,2,1,0.8898429533732397,0.9025481001995318,0.8866666666666667
2026-02-09,2026-02-11 01:00:00,26,2,1,0.7847582016485521,0.8186058230575751,0.7762962962962963
2026-02-09,2026-02-11 02:00:00,27,2,1,0.666109893742076,0.744993913154824,0.646388888888889
2026-02-09,2026-02-11 03:00:00,28,2,1,0.4628000951578158,0.6740004757890794,0.4099999999999999
2026-02-09,2026-02-11 04:00:00,29,2,1,0.1228549285884011,0.3883487170160795,0.0564814814814814
2026-02-09,2026-02-11 05:00:00,30,2,1,0.1314587548647464,0.288034515064473,0.0923148148148148
2026-02-09,2026-02-11 06:00:00,31,2,1,0.0481147298579033,0.1213143900302576,0.0298148148148148
2026-02-09,2026-02-11 07:00:00,32,2,1,0.0374265273631375,0.0886141182971694,0.0246296296296296
2026-02-09,2026-02-11 08:00:00,33,2,1,0.0272899354902051,0.0712644922658404,0.0162962962962962
2026-02-09,2026-02-11 09:00:00,34,2,1,0.1171686147425972,0.132880110750023,0.1132407407407407
2026-02-09,2026-02-11 10:00:00,35,2,1,0.0562299173716503,0.1767051424138073,0.0261111111111111
2026-02-09,2026-02-11 11:00:00,36,2,1,0.1655884761773186,0.3233127512569637,0.1261574074074073
2026-02-09,2026-02-11 12:00:00,37,2,1,0.1529249189823745,0.3059208912081686,0.1146759259259259
2026-02-09,2026-02-11 13:00:00,38,2,1,0.0876242358282631,0.3729359939561307,0.0162962962962962
2026-02-09,2026-02-11 14:00:00,39,2,1,0.5982872335600558,0.6114361678002782,0.5950000000000001
2026-02-09,2026-02-11 15:00:00,40,2,1,0.9232576309351828,0.8088807472685059,0.9518518518518518
2026-02-09,2026-02-11 16:00:00,41,2,1,0.944480117737764,0.881104292392524,0.960324074074074
2026-02-09,2026-02-11 17:00:00,42,2,1,0.9571564988269584,0.8850417533940512,0.9751851851851852
2026-02-09,2026-02-11 18:00:00,43,2,1,0.9353561529123056,0.881965949746713,0.9487037037037036
2026-02-09,2026-02-11 19:00:00,44,2,1,0.9329484692208272,0.8647423461041353,0.95
2026-02-09,2026-02-11 20:00:00,45,2,1,0.8806400300493546,0.826903853950477,0.894074074074074
2026-02-09,2026-02-11 21:00:00,46,2,1,0.8582448874244226,0.8152985111961862,0.8689814814814816
2026-02-09,2026-02-11 22:00:00,47,2,1,0.7154355091635903,0.730510879151286,0.7116666666666664
2026-02-09,2026-02-11 23:00:00,48,2,1,0.7999227937112694,0.6877621167044932,0.8279629629629633
2026-02-09,2026-02-10 00:00:00,1,1,2,0.0881327224932309,0.4213272249323094,0.0511111111111111
2026-02-09,2026-02-10 01:00:00,2,1,2,0.0586400564425294,0.3039005644252942,0.0313888888888888
2026-02-09,2026-02-10 02:00:00,3,1,2,0.048510257363663,0.2492692403032968,0.0262037037037037
2026-02-09,2026-02-10 03:00:00,4,1,2,0.0387897904595744,0.1578979045957443,0.0255555555555555
2026-02-09,2026-02-10 04:00:00,5,1,2,0.057319920285246,0.1298658695191268,0.0492592592592592
2026-02-09,2026-02-10 05:00:00,6,1,2,0.0363138691598233,0.2114720249315672,0.0168518518518518
2026-02-09,2026-02-10 06:00:00,7,1,2,0.0897331540444863,0.1956648737781963,0.0779629629629629
2026-02-09,2026-02-10 07:00:00,8,1,2,0.1440670078321339,0.3065034116546727,0.1260185185185185
2026-02-09,2026-02-10 08:00:00,9,1,2,0.2686640226071902,0.4899735594052359,0.244074074074074
2026-02-09,2026-02-10 09:00:00,10,1,2,0.1558090001071147,0.3272566677378145,0.1367592592592592
2026-02-09,2026-02-10 10:00:00,11,1,2,0.2409969237432979,0.4949692374329797,0.2127777777777777
2026-02-09,2026-02-10 11:00:00,12,1,2,0.0813772815632548,0.2954394822992152,0.0575925925925925
2026-02-09,2026-02-10 12:00:00,13,1,2,0.087070703473224,0.3273737013989075,0.0603703703703703
2026-02-09,2026-02-10 13:00:00,14,1,2,0.1999164381691817,0.4541643816918178,0.1716666666666666
2026-02-09,2026-02-10 14:00:00,15,1,2,0.3096965918630788,0.561965918630788,0.2816666666666667
2026-02-09,2026-02-10 15:00:00,16,1,2,0.2892426762581389,0.5024267625813892,0.2655555555555555
2026-02-09,2026-02-10 16:00:00,17,1,2,0.2940567980018648,0.4780679800186473,0.2736111111111111
2026-02-09,2026-02-10 17:00:00,18,1,2,0.2540695617929506,0.4715289512628392,0.2299074074074074
2026-02-09,2026-02-10 18:00:00,19,1,2,0.1119978066452318,0.2683113997856523,0.0946296296296296
2026-02-09,2026-02-10 19:00:00,20,1,2,0.1256202143370288,0.3337021433702882,0.1024999999999999
2026-02-09,2026-02-10 20:00:00,21,1,2,0.484032282253716,0.4903228225371596,0.4833333333333334
2026-02-09,2026-02-10 21:00:00,22,1,2,0.7403519804884663,0.6985198048846626,0.745
2026-02-09,2026-02-10 22:00:00,23,1,2,0.9014140097302648,0.9991400973026474,0.8905555555555555
2026-02-09,2026-02-10 23:00:00,24,1,2,0.9265,1.0,0.9183333333333332
2026-02-09,2026-02-11 00:00:00,25,2,2,0.8926847268518714,0.9618472685187144,0.885
2026-02-09,2026-02-11 01:00:00,26,2,2,0.7758454405298816,0.8667877386321481,0.7657407407407407
2026-02-09,2026-02-11 02:00:00,27,2,2,0.6715494416305976,0.830494416305975,0.6538888888888891
2026-02-09,2026-02-11 03:00:00,28,2,2,0.4084657546423363,0.6629908797566968,0.3801851851851851
2026-02-09,2026-02-11 04:00:00,29,2,2,0.086985295188749,0.3931862852208236,0.0529629629629629
2026-02-09,2026-02-11 05:00:00,30,2,2,0.1101405251587589,0.3497385849209226,0.0835185185185185
2026-02-09,2026-02-11 06:00:00,31,2,2,0.0432087498329004,0.1729208316623379,0.0287962962962963
2026-02-09,2026-02-11 07:00:00,32,2,2,0.036807449422885,0.1497411608955169,0.0242592592592592
2026-02-09,2026-02-11 08:00:00,33,2,2,0.0270110191100843,0.1234435244341765,0.0162962962962962
2026-02-09,2026-02-11 09:00:00,34,2,2,0.1095097048462085,0.1600970484620857,0.1038888888888889
2026-02-09,2026-02-11 10:00:00,35,2,2,0.0403965965537403,0.1739659655374034,0.0255555555555555
2026-02-09,2026-02-11 11:00:00,36,2,2,0.1423722076109345,0.3762220761093455,0.1163888888888888
2026-02-09,2026-02-11 12:00:00,37,2,2,0.1322145473443449,0.3746454734434497,0.1052777777777777
2026-02-09,2026-02-11 13:00:00,38,2,2,0.0578920222699279,0.4322535560326123,0.0162962962962962
2026-02-09,2026-02-11 14:00:00,39,2,2,0.5848232237705695,0.5982322377056949,0.5833333333333334
2026-02-09,2026-02-11 15:00:00,40,2,2,0.9335904580130464,0.8559045801304658,0.9422222222222222
2026-02-09,2026-02-11 16:00:00,41,2,2,0.9477763331406984,0.911513331406984,0.9518055555555556
2026-02-09,2026-02-11 17:00:00,42,2,2,0.9615643856931224,0.9327271902645587,0.9647685185185184
2026-02-09,2026-02-11 18:00:00,43,2,2,0.9336879922337902,0.8818799223379009,0.9394444444444444
2026-02-09,2026-02-11 19:00:00,44,2,2,0.9310653242458432,0.8506532424584305,0.94
2026-02-09,2026-02-11 20:00:00,45,2,2,0.892346165164663,0.8984616516466306,0.8916666666666666
2026-02-09,2026-02-11 21:00:00,46,2,2,0.8500528077655267,0.815528077655267,0.8538888888888889
2026-02-09,2026-02-11 22:00:00,47,2,2,0.7129827341224529,0.7123273412245298,0.7130555555555554
2026-02-09,2026-02-11 23:00:00,48,2,2,0.8050934410439894,0.7392677437732244,0.8124074074074077
2026-02-10,2026-02-11 00:00:00,1,1,1,0.9541437446179254,0.9733113156822192,0.949351851851852
2026-02-10,2026-02-11 01:00:00,2,1,1,0.9134498205667908,0.939100954685805,0.907037037037037
2026-02-10,2026-02-11 02:00:00,3,1,1,0.7394808015858678,0.8507373412626731,0.7116666666666664
2026-02-10,2026-02-11 03:00:00,4,1,1,0.5366163564667042,0.7097484490001873,0.4933333333333334
2026-02-10,2026-02-11 04:00:00,5,1,1,0.2306027097240885,0.4907913263982203,0.1655555555555555
2026-02-10,2026-02-11 05:00:00,6,1,1,0.1624151959564294,0.3648537575599247,0.1118055555555555
2026-02-10,2026-02-11 06:00:00,7,1,1,0.0639475587549528,0.2034414974784679,0.029074074074074
2026-02-10,2026-02-11 07:00:00,8,1,1,0.0585726113508033,0.1587889826799427,0.0335185185185185
2026-02-10,2026-02-11 08:00:00,9,1,1,0.1618077089216493,0.1468163223860244,0.1655555555555555
2026-02-10,2026-02-11 09:00:00,10,1,1,0.0698424835697258,0.1077309363671479,0.0603703703703703
2026-02-10,2026-02-11 10:00:00,11,1,1,0.0409516623164679,0.1188323856564138,0.0214814814814814
2026-02-10,2026-02-11 11:00:00,12,1,1,0.0985023303547841,0.2925116517739205,0.05
2026-02-10,2026-02-11 12:00:00,13,1,1,0.0850554117978679,0.248610392322673,0.0441666666666666
2026-02-10,2026-02-11 13:00:00,14,1,1,0.0767688444856317,0.2645849631688993,0.0298148148148148
2026-02-10,2026-02-11 14:00:00,15,1,1,0.4512344877725823,0.4511724388629118,0.4512499999999999
2026-02-10,2026-02-11 15:00:00,16,1,1,0.8655616700660158,0.7252157577374864,0.9006481481481481
2026-02-10,2026-02-11 16:00:00,17,1,1,0.9402744017516984,0.8902608976473804,0.9527777777777776
2026-02-10,2026-02-11 17:00:00,18,1,1,0.9321946342584876,0.8946768749961419,0.941574074074074
2026-02-10,2026-02-11 18:00:00,19,1,1,0.8825716179840182,0.8291543862163866,0.895925925925926
2026-02-10,2026-02-11 19:00:00,20,1,1,0.8913452286767924,0.840059476717296,0.9041666666666666
2026-02-10,2026-02-11 20:00:00,21,1,1,0.8118550177008725,0.8163121255414002,0.8107407407407405
2026-02-10,2026-02-11 21:00:00,22,1,1,0.7784929769623093,0.8561685885152512,0.7590740740740738
2026-02-10,2026-02-11 22:00:00,23,1,1,0.837478766824487,0.829616056344657,0.8394444444444444
2026-02-10,2026-02-11 23:00:00,24,1,1,0.4980696762885461,0.5170150481093966,0.4933333333333334
2026-02-10,2026-02-12 00:00:00,25,2,1,0.6461071105377759,0.6146096267629537,0.6539814814814815
2026-02-10,2026-02-12 01:00:00,26,2,1,0.5474196383029286,0.5537648581813099,0.5458333333333333
2026-02-10,2026-02-12 02:00:00,27,2,1,0.5739602008442152,0.543134337554409,0.5816666666666667
2026-02-10,2026-02-12 03:00:00,28,2,1,0.3606275030017057,0.3603597372307512,0.3606944444444444
2026-02-10,2026-02-12 04:00:00,29,2,1,0.3870849580679653,0.3104247903398267,0.4062499999999999
2026-02-10,2026-02-12 05:00:00,30,2,1,0.3958446109129159,0.2492230545645801,0.4324999999999999
2026-02-10,2026-02-12 06:00:00,31,2,1,0.2178150509395501,0.129445625068121,0.2399074074074074
2026-02-10,2026-02-12 07:00:00,32,2,1,0.0725256172247491,0.0389243824200421,0.0809259259259259
2026-02-10,2026-02-12 08:00:00,33,2,1,0.0241604545083815,0.0348763466159818,0.0214814814814814
2026-02-10,2026-02-12 09:00:00,34,2,1,0.0272902589976468,0.0520068505437897,0.0211111111111111
2026-02-10,2026-02-12 10:00:00,35,2,1,0.0267130856616256,0.0602320949747949,0.0183333333333333
2026-02-10,2026-02-12 11:00:00,36,2,1,0.0400543971893865,0.0469386526135995,0.0383333333333333
2026-02-10,2026-02-12 12:00:00,37,2,1,0.0237681741618808,0.0447667967353302,0.0185185185185185
2026-02-10,2026-02-12 13:00:00,38,2,1,0.0227169021962304,0.0476585850552264,0.0164814814814814
2026-02-10,2026-02-12 14:00:00,39,2,1,0.0288752966047804,0.0658579645053836,0.0196296296296296
2026-02-10,2026-02-12 15:00:00,40,2,1,0.0395219107161749,0.0694614054327267,0.032037037037037
2026-02-10,2026-02-12 16:00:00,41,2,1,0.0617922415440628,0.1089612077203141,0.05
2026-02-10,2026-02-12 17:00:00,42,2,1,0.2278217838423926,0.2205904006934449,0.2296296296296295
2026-02-10,2026-02-12 18:00:00,43,2,1,0.2226442769362664,0.2221102735702213,0.2227777777777777
2026-02-10,2026-02-12 19:00:00,44,2,1,0.1812962330346728,0.201295979988179,0.1762962962962963
2026-02-10,2026-02-12 20:00:00,45,2,1,0.0914762324829788,0.1488626438963757,0.0771296296296296
2026-02-10,2026-02-12 21:00:00,46,2,1,0.0899134344648541,0.1821597649168632,0.0668518518518518
2026-02-10,2026-02-12 22:00:00,47,2,1,0.0440685472558822,0.1358982918349666,0.0211111111111111
2026-02-10,2026-02-12 23:00:00,48,2,1,0.0497581160586374,0.1643461358487425,0.0211111111111111
2026-02-10,2026-02-11 00:00:00,1,1,2,0.9437123466716196,0.9796234667161946,0.9397222222222222
2026-02-10,2026-02-11 01:00:00,2,1,2,0.91094780155238,0.979478015523798,0.9033333333333332
2026-02-10,2026-02-11 02:00:00,3,1,2,0.7278548046317926,0.8610480463179268,0.7130555555555554
2026-02-10,2026-02-11 03:00:00,4,1,2,0.4931285435867397,0.6862854358673964,0.4716666666666667
2026-02-10,2026-02-11 04:00:00,5,1,2,0.1961262884861909,0.561262884861909,0.1555555555555555
2026-02-10,2026-02-11 05:00:00,6,1,2,0.1292840330662577,0.370340330662577,0.1024999999999999
2026-02-10,2026-02-11 06:00:00,7,1,2,0.0496575702382862,0.243242369049529,0.0281481481481481
2026-02-10,2026-02-11 07:00:00,8,1,2,0.0481888607409734,0.1935552740764015,0.032037037037037
2026-02-10,2026-02-11 08:00:00,9,1,2,0.157545795426155,0.1754579542615508,0.1555555555555555
2026-02-10,2026-02-11 09:00:00,10,1,2,0.0637413829238892,0.1357471625722254,0.0557407407407407
2026-02-10,2026-02-11 10:00:00,11,1,2,0.0366327227039795,0.1729938937064623,0.0214814814814814
2026-02-10,2026-02-11 11:00:00,12,1,2,0.0834418567951343,0.3994185679513438,0.0483333333333333
2026-02-10,2026-02-11 12:00:00,13,1,2,0.0774866023009553,0.392366023009553,0.0424999999999999
2026-02-10,2026-02-11 13:00:00,14,1,2,0.0651964507816862,0.3927978411501961,0.0287962962962963
2026-02-10,2026-02-11 14:00:00,15,1,2,0.43778061972811,0.5344728639477673,0.4270370370370369
2026-02-10,2026-02-11 15:00:00,16,1,2,0.8844435081337276,0.8111017480039433,0.8925925925925926
2026-02-10,2026-02-11 16:00:00,17,1,2,0.9435817111161856,0.9458171111618544,0.9433333333333332
2026-02-10,2026-02-11 17:00:00,18,1,2,0.9329663193415384,0.9021631934153826,0.9363888888888888
2026-02-10,2026-02-11 18:00:00,19,1,2,0.8909618515234506,0.8696185152345058,0.8933333333333334
2026-02-10,2026-02-11 19:00:00,20,1,2,0.8936760594202766,0.8667605942027659,0.8966666666666667
2026-02-10,2026-02-11 20:00:00,21,1,2,0.8035474536354708,0.8638078696880426,0.7968518518518517
2026-02-10,2026-02-11 21:00:00,22,1,2,0.7583691818384725,0.8320251517180599,0.750185185185185
2026-02-10,2026-02-11 22:00:00,23,1,2,0.829681451277469,0.8918145127746905,0.8227777777777777
2026-02-10,2026-02-11 23:00:00,24,1,2,0.476955305896016,0.5245530589601597,0.4716666666666667
2026-02-10,2026-02-12 00:00:00,25,2,2,0.6589651735202978,0.6413184018696441,0.660925925925926
2026-02-10,2026-02-12 01:00:00,26,2,2,0.5290041698714888,0.5725416987148886,0.5241666666666666
2026-02-10,2026-02-12 02:00:00,27,2,2,0.5645290577926899,0.5752905779268991,0.5633333333333334
2026-02-10,2026-02-12 03:00:00,28,2,2,0.3385891969473582,0.3558919694735831,0.3366666666666666
2026-02-10,2026-02-12 04:00:00,29,2,2,0.3743356750943038,0.3600234176097052,0.3759259259259259
2026-02-10,2026-02-12 05:00:00,30,2,2,0.3944339023115681,0.2926723564490153,0.4057407407407406
2026-02-10,2026-02-12 06:00:00,31,2,2,0.2196904748246969,0.127738081580303,0.2299074074074074
2026-02-10,2026-02-12 07:00:00,32,2,2,0.0716418964043104,0.064752297376438,0.0724074074074074
2026-02-10,2026-02-12 08:00:00,33,2,2,0.0253456087434333,0.0601227541009999,0.0214814814814814
2026-02-10,2026-02-12 09:00:00,34,2,2,0.0248105283458525,0.0581052834585254,0.0211111111111111
2026-02-10,2026-02-12 10:00:00,35,2,2,0.0225637050080818,0.0606370500808185,0.0183333333333333
2026-02-10,2026-02-12 11:00:00,36,2,2,0.038254325289004,0.0525432528900401,0.0366666666666666
2026-02-10,2026-02-12 12:00:00,37,2,2,0.0216450329037678,0.0497836623710121,0.0185185185185185
2026-02-10,2026-02-12 13:00:00,38,2,2,0.0230073007712759,0.0817396743794257,0.0164814814814814
2026-02-10,2026-02-12 14:00:00,39,2,2,0.0243304843470127,0.0666381768034612,0.0196296296296296
2026-02-10,2026-02-12 15:00:00,40,2,2,0.0344479214322258,0.0678125476555919,0.0307407407407407
2026-02-10,2026-02-12 16:00:00,41,2,2,0.0565354770663966,0.1303547706639667,0.0483333333333333
2026-02-10,2026-02-12 17:00:00,42,2,2,0.2202136942259563,0.225470275592897,0.2196296296296295
2026-02-10,2026-02-12 18:00:00,43,2,2,0.2100233357031884,0.1852333570318846,0.2127777777777777
2026-02-10,2026-02-12 19:00:00,44,2,2,0.1681195193471353,0.1845285268046866,0.1662962962962963
2026-02-10,2026-02-12 20:00:00,45,2,2,0.0721989770022889,0.1036564366895561,0.0687037037037037
2026-02-10,2026-02-12 21:00:00,46,2,2,0.0739889273388627,0.1965559400552945,0.0603703703703703
2026-02-10,2026-02-12 22:00:00,47,2,2,0.0363878906171008,0.1738789061710083,0.0211111111111111
2026-02-10,2026-02-12 23:00:00,48,2,2,0.0372112295455085,0.1821122954550856,0.0211111111111111
2026-02-11,2026-02-12 00:00:00,1,1,1,0.4348118165114376,0.4140590825571885,0.4399999999999998
2026-02-11,2026-02-12 01:00:00,2,1,1,0.4685491553086391,0.4627457765431959,0.47
2026-02-11,2026-02-12 02:00:00,3,1,1,0.5010368227402051,0.4618507803676924,0.5108333333333333
2026-02-11,2026-02-12 03:00:00,4,1,1,0.392100994121287,0.3505049706064359,0.4024999999999997
2026-02-11,2026-02-12 04:00:00,5,1,1,0.3191063114263774,0.2960871126874425,0.3248611111111111
2026-02-11,2026-02-12 05:00:00,6,1,1,0.1567555041787807,0.1215552986716814,0.1655555555555555
2026-02-11,2026-02-12 06:00:00,7,1,1,0.0483722701031894,0.0651946838492803,0.0441666666666666
2026-02-11,2026-02-12 07:00:00,8,1,1,0.0325125886297624,0.0373777579636267,0.0312962962962963
2026-02-11,2026-02-12 08:00:00,9,1,1,0.0267183236622974,0.0350730997929686,0.0246296296296296
2026-02-11,2026-02-12 09:00:00,10,1,1,0.0256751286926341,0.041708976796504,0.0216666666666666
2026-02-11,2026-02-12 10:00:00,11,1,1,0.0498625101449518,0.0726458840580925,0.0441666666666666
2026-02-11,2026-02-12 11:00:00,12,1,1,0.0328684918708927,0.0813794963915007,0.0207407407407407
2026-02-11,2026-02-12 12:00:00,13,1,1,0.0597718544005801,0.1288592720029004,0.0425
2026-02-11,2026-02-12 13:00:00,14,1,1,0.0626643704258558,0.1399885187959457,0.0433333333333333
2026-02-11,2026-02-12 14:00:00,15,1,1,0.0508468034759654,0.1616414247872344,0.0231481481481481
2026-02-11,2026-02-12 15:00:00,16,1,1,0.0438386279164858,0.1495635099527998,0.0174074074074074
2026-02-11,2026-02-12 16:00:00,17,1,1,0.0520812662049923,0.1789248495434802,0.0203703703703703
2026-02-11,2026-02-12 17:00:00,18,1,1,0.1388841937647573,0.1897913391941569,0.1261574074074073
2026-02-11,2026-02-12 18:00:00,19,1,1,0.1062096071886816,0.1921591470545192,0.0847222222222222
2026-02-11,2026-02-12 19:00:00,20,1,1,0.1184627985484818,0.1623139927424088,0.1075
2026-02-11,2026-02-12 20:00:00,21,1,1,0.085526203098639,0.1705939784561581,0.0642592592592592
2026-02-11,2026-02-12 21:00:00,22,1,1,0.1236776993356506,0.188388496678253,0.1075
2026-02-11,2026-02-12 22:00:00,23,1,1,0.0434759542095549,0.1314538451218489,0.0214814814814814
2026-02-11,2026-02-12 23:00:00,24,1,1,0.0435238176211968,0.1346561251430213,0.0207407407407407
2026-02-11,2026-02-13 00:00:00,25,2,1,0.059712543580826,0.1644886438300563,0.0335185185185185
2026-02-11,2026-02-13 01:00:00,26,2,1,0.0721539544424191,0.1874364388787624,0.0433333333333333
2026-02-11,2026-02-13 02:00:00,27,2,1,0.0531814373253202,0.146647927367342,0.0298148148148148
2026-02-11,2026-02-13 03:00:00,28,2,1,0.0456115240122046,0.1525020645054676,0.0188888888888888
2026-02-11,2026-02-13 04:00:00,29,2,1,0.0373602130592257,0.1305047689998323,0.014074074074074
2026-02-11,2026-02-13 05:00:00,30,2,1,0.0419531139923469,0.0630989032950679,0.0366666666666666
2026-02-11,2026-02-13 06:00:00,31,2,1,0.0394120031114888,0.0600229785204069,0.0342592592592592
2026-02-11,2026-02-13 07:00:00,32,2,1,0.0245172849221859,0.0403642023887072,0.0205555555555555
2026-02-11,2026-02-13 08:00:00,33,2,1,0.0292173323011191,0.038679254098188,0.0268518518518518
2026-02-11,2026-02-13 09:00:00,34,2,1,0.0505089066824344,0.0658778667455054,0.0466666666666666
2026-02-11,2026-02-13 10:00:00,35,2,1,0.0237650066447911,0.0291954035943262,0.0224074074074074
2026-02-11,2026-02-13 11:00:00,36,2,1,0.0311086388580267,0.0185061572530965,0.0342592592592592
2026-02-11,2026-02-13 12:00:00,37,2,1,0.0202246775763187,0.0381604249186306,0.0157407407407407
2026-02-11,2026-02-13 13:00:00,38,2,1,0.0287290495405175,0.0584600625174027,0.0212962962962962
2026-02-11,2026-02-13 14:00:00,39,2,1,0.0299928995840339,0.0647793127349846,0.0212962962962962
2026-02-11,2026-02-13 15:00:00,40,2,1,0.0285107566837443,0.0758871167520551,0.0166666666666666
2026-02-11,2026-02-13 16:00:00,41,2,1,0.0386501986478273,0.0769546969428404,0.029074074074074
2026-02-11,2026-02-13 17:00:00,42,2,1,0.1277401209849532,0.1799969012210624,0.1146759259259259
2026-02-11,2026-02-13 18:00:00,43,2,1,0.1845311126272825,0.1822851927660424,0.1850925925925926
2026-02-11,2026-02-13 19:00:00,44,2,1,0.1937938820265578,0.173784224947604,0.1987962962962962
2026-02-11,2026-02-13 20:00:00,45,2,1,0.2558973133817508,0.1568939743161612,0.2806481481481482
2026-02-11,2026-02-13 21:00:00,46,2,1,0.2668774568100612,0.1304983951614174,0.3009722222222222
2026-02-11,2026-02-13 22:00:00,47,2,1,0.3850198250056359,0.3000991250281798,0.4062499999999999
2026-02-11,2026-02-13 23:00:00,48,2,1,0.4274637213230523,0.4523186066152618,0.4212499999999999
2026-02-11,2026-02-12 00:00:00,1,1,2,0.4162651167797871,0.4343178344645401,0.4142592592592591
2026-02-11,2026-02-12 01:00:00,2,1,2,0.4524726006729184,0.4897260067291839,0.4483333333333333
2026-02-11,2026-02-12 02:00:00,3,1,2,0.4886871752419094,0.4843717524190958,0.4891666666666665
2026-02-11,2026-02-12 03:00:00,4,1,2,0.3718604431606921,0.3736044316069224,0.3716666666666665
2026-02-11,2026-02-12 04:00:00,5,1,2,0.3140345813882611,0.3803458138826101,0.3066666666666667
2026-02-11,2026-02-12 05:00:00,6,1,2,0.1528456864170241,0.1284568641702411,0.1555555555555555
2026-02-11,2026-02-12 06:00:00,7,1,2,0.0431963931574698,0.0494639315746979,0.0424999999999999
2026-02-11,2026-02-12 07:00:00,8,1,2,0.0300544096992798,0.0297107636594654,0.0300925925925925
2026-02-11,2026-02-12 08:00:00,9,1,2,0.0249701866506211,0.0313685331728783,0.0242592592592592
2026-02-11,2026-02-12 09:00:00,10,1,2,0.0223888378179332,0.0288883781793328,0.0216666666666666
2026-02-11,2026-02-12 10:00:00,11,1,2,0.0440581829208155,0.0580818292081557,0.0424999999999999
2026-02-11,2026-02-12 11:00:00,12,1,2,0.0328796466110152,0.1421297994434855,0.0207407407407407
2026-02-11,2026-02-12 12:00:00,13,1,2,0.0599061038714345,0.231561038714345,0.0408333333333333
2026-02-11,2026-02-12 13:00:00,14,1,2,0.0618279629939356,0.2432796299393561,0.0416666666666666
2026-02-11,2026-02-12 14:00:00,15,1,2,0.0418619625587058,0.211952958920392,0.0229629629629629
2026-02-11,2026-02-12 15:00:00,16,1,2,0.0390578831000977,0.2339121643343106,0.0174074074074074
2026-02-11,2026-02-12 16:00:00,17,1,2,0.0393615750625296,0.2102824172919629,0.0203703703703703
2026-02-11,2026-02-12 17:00:00,18,1,2,0.1226400475882367,0.1789004758823674,0.1163888888888888
2026-02-11,2026-02-12 18:00:00,19,1,2,0.0857302112562627,0.1723021125626273,0.0761111111111111
2026-02-11,2026-02-12 19:00:00,20,1,2,0.1024387957509087,0.1393879575090874,0.0983333333333333
2026-02-11,2026-02-12 20:00:00,21,1,2,0.0680981819922953,0.1543151532562873,0.0585185185185185
2026-02-11,2026-02-12 21:00:00,22,1,2,0.1063498243240545,0.1784982432405459,0.0983333333333333
2026-02-11,2026-02-12 22:00:00,23,1,2,0.0310629670058517,0.1172963367251842,0.0214814814814814
2026-02-11,2026-02-12 23:00:00,24,1,2,0.0300214456147801,0.1135477894811344,0.0207407407407407
2026-02-11,2026-02-13 00:00:00,25,2,2,0.047468322291845,0.1863498895851172,0.032037037037037
2026-02-11,2026-02-13 01:00:00,26,2,2,0.0574243011263963,0.1992430112639633,0.0416666666666666
2026-02-11,2026-02-13 02:00:00,27,2,2,0.0408565173180681,0.1493985065140149,0.0287962962962963
2026-02-11,2026-02-13 03:00:00,28,2,2,0.0324696348431754,0.1546963484317548,0.0188888888888888
2026-02-11,2026-02-13 04:00:00,29,2,2,0.0278618897515434,0.1519522308487677,0.014074074074074
2026-02-11,2026-02-13 05:00:00,30,2,2,0.0385832374138157,0.0708323741381571,0.0349999999999999
2026-02-11,2026-02-13 06:00:00,31,2,2,0.0353866448071768,0.0596997814051015,0.0326851851851851
2026-02-11,2026-02-13 07:00:00,32,2,2,0.0224998579981403,0.0399985799814033,0.0205555555555555
2026-02-11,2026-02-13 08:00:00,33,2,2,0.0280981977634356,0.0451486443010228,0.0262037037037037
2026-02-11,2026-02-13 09:00:00,34,2,2,0.0455956017624885,0.0509560176248857,0.045
2026-02-11,2026-02-13 10:00:00,35,2,2,0.0238491681543459,0.0376583482101264,0.0223148148148148
2026-02-11,2026-02-13 11:00:00,36,2,2,0.0315789288907707,0.0216226222410405,0.0326851851851851
2026-02-11,2026-02-13 12:00:00,37,2,2,0.0182773951836123,0.0411072851694568,0.0157407407407407
2026-02-11,2026-02-13 13:00:00,38,2,2,0.0253314890069514,0.0616482234028477,0.0212962962962962
2026-02-11,2026-02-13 14:00:00,39,2,2,0.0252270053878665,0.0606033872119992,0.0212962962962962
2026-02-11,2026-02-13 15:00:00,40,2,2,0.0228195585668268,0.0781955856682685,0.0166666666666666
2026-02-11,2026-02-13 16:00:00,41,2,2,0.0332429225953148,0.0790958926198151,0.0281481481481481
2026-02-11,2026-02-13 17:00:00,42,2,2,0.1097381842841234,0.1498818428412347,0.1052777777777777
2026-02-11,2026-02-13 18:00:00,43,2,2,0.1732486453908626,0.1566531205752932,0.1750925925925925
2026-02-11,2026-02-13 19:00:00,44,2,2,0.1847822309688021,0.148655643021355,0.1887962962962962
2026-02-11,2026-02-13 20:00:00,45,2,2,0.2560930262288339,0.1467635956216727,0.2682407407407408
2026-02-11,2026-02-13 21:00:00,46,2,2,0.2740749574680912,0.1607495746809122,0.2866666666666667
2026-02-11,2026-02-13 22:00:00,47,2,2,0.3675227803721714,0.291894470388381,0.3759259259259259
2026-02-11,2026-02-13 23:00:00,48,2,2,0.4005716536049604,0.4690498693829388,0.3929629629629628
2026-02-12,2026-02-13 00:00:00,1,1,1,0.0395481349106753,0.0932962301089321,0.0261111111111111
2026-02-12,2026-02-13 01:00:00,2,1,1,0.0457776661119097,0.0888883305595487,0.035
2026-02-12,2026-02-13 02:00:00,3,1,1,0.0196980111915577,0.0458974633651963,0.0131481481481481
2026-02-12,2026-02-13 03:00:00,4,1,1,0.0260181832918394,0.0678686942369748,0.0155555555555555
2026-02-12,2026-02-13 04:00:00,5,1,1,0.0253715960769851,0.0587098322367777,0.017037037037037
2026-02-12,2026-02-13 05:00:00,6,1,1,0.028227573823987,0.0685452765273428,0.0181481481481481
2026-02-12,2026-02-13 06:00:00,7,1,1,0.0389860009838963,0.0515966715861481,0.0358333333333333
2026-02-12,2026-02-13 07:00:00,8,1,1,0.021295689162756,0.0390710384063728,0.0168518518518518
2026-02-12,2026-02-13 08:00:00,9,1,1,0.018904120963835,0.0389650492636196,0.0138888888888888
2026-02-12,2026-02-13 09:00:00,10,1,1,0.0219417415813488,0.0445235227215591,0.0162962962962962
2026-02-12,2026-02-13 10:00:00,11,1,1,0.0203110224273581,0.0215551121367908,0.02
2026-02-12,2026-02-13 11:00:00,12,1,1,0.0258917298527165,0.0561253159302493,0.0183333333333333
2026-02-12,2026-02-13 12:00:00,13,1,1,0.036164403276782,0.0971183126802065,0.0209259259259259
2026-02-12,2026-02-13 13:00:00,14,1,1,0.0881932913198712,0.1631886788215783,0.0694444444444444
2026-02-12,2026-02-13 14:00:00,15,1,1,0.0708025903725805,0.1125314703814214,0.0603703703703703
2026-02-12,2026-02-13 15:00:00,16,1,1,0.0635917838335594,0.1279589191677972,0.0475
2026-02-12,2026-02-13 16:00:00,17,1,1,0.0655289623624189,0.1309781451454282,0.0491666666666666
2026-02-12,2026-02-13 17:00:00,18,1,1,0.0486513111589872,0.1447380372764177,0.0246296296296296
2026-02-12,2026-02-13 18:00:00,19,1,1,0.0694020643563386,0.1670103217816933,0.045
2026-02-12,2026-02-13 19:00:00,20,1,1,0.1492094204174575,0.2241952502354357,0.1304629629629629
2026-02-12,2026-02-13 20:00:00,21,1,1,0.3011808133805769,0.3373855483843662,0.2921296296296296
2026-02-12,2026-02-13 21:00:00,22,1,1,0.5709502468708508,0.5014179010209204,0.5883333333333334
2026-02-12,2026-02-13 22:00:00,23,1,1,0.6513131785235391,0.7013807074325105,0.6387962962962962
2026-02-12,2026-02-13 23:00:00,24,1,1,0.5420459164120576,0.5035629153936209,0.5516666666666667
2026-02-12,2026-02-14 00:00:00,25,2,1,0.5195483104587271,0.5310748856269684,0.5166666666666667
2026-02-12,2026-02-14 01:00:00,26,2,1,0.4856451891871426,0.5482259459357132,0.47
2026-02-12,2026-02-14 02:00:00,27,2,1,0.4509703188265572,0.509851594132786,0.4362499999999999
2026-02-12,2026-02-14 03:00:00,28,2,1,0.3895178357338272,0.5048114008913587,0.3606944444444444
2026-02-12,2026-02-14 04:00:00,29,2,1,0.2380923166841388,0.4745356574947684,0.1789814814814814
2026-02-12,2026-02-14 05:00:00,30,2,1,0.1406626918620411,0.288498644495391,0.1037037037037037
2026-02-12,2026-02-14 06:00:00,31,2,1,0.0448412088210537,0.1412430811423057,0.0207407407407407
2026-02-12,2026-02-14 07:00:00,32,2,1,0.0303446042107248,0.0724637617943648,0.0198148148148148
2026-02-12,2026-02-14 08:00:00,33,2,1,0.0403653132991111,0.0855302701992595,0.029074074074074
2026-02-12,2026-02-14 09:00:00,34,2,1,0.0262187260107812,0.0644269633872397,0.0166666666666666
2026-02-12,2026-02-14 10:00:00,35,2,1,0.0221796388744557,0.0597870832611674,0.0127777777777777
2026-02-12,2026-02-14 11:00:00,36,2,1,0.0282288404386947,0.0766997577490294,0.0161111111111111
2026-02-12,2026-02-14 12:00:00,37,2,1,0.0391814511721723,0.1210924410460471,0.0187037037037037
2026-02-12,2026-02-14 13:00:00,38,2,1,0.0716263187533533,0.1373908530260262,0.0551851851851851
2026-02-12,2026-02-14 14:00:00,39,2,1,0.105601373945937,0.1587476104704256,0.0923148148148148
2026-02-12,2026-02-14 15:00:00,40,2,1,0.072980131049794,0.1130488033971183,0.0629629629629629
2026-02-12,2026-02-14 16:00:00,41,2,1,0.1010163674273554,0.1965633186182583,0.0771296296296296
2026-02-12,2026-02-14 17:00:00,42,2,1,0.2277200831965356,0.2748967122789746,0.2159259259259259
2026-02-12,2026-02-14 18:00:00,43,2,1,0.2101268962469702,0.228041888642259,0.205648148148148
2026-02-12,2026-02-14 19:00:00,44,2,1,0.2499249020830959,0.2418467326377019,0.2519444444444444
2026-02-12,2026-02-14 20:00:00,45,2,1,0.2193312246877736,0.2877672345499793,0.2022222222222222
2026-02-12,2026-02-14 21:00:00,46,2,1,0.1294326364769241,0.1425335527549908,0.1261574074074073
2026-02-12,2026-02-14 22:00:00,47,2,1,0.1035047977381183,0.1103017664683695,0.1018055555555555
2026-02-12,2026-02-14 23:00:00,48,2,1,0.0500674269417213,0.1340408384123105,0.029074074074074
2026-02-12,2026-02-13 00:00:00,1,1,2,0.028487483255833,0.0548748325583306,0.0255555555555555
2026-02-12,2026-02-13 01:00:00,2,1,2,0.0338462291929781,0.0384622919297814,0.0333333333333333
2026-02-12,2026-02-13 02:00:00,3,1,2,0.0136052491445607,0.0177191581122743,0.0131481481481481
2026-02-12,2026-02-13 03:00:00,4,1,2,0.019314228540014,0.0531422854001408,0.0155555555555555
2026-02-12,2026-02-13 04:00:00,5,1,2,0.0199339207665472,0.046005874332139,0.017037037037037
2026-02-12,2026-02-13 05:00:00,6,1,2,0.0201141795332147,0.0378084619988137,0.0181481481481481
2026-02-12,2026-02-13 06:00:00,7,1,2,0.0321181331609638,0.0136813316096386,0.0341666666666666
2026-02-12,2026-02-13 07:00:00,8,1,2,0.0193978291069039,0.0423116244023726,0.0168518518518518
2026-02-12,2026-02-13 08:00:00,9,1,2,0.0170397188595898,0.0453971885958986,0.0138888888888888
2026-02-12,2026-02-13 09:00:00,10,1,2,0.0180742502066661,0.0340758353999944,0.0162962962962962
2026-02-12,2026-02-13 10:00:00,11,1,2,0.018,0.0,0.02
2026-02-12,2026-02-13 11:00:00,12,1,2,0.0258605271833589,0.0936052718335892,0.0183333333333333
2026-02-12,2026-02-13 12:00:00,13,1,2,0.0248195113133115,0.0598617797997818,0.0209259259259259
2026-02-12,2026-02-13 13:00:00,14,1,2,0.0697514660727724,0.1375146607277239,0.0622222222222222
2026-02-12,2026-02-13 14:00:00,15,1,2,0.060610960379628,0.1044429371296139,0.0557407407407407
2026-02-12,2026-02-13 15:00:00,16,1,2,0.0487625989332102,0.0751259893321028,0.0458333333333333
2026-02-12,2026-02-13 16:00:00,17,1,2,0.0538969221881874,0.1114692218818742,0.0474999999999999
2026-02-12,2026-02-13 17:00:00,18,1,2,0.0384287880300288,0.1659545469669546,0.0242592592592592
2026-02-12,2026-02-13 18:00:00,19,1,2,0.0576501912918034,0.1865019129180347,0.0433333333333333
2026-02-12,2026-02-13 19:00:00,20,1,2,0.1259908428279392,0.1749084282793923,0.1205555555555555
2026-02-12,2026-02-13 20:00:00,21,1,2,0.2732659927262728,0.2218265939293947,0.2789814814814815
2026-02-12,2026-02-13 21:00:00,22,1,2,0.5582477109457697,0.4224771094576979,0.5733333333333333
2026-02-12,2026-02-13 22:00:00,23,1,2,0.6357023563653962,0.5353568969872956,0.6468518518518518
2026-02-12,2026-02-13 23:00:00,24,1,2,0.5271817787777856,0.5018177877778557,0.53
2026-02-12,2026-02-14 00:00:00,25,2,2,0.499003659610771,0.5350365961077103,0.495
2026-02-12,2026-02-14 01:00:00,26,2,2,0.4582077423095505,0.5470774230955057,0.4483333333333333
2026-02-12,2026-02-14 02:00:00,27,2,2,0.4175922891661958,0.4859228916619584,0.41
2026-02-12,2026-02-14 03:00:00,28,2,2,0.3488342657719385,0.4583426577193857,0.3366666666666666
2026-02-12,2026-02-14 04:00:00,29,2,2,0.1882209103380333,0.3613757700470003,0.1689814814814814
2026-02-12,2026-02-14 05:00:00,30,2,2,0.0963239956038067,0.111573289371401,0.0946296296296296
2026-02-12,2026-02-14 06:00:00,31,2,2,0.0299808685459039,0.1131420187923723,0.0207407407407407
2026-02-12,2026-02-14 07:00:00,32,2,2,0.0185302144381253,0.0069688110479204,0.0198148148148148
2026-02-12,2026-02-14 08:00:00,33,2,2,0.030492678130129,0.0515934479679576,0.0281481481481481
2026-02-12,2026-02-14 09:00:00,34,2,2,0.0210727379217537,0.060727379217537,0.0166666666666666
2026-02-12,2026-02-14 10:00:00,35,2,2,0.0166908373747832,0.0519083737478321,0.0127777777777777
2026-02-12,2026-02-14 11:00:00,36,2,2,0.0312884011113978,0.1678840111139785,0.0161111111111111
2026-02-12,2026-02-14 12:00:00,37,2,2,0.0311045547631019,0.142712214297686,0.0187037037037037
2026-02-12,2026-02-14 13:00:00,38,2,2,0.0649791461286079,0.1814581279527465,0.052037037037037
2026-02-12,2026-02-14 14:00:00,39,2,2,0.0927328966423068,0.1756622997564018,0.0835185185185185
2026-02-12,2026-02-14 15:00:00,40,2,2,0.0647985174458925,0.1296518411255919,0.0575925925925925
2026-02-12,2026-02-14 16:00:00,41,2,2,0.0816148686591584,0.1978153532582505,0.0687037037037037
2026-02-12,2026-02-14 17:00:00,42,2,2,0.2139746455808484,0.2864131224751515,0.2059259259259259
2026-02-12,2026-02-14 18:00:00,43,2,2,0.1981203878173048,0.2203705448397159,0.195648148148148
2026-02-12,2026-02-14 19:00:00,44,2,2,0.2418561827038273,0.2460618270382727,0.2413888888888889
2026-02-12,2026-02-14 20:00:00,45,2,2,0.2019415118252849,0.2894151182528494,0.1922222222222222
2026-02-12,2026-02-14 21:00:00,46,2,2,0.1191587273991194,0.1440872739911941,0.1163888888888888
2026-02-12,2026-02-14 22:00:00,47,2,2,0.0965655870925438,0.1306558709254382,0.0927777777777777
2026-02-12,2026-02-14 23:00:00,48,2,2,0.0393959642496138,0.1406263091628048,0.0281481481481481
2026-02-13,2026-02-14 00:00:00,1,1,1,0.5383166989190661,0.5315834945953302,0.54
2026-02-13,2026-02-14 01:00:00,2,1,1,0.5853322089483787,0.5999943780752266,0.5816666666666667
2026-02-13,2026-02-14 02:00:00,3,1,1,0.5646695128883779,0.6166808977752221,0.5516666666666667
2026-02-13,2026-02-14 03:00:00,4,1,1,0.5890451647508381,0.6685591570875241,0.5691666666666666
2026-02-13,2026-02-14 04:00:00,5,1,1,0.5256832250229215,0.6084161251146071,0.5050000000000001
2026-02-13,2026-02-14 05:00:00,6,1,1,0.4222028501799272,0.3660142508996363,0.4362499999999999
2026-02-13,2026-02-14 06:00:00,7,1,1,0.2609413923578328,0.2050773321595344,0.2749074074074074
2026-02-13,2026-02-14 07:00:00,8,1,1,0.0948635033639566,0.1126508501531166,0.0904166666666666
2026-02-13,2026-02-14 08:00:00,9,1,1,0.0945012291762797,0.1032468866221393,0.0923148148148148
2026-02-13,2026-02-14 09:00:00,10,1,1,0.0477722749821662,0.0588613749108315,0.045
2026-02-13,2026-02-14 10:00:00,11,1,1,0.0247532017585174,0.0467289717555501,0.0192592592592592
2026-02-13,2026-02-14 11:00:00,12,1,1,0.0294780805163941,0.0614644766560449,0.0214814814814814
2026-02-13,2026-02-14 12:00:00,13,1,1,0.0261427748250039,0.0588620222731677,0.0179629629629629
2026-02-13,2026-02-14 13:00:00,14,1,1,0.0252655448820303,0.0559573540397812,0.0175925925925925
2026-02-13,2026-02-14 14:00:00,15,1,1,0.0642326820715649,0.0900522992467136,0.0577777777777777
2026-02-13,2026-02-14 15:00:00,16,1,1,0.0245842685944565,0.0658843059352458,0.0142592592592592
2026-02-13,2026-02-14 16:00:00,17,1,1,0.0248011413211367,0.0647464473464242,0.0148148148148148
2026-02-13,2026-02-14 17:00:00,18,1,1,0.0268133289848555,0.0851777560353887,0.0122222222222222
2026-02-13,2026-02-14 18:00:00,19,1,1,0.027809798582947,0.0923823262480684,0.0116666666666666
2026-02-13,2026-02-14 19:00:00,20,1,1,0.0280275051705413,0.0631004888156697,0.0192592592592592
2026-02-13,2026-02-14 20:00:00,21,1,1,0.0437162984936977,0.0785814924684888,0.035
2026-02-13,2026-02-14 21:00:00,22,1,1,0.0519707697121597,0.0765205152274655,0.0458333333333333
2026-02-13,2026-02-14 22:00:00,23,1,1,0.0594891743958689,0.1041125386460111,0.0483333333333333
2026-02-13,2026-02-14 23:00:00,24,1,1,0.0326872389433157,0.116769528049912,0.0116666666666666
2026-02-13,2026-02-15 00:00:00,25,2,1,0.0428139362020416,0.1288844958250228,0.0212962962962962
2026-02-13,2026-02-15 01:00:00,26,2,1,0.0216771083081096,0.0572744304294371,0.0127777777777777
2026-02-13,2026-02-15 02:00:00,27,2,1,0.0279539906405788,0.0560662494991907,0.0209259259259259
2026-02-13,2026-02-15 03:00:00,28,2,1,0.0239541255035659,0.0553261830733852,0.0161111111111111
2026-02-13,2026-02-15 04:00:00,29,2,1,0.0487491324993124,0.0470789958298955,0.0491666666666666
2026-02-13,2026-02-15 05:00:00,30,2,1,0.097119483349286,0.1011529723019855,0.0961111111111111
2026-02-13,2026-02-15 06:00:00,31,2,1,0.1739879220981343,0.1432729438240047,0.1816666666666666
2026-02-13,2026-02-15 07:00:00,32,2,1,0.2676638578874753,0.2042452153633026,0.2835185185185184
2026-02-13,2026-02-15 08:00:00,33,2,1,0.4081601681714865,0.3858008408574324,0.4137499999999999
2026-02-13,2026-02-15 09:00:00,34,2,1,0.463160951564365,0.4808047578218251,0.4587499999999999
2026-02-13,2026-02-15 10:00:00,35,2,1,0.6247893991434678,0.717280329050672,0.6016666666666667
2026-02-13,2026-02-15 11:00:00,36,2,1,0.7302559462978108,0.7268352870446092,0.7311111111111112
2026-02-13,2026-02-15 12:00:00,37,2,1,0.8669641163134155,0.8800057667522627,0.8637037037037038
2026-02-13,2026-02-15 13:00:00,38,2,1,0.8797398958402207,0.8875883680899922,0.8777777777777778
2026-02-13,2026-02-15 14:00:00,39,2,1,0.8691653523043614,0.8980489837440283,0.8619444444444446
2026-02-13,2026-02-15 15:00:00,40,2,1,0.7607809439203723,0.90168249737964,0.7255555555555554
2026-02-13,2026-02-15 16:00:00,41,2,1,0.6952802369037063,0.8908456289629759,0.646388888888889
2026-02-13,2026-02-15 17:00:00,42,2,1,0.7380157833747153,0.952671509466169,0.6843518518518518
2026-02-13,2026-02-15 18:00:00,43,2,1,0.7224643888574975,0.9508404628060058,0.6653703703703705
2026-02-13,2026-02-15 19:00:00,44,2,1,0.7413730244372514,0.9542725295936644,0.6881481481481482
2026-02-13,2026-02-15 20:00:00,45,2,1,0.7213575076591532,0.9453060568142838,0.6653703703703705
2026-02-13,2026-02-15 21:00:00,46,2,1,0.7097310267205179,0.9479143928618486,0.6501851851851851
2026-02-13,2026-02-15 22:00:00,47,2,1,0.6597267321448926,0.9319669940577964,0.5916666666666667
2026-02-13,2026-02-15 23:00:00,48,2,1,0.4990308571909291,0.7651542859546459,0.4324999999999999
2026-02-13,2026-02-14 00:00:00,1,1,2,0.5205818186052757,0.5408181860527573,0.5183333333333333
2026-02-13,2026-02-14 01:00:00,2,1,2,0.5644527003427295,0.5745270034272951,0.5633333333333334
2026-02-13,2026-02-14 02:00:00,3,1,2,0.5350365597973126,0.5803655979731255,0.53
2026-02-13,2026-02-14 03:00:00,4,1,2,0.5531818941013849,0.6043189410138493,0.5474999999999999
2026-02-13,2026-02-14 04:00:00,5,1,2,0.4907540506462381,0.557540506462381,0.4833333333333334
2026-02-13,2026-02-14 05:00:00,6,1,2,0.3935851088903069,0.2458510889030696,0.41
2026-02-13,2026-02-14 06:00:00,7,1,2,0.2491946572647696,0.1261132393143626,0.2628703703703703
2026-02-13,2026-02-14 07:00:00,8,1,2,0.0821437897272498,0.086437897272498,0.0816666666666666
2026-02-13,2026-02-14 08:00:00,9,1,2,0.0840373129754621,0.0887064630879545,0.0835185185185185
2026-02-13,2026-02-14 09:00:00,10,1,2,0.0440603093414766,0.0506030934147663,0.0433333333333333
2026-02-13,2026-02-14 10:00:00,11,1,2,0.0244908215829308,0.0715748824959755,0.0192592592592592
2026-02-13,2026-02-14 11:00:00,12,1,2,0.031553167498983,0.1221983416564973,0.0214814814814814
2026-02-13,2026-02-14 12:00:00,13,1,2,0.0287666219962706,0.1259995532960394,0.0179629629629629
2026-02-13,2026-02-14 13:00:00,14,1,2,0.0206440874404776,0.0481075410714432,0.0175925925925925
2026-02-13,2026-02-14 14:00:00,15,1,2,0.0562705452882253,0.0777054528822533,0.0538888888888888
2026-02-13,2026-02-14 15:00:00,16,1,2,0.0204676967504161,0.0763436341708279,0.0142592592592592
2026-02-13,2026-02-14 16:00:00,17,1,2,0.0200137931883548,0.066804598550215,0.0148148148148148
2026-02-13,2026-02-14 17:00:00,18,1,2,0.0188891207064144,0.0788912070641441,0.0122222222222222
2026-02-13,2026-02-14 18:00:00,19,1,2,0.0168998902752733,0.0639989027527333,0.0116666666666666
2026-02-13,2026-02-14 19:00:00,20,1,2,0.0235250529556076,0.0619171962227434,0.0192592592592592
2026-02-13,2026-02-14 20:00:00,21,1,2,0.0370607257902546,0.0706072579025461,0.0333333333333333
2026-02-13,2026-02-14 21:00:00,22,1,2,0.049565438512717,0.0981543851271705,0.0441666666666666
2026-02-13,2026-02-14 22:00:00,23,1,2,0.0506300601083485,0.0863006010834855,0.0466666666666666
2026-02-13,2026-02-14 23:00:00,24,1,2,0.0171939299605339,0.0669392996053395,0.0116666666666666
2026-02-13,2026-02-15 00:00:00,25,2,2,0.0328874615551423,0.137207948884757,0.0212962962962962
2026-02-13,2026-02-15 01:00:00,26,2,2,0.021092866594198,0.0959286659419803,0.0127777777777777
2026-02-13,2026-02-15 02:00:00,27,2,2,0.0242080701493724,0.0537473681603907,0.0209259259259259
2026-02-13,2026-02-15 03:00:00,28,2,2,0.0230422340655245,0.0854223406552459,0.0161111111111111
2026-02-13,2026-02-15 04:00:00,29,2,2,0.0481844720169317,0.0543447201693172,0.0474999999999999
2026-02-13,2026-02-15 05:00:00,30,2,2,0.0823602576943613,0.0386025769436127,0.0872222222222222
2026-02-13,2026-02-15 06:00:00,31,2,2,0.1652044705671732,0.1070447056717318,0.1716666666666666
2026-02-13,2026-02-15 07:00:00,32,2,2,0.2600298764252606,0.1619654309192726,0.2709259259259259
2026-02-13,2026-02-15 08:00:00,33,2,2,0.3683254581501326,0.223254581501327,0.3844444444444443
2026-02-13,2026-02-15 09:00:00,34,2,2,0.4340897240216956,0.420897240216957,0.4355555555555554
2026-02-13,2026-02-15 10:00:00,35,2,2,0.6083432268250544,0.743432268250543,0.5933333333333334
2026-02-13,2026-02-15 11:00:00,36,2,2,0.7308276814501504,0.7566101478348364,0.727962962962963
2026-02-13,2026-02-15 12:00:00,37,2,2,0.8501278744307963,0.8762787443079637,0.8472222222222222
2026-02-13,2026-02-15 13:00:00,38,2,2,0.8687719844281192,0.9027198442811932,0.8649999999999999
2026-02-13,2026-02-15 14:00:00,39,2,2,0.8495756843572331,0.8907568435723298,0.8450000000000001
2026-02-13,2026-02-15 15:00:00,40,2,2,0.7420866965185765,0.9075336318524316,0.7237037037037036
2026-02-13,2026-02-15 16:00:00,41,2,2,0.6720830119468484,0.8358301194684822,0.6538888888888891
2026-02-13,2026-02-15 17:00:00,42,2,2,0.709904179105912,0.8973751243924534,0.6890740740740741
2026-02-13,2026-02-15 18:00:00,43,2,2,0.6921802396127429,0.8784690627940935,0.6714814814814817
2026-02-13,2026-02-15 19:00:00,44,2,2,0.7056361607466834,0.8230282741335003,0.6925925925925926
2026-02-13,2026-02-15 20:00:00,45,2,2,0.6892641172067857,0.849307838734522,0.6714814814814817
2026-02-13,2026-02-15 21:00:00,46,2,2,0.6755590371612076,0.8389237049454092,0.6574074074074074
2026-02-13,2026-02-15 22:00:00,47,2,2,0.6034234751079571,0.8292347510795712,0.5783333333333333
2026-02-13,2026-02-15 23:00:00,48,2,2,0.4358480536953935,0.706813870287269,0.4057407407407406
2026-02-14,2026-02-15 00:00:00,1,1,1,0.018559818621273,0.0431694634767354,0.0124074074074074
2026-02-14,2026-02-15 01:00:00,2,1,1,0.0214253188581335,0.0426821498462234,0.0161111111111111
2026-02-14,2026-02-15 02:00:00,3,1,1,0.0221006787390792,0.0416145048065071,0.0172222222222222
2026-02-14,2026-02-15 03:00:00,4,1,1,0.0334792090557381,0.0570256749083204,0.0275925925925926
2026-02-14,2026-02-15 04:00:00,5,1,1,0.0722061954611667,0.0297346810095372,0.082824074074074
2026-02-14,2026-02-15 05:00:00,6,1,1,0.0618833746497083,0.0575650213966897,0.0629629629629629
2026-02-14,2026-02-15 06:00:00,7,1,1,0.1992203710635461,0.1186944479103226,0.2193518518518519
2026-02-14,2026-02-15 07:00:00,8,1,1,0.2358702027976027,0.219721384358384,0.2399074074074074
2026-02-14,2026-02-15 08:00:00,9,1,1,0.4152941156528568,0.3614705782642836,0.42875
2026-02-14,2026-02-15 09:00:00,10,1,1,0.5751932620200313,0.5492996434334896,0.5816666666666667
2026-02-14,2026-02-15 10:00:00,11,1,1,0.5920353684776167,0.5401768423880835,0.605
2026-02-14,2026-02-15 11:00:00,12,1,1,0.7201804067678431,0.7320131449503263,0.7172222222222222
2026-02-14,2026-02-15 12:00:00,13,1,1,0.8766581198033465,0.8932905990167325,0.8725
2026-02-14,2026-02-15 13:00:00,14,1,1,0.8784898051762793,0.9165230999554695,0.8689814814814816
2026-02-14,2026-02-15 14:00:00,15,1,1,0.7846956265645564,0.9434781328227824,0.7449999999999999
2026-02-14,2026-02-15 15:00:00,16,1,1,0.7296117078843383,0.9562066875698396,0.672962962962963
2026-02-14,2026-02-15 16:00:00,17,1,1,0.7186373215135009,0.9620754964563938,0.6577777777777777
2026-02-14,2026-02-15 17:00:00,18,1,1,0.7139023849219697,0.953585998683922,0.6539814814814815
2026-02-14,2026-02-15 18:00:00,19,1,1,0.6756583783218457,0.9582918916092285,0.605
2026-02-14,2026-02-15 19:00:00,20,1,1,0.6837489780490484,0.9720782235785748,0.6116666666666667
2026-02-14,2026-02-15 20:00:00,21,1,1,0.7085867902261357,0.972563580760308,0.6425925925925926
2026-02-14,2026-02-15 21:00:00,22,1,1,0.6398222205569607,0.9691111027848036,0.5574999999999999
2026-02-14,2026-02-15 22:00:00,23,1,1,0.4292743051148675,0.7752604144632272,0.3427777777777775
2026-02-14,2026-02-15 23:00:00,24,1,1,0.3127211075666065,0.5213833156108107,0.2605555555555555
2026-02-14,2026-02-16 00:00:00,25,2,1,0.4862416333036709,0.7312081665183551,0.4249999999999999
2026-02-14,2026-02-16 01:00:00,26,2,1,0.4741196789110363,0.6105983945551825,0.4399999999999998
2026-02-14,2026-02-16 02:00:00,27,2,1,0.4526071849780739,0.5930359248903696,0.4174999999999999
2026-02-14,2026-02-16 03:00:00,28,2,1,0.3561239524664331,0.4095086512210553,0.3427777777777775
2026-02-14,2026-02-16 04:00:00,29,2,1,0.3301693435753914,0.4938096808399203,0.2892592592592591
2026-02-14,2026-02-16 05:00:00,30,2,1,0.3215295763673751,0.5080182522072463,0.2749074074074074
2026-02-14,2026-02-16 06:00:00,31,2,1,0.2892232179261431,0.4153753488899747,0.2576851851851852
2026-02-14,2026-02-16 07:00:00,32,2,1,0.3575121637550422,0.3925608187752111,0.34875
2026-02-14,2026-02-16 08:00:00,33,2,1,0.4389589336644072,0.4347946683220367,0.4399999999999998
2026-02-14,2026-02-16 09:00:00,34,2,1,0.5136314754940526,0.5948240441369295,0.4933333333333334
2026-02-14,2026-02-16 10:00:00,35,2,1,0.2861758328923865,0.3542124977952658,0.2691666666666666
2026-02-14,2026-02-16 11:00:00,36,2,1,0.3689233626694628,0.5212834800139812,0.3308333333333332
2026-02-14,2026-02-16 12:00:00,37,2,1,0.2961466875681424,0.449992697099971,0.2576851851851852
2026-02-14,2026-02-16 13:00:00,38,2,1,0.2054574320144387,0.429509382294416,0.1494444444444444
2026-02-14,2026-02-16 14:00:00,39,2,1,0.2710882620394084,0.4506264953822271,0.2262037037037037
2026-02-14,2026-02-16 15:00:00,40,2,1,0.2621107918062693,0.4468502553276427,0.2159259259259259
2026-02-14,2026-02-16 16:00:00,41,2,1,0.3641918430691563,0.5215147709013368,0.3248611111111111
2026-02-14,2026-02-16 17:00:00,42,2,1,0.4978225309696146,0.684112654848073,0.4512499999999999
2026-02-14,2026-02-16 18:00:00,43,2,1,0.314033985613911,0.5509106688102959,0.2548148148148147
2026-02-14,2026-02-16 19:00:00,44,2,1,0.4128432146146389,0.597549406406528,0.3666666666666666
2026-02-14,2026-02-16 20:00:00,45,2,1,0.512124735178247,0.7106236758912349,0.4625
2026-02-14,2026-02-16 21:00:00,46,2,1,0.57405642913931,0.7102821456965499,0.54
2026-02-14,2026-02-16 22:00:00,47,2,1,0.4998330163827094,0.6491650819135465,0.4625
2026-02-14,2026-02-16 23:00:00,48,2,1,0.3927678529965985,0.4732837094274372,0.3726388888888888
2026-02-14,2026-02-15 00:00:00,1,1,2,0.0170583173473855,0.0589165068071887,0.0124074074074074
2026-02-14,2026-02-15 01:00:00,2,1,2,0.0188438965647381,0.0434389656473818,0.0161111111111111
2026-02-14,2026-02-15 02:00:00,3,1,2,0.0193361275528792,0.0383612755287926,0.0172222222222222
2026-02-14,2026-02-15 03:00:00,4,1,2,0.0268362711332922,0.0266960446662559,0.0268518518518518
2026-02-14,2026-02-15 04:00:00,5,1,2,0.070583840800558,0.0375050746722468,0.0742592592592592
2026-02-14,2026-02-15 05:00:00,6,1,2,0.0539470243104737,0.021136909771404,0.0575925925925925
2026-02-14,2026-02-15 06:00:00,7,1,2,0.1964198636418113,0.0800319697514466,0.2093518518518519
2026-02-14,2026-02-15 07:00:00,8,1,2,0.2237239657124866,0.1680729904581996,0.2299074074074074
2026-02-14,2026-02-15 08:00:00,9,1,2,0.386896928137092,0.2556359480375861,0.4014814814814815
2026-02-14,2026-02-15 09:00:00,10,1,2,0.558505514300373,0.5150551430037299,0.5633333333333334
2026-02-14,2026-02-15 10:00:00,11,1,2,0.5938815234160277,0.5538152341602777,0.5983333333333333
2026-02-14,2026-02-15 11:00:00,12,1,2,0.7215175772867632,0.7593424395342984,0.7173148148148148
2026-02-14,2026-02-15 12:00:00,13,1,2,0.858432616947645,0.8593261694764499,0.8583333333333334
2026-02-14,2026-02-15 13:00:00,14,1,2,0.8594387178049983,0.9093871780499816,0.8538888888888889
2026-02-14,2026-02-15 14:00:00,15,1,2,0.7533798316645012,0.8862983166450115,0.7386111111111111
2026-02-14,2026-02-15 15:00:00,16,1,2,0.703038239543288,0.9237157287662122,0.6785185185185186
2026-02-14,2026-02-15 16:00:00,17,1,2,0.6859768356833229,0.8797683568332298,0.6644444444444444
2026-02-14,2026-02-15 17:00:00,18,1,2,0.6860907063841044,0.9125737305077098,0.660925925925926
2026-02-14,2026-02-15 18:00:00,19,1,2,0.6221846375007029,0.8368463750070287,0.5983333333333333
2026-02-14,2026-02-15 19:00:00,20,1,2,0.6317769476775073,0.8427694767750719,0.6083333333333334
2026-02-14,2026-02-15 20:00:00,21,1,2,0.6691749434547376,0.8384161012140426,0.6503703703703704
2026-02-14,2026-02-15 21:00:00,22,1,2,0.5666130897912818,0.8436308979128192,0.5358333333333332
2026-02-14,2026-02-15 22:00:00,23,1,2,0.3548363987513813,0.6533639875138142,0.3216666666666665
2026-02-14,2026-02-15 23:00:00,24,1,2,0.2684813952286863,0.4398139522868637,0.2494444444444443
2026-02-14,2026-02-16 00:00:00,25,2,2,0.420459855570826,0.6295985557082614,0.3972222222222221
2026-02-14,2026-02-16 01:00:00,26,2,2,0.4371682095282422,0.6433487619490906,0.4142592592592591
2026-02-14,2026-02-16 02:00:00,27,2,2,0.4084975471583129,0.5866421382497965,0.3887037037037036
2026-02-14,2026-02-16 03:00:00,28,2,2,0.3324246378077995,0.4292463780779957,0.3216666666666665
2026-02-14,2026-02-16 04:00:00,29,2,2,0.2900823550991458,0.4141568843247922,0.2762962962962962
2026-02-14,2026-02-16 05:00:00,30,2,2,0.2827701058056012,0.461867724722679,0.2628703703703703
2026-02-14,2026-02-16 06:00:00,31,2,2,0.2564250652344386,0.3434173190110522,0.2467592592592593
2026-02-14,2026-02-16 07:00:00,32,2,2,0.3242945728865946,0.3029457288659458,0.3266666666666666
2026-02-14,2026-02-16 08:00:00,33,2,2,0.4104484007462274,0.3761506741289422,0.4142592592592591
2026-02-14,2026-02-16 09:00:00,34,2,2,0.4716910318430031,0.4719103184300309,0.4716666666666667
2026-02-14,2026-02-16 10:00:00,35,2,2,0.2675047118638434,0.3575471186384337,0.2575
2026-02-14,2026-02-16 11:00:00,36,2,2,0.3291624101610509,0.4866241016105101,0.3116666666666665
2026-02-14,2026-02-16 12:00:00,37,2,2,0.2688130372114917,0.4672970387815836,0.2467592592592593
2026-02-14,2026-02-16 13:00:00,38,2,2,0.1647099825572369,0.3920998255723689,0.1394444444444444
2026-02-14,2026-02-16 14:00:00,39,2,2,0.2422569424743383,0.4767360914100493,0.2162037037037037
2026-02-14,2026-02-16 15:00:00,40,2,2,0.238049549679587,0.5271621634625366,0.2059259259259259
2026-02-14,2026-02-16 16:00:00,41,2,2,0.32665860503154,0.5065860503153994,0.3066666666666667
2026-02-14,2026-02-16 17:00:00,42,2,2,0.4527185979692257,0.6838526463589243,0.4270370370370369
2026-02-14,2026-02-16 18:00:00,43,2,2,0.2732755512118278,0.5360888454516121,0.244074074074074
2026-02-14,2026-02-16 19:00:00,44,2,2,0.3632427195179299,0.5574271951793,0.3416666666666666
2026-02-14,2026-02-16 20:00:00,45,2,2,0.4622787891481,0.6644545581476667,0.4398148148148148
2026-02-14,2026-02-16 21:00:00,46,2,2,0.5357358573171105,0.6923585731711057,0.5183333333333333
2026-02-14,2026-02-16 22:00:00,47,2,2,0.459996614042809,0.641632807094756,0.4398148148148148
2026-02-14,2026-02-16 23:00:00,48,2,2,0.3526988643164416,0.4069886431644163,0.3466666666666665
2026-02-15,2026-02-16 00:00:00,1,1,1,0.2662146178446745,0.4810730892233726,0.2124999999999998
2026-02-15,2026-02-16 01:00:00,2,1,1,0.3197546247292748,0.4302546051278558,0.2921296296296296
2026-02-15,2026-02-16 02:00:00,3,1,1,0.3561900305513363,0.4576168194233488,0.3308333333333332
2026-02-15,2026-02-16 03:00:00,4,1,1,0.4082383940116089,0.5028586367247109,0.3845833333333334
2026-02-15,2026-02-16 04:00:00,5,1,1,0.4433621786140854,0.5468108930704272,0.4174999999999999
2026-02-15,2026-02-16 05:00:00,6,1,1,0.4661832065419158,0.615916032709579,0.42875
2026-02-15,2026-02-16 06:00:00,7,1,1,0.4624686257483228,0.5373431287416143,0.4437499999999999
2026-02-15,2026-02-16 07:00:00,8,1,1,0.5000272032829188,0.6801360164145939,0.455
2026-02-15,2026-02-16 08:00:00,9,1,1,0.4423914524430995,0.5869572622154978,0.4062499999999999
2026-02-15,2026-02-16 09:00:00,10,1,1,0.4910229908796897,0.505114954398449,0.4874999999999999
2026-02-15,2026-02-16 10:00:00,11,1,1,0.2996234637257339,0.3870062075175585,0.2777777777777777
2026-02-15,2026-02-16 11:00:00,12,1,1,0.5149529084980761,0.6480978758237138,0.4816666666666666
2026-02-15,2026-02-16 12:00:00,13,1,1,0.6371423858446144,0.8457119292230715,0.5850000000000001
2026-02-15,2026-02-16 13:00:00,14,1,1,0.5790018668518819,0.8283426675927426,0.5166666666666667
2026-02-15,2026-02-16 14:00:00,15,1,1,0.4966089922080529,0.7980449610402647,0.4212499999999999
2026-02-15,2026-02-16 15:00:00,16,1,1,0.3190290266555896,0.6103303184631332,0.2462037037037036
2026-02-15,2026-02-16 16:00:00,17,1,1,0.2924098637222396,0.6120493186111987,0.2124999999999998
2026-02-15,2026-02-16 17:00:00,18,1,1,0.2469071896630257,0.4530544668336471,0.1953703703703703
2026-02-15,2026-02-16 18:00:00,19,1,1,0.3298421442002753,0.5151366469273029,0.2835185185185184
2026-02-15,2026-02-16 19:00:00,20,1,1,0.3289654753676132,0.6370495990602879,0.2519444444444444
2026-02-15,2026-02-16 20:00:00,21,1,1,0.3246458995258902,0.6269332013331546,0.249074074074074
2026-02-15,2026-02-16 21:00:00,22,1,1,0.3160940121420994,0.515284875525312,0.2662962962962963
2026-02-15,2026-02-16 22:00:00,23,1,1,0.272851388113021,0.4594421257502904,0.2262037037037037
2026-02-15,2026-02-16 23:00:00,24,1,1,0.2371958953083504,0.404497995060271,0.1953703703703703
2026-02-15,2026-02-17 00:00:00,25,2,1,0.3260513944517237,0.4024791944808408,0.3069444444444444
2026-02-15,2026-02-17 01:00:00,26,2,1,0.351070022273929,0.3842390002585348,0.3427777777777775
2026-02-15,2026-02-17 02:00:00,27,2,1,0.3601729237084436,0.3819757296533296,0.3547222222222221
2026-02-15,2026-02-17 03:00:00,28,2,1,0.3007712671523223,0.3697822616875378,0.2835185185185184
2026-02-15,2026-02-17 04:00:00,29,2,1,0.3308215573723933,0.4024411201953005,0.3129166666666665
2026-02-15,2026-02-17 05:00:00,30,2,1,0.2097968240222547,0.1441693052964588,0.2262037037037037
2026-02-15,2026-02-17 06:00:00,31,2,1,0.224897671759277,0.1785624328704588,0.2364814814814815
2026-02-15,2026-02-17 07:00:00,32,2,1,0.1286990775359562,0.1503472395316333,0.123287037037037
2026-02-15,2026-02-17 08:00:00,33,2,1,0.0758571237245327,0.1066930260300712,0.0681481481481481
2026-02-15,2026-02-17 09:00:00,34,2,1,0.085272200414229,0.0798795205896635,0.0866203703703703
2026-02-15,2026-02-17 10:00:00,35,2,1,0.1692470627429289,0.1947538322331631,0.1628703703703703
2026-02-15,2026-02-17 11:00:00,36,2,1,0.1077728239028343,0.1771974528475049,0.0904166666666666
2026-02-15,2026-02-17 12:00:00,37,2,1,0.2020537527001871,0.4661946894268616,0.1360185185185185
2026-02-15,2026-02-17 13:00:00,38,2,1,0.1459344387273313,0.3528203417848047,0.0942129629629629
2026-02-15,2026-02-17 14:00:00,39,2,1,0.2146802759508735,0.4219198982728863,0.1628703703703703
2026-02-15,2026-02-17 15:00:00,40,2,1,0.2950265419427373,0.5292067837877605,0.2364814814814815
2026-02-15,2026-02-17 16:00:00,41,2,1,0.3409564945272452,0.6970046948584481,0.2519444444444444
2026-02-15,2026-02-17 17:00:00,42,2,1,0.4893968626247312,0.6269843131236561,0.455
2026-02-15,2026-02-17 18:00:00,43,2,1,0.5449899536481487,0.6816164349074104,0.5108333333333333
2026-02-15,2026-02-17 19:00:00,44,2,1,0.5491181046768338,0.6789238567175018,0.5166666666666667
2026-02-15,2026-02-17 20:00:00,45,2,1,0.4900872337005322,0.6004361685026609,0.4625
2026-02-15,2026-02-17 21:00:00,46,2,1,0.5259100513558729,0.6795502567793645,0.4874999999999999
2026-02-15,2026-02-17 22:00:00,47,2,1,0.5566760584683867,0.693380292341934,0.5225
2026-02-15,2026-02-17 23:00:00,48,2,1,0.590497627833761,0.5324881391688051,0.605
2026-02-15,2026-02-16 00:00:00,1,1,2,0.2206419524268905,0.3839195242689066,0.2024999999999998
2026-02-15,2026-02-16 01:00:00,2,1,2,0.2908646801338808,0.3978134680054737,0.2789814814814815
2026-02-15,2026-02-16 02:00:00,3,1,2,0.3222098841231678,0.417098841231679,0.3116666666666665
2026-02-15,2026-02-16 03:00:00,4,1,2,0.3666156820209671,0.4561568202096718,0.3566666666666667
2026-02-15,2026-02-16 04:00:00,5,1,2,0.396641515932232,0.4680818259889881,0.3887037037037036
2026-02-15,2026-02-16 05:00:00,6,1,2,0.4194860958635786,0.5815276253024534,0.4014814814814815
2026-02-15,2026-02-16 06:00:00,7,1,2,0.4295982092572629,0.5293154259059636,0.4185185185185184
2026-02-15,2026-02-16 07:00:00,8,1,2,0.444932128388527,0.5676546172186029,0.4312962962962963
2026-02-15,2026-02-16 08:00:00,9,1,2,0.3981750867774845,0.598417534441512,0.3759259259259259
2026-02-15,2026-02-16 09:00:00,10,1,2,0.4635594983814708,0.4430949838147083,0.4658333333333332
2026-02-15,2026-02-16 10:00:00,11,1,2,0.2735819751942082,0.3458197519420827,0.2655555555555555
2026-02-15,2026-02-16 11:00:00,12,1,2,0.479190515338096,0.6519051533809608,0.4599999999999999
2026-02-15,2026-02-16 12:00:00,13,1,2,0.5965733514498471,0.8507335144984703,0.5683333333333334
2026-02-15,2026-02-16 13:00:00,14,1,2,0.5279237659252671,0.8242376592526713,0.495
2026-02-15,2026-02-16 14:00:00,15,1,2,0.4371071341814629,0.8344046751479637,0.3929629629629628
2026-02-15,2026-02-16 15:00:00,16,1,2,0.2788101469732225,0.6639348030655589,0.2360185185185185
2026-02-15,2026-02-16 16:00:00,17,1,2,0.2552108233952185,0.7296082339521862,0.2024999999999998
2026-02-15,2026-02-16 17:00:00,18,1,2,0.2206534079085743,0.5382007457524105,0.1853703703703703
2026-02-15,2026-02-16 18:00:00,19,1,2,0.3019258744933754,0.5809254116004207,0.2709259259259259
2026-02-15,2026-02-16 19:00:00,20,1,2,0.2869358979339051,0.6968589793390507,0.2413888888888889
2026-02-15,2026-02-16 20:00:00,21,1,2,0.272567735581732,0.5773440224839866,0.2387037037037036
2026-02-15,2026-02-16 21:00:00,22,1,2,0.2743341078309751,0.4500077449764177,0.2548148148148148
2026-02-15,2026-02-16 22:00:00,23,1,2,0.2394260775695052,0.4484274423617189,0.2162037037037037
2026-02-15,2026-02-16 23:00:00,24,1,2,0.2049218812958741,0.380885479625408,0.1853703703703703
2026-02-15,2026-02-17 00:00:00,25,2,2,0.2969634478868372,0.3446344788683733,0.2916666666666666
2026-02-15,2026-02-17 01:00:00,26,2,2,0.3261045972675571,0.3660459726755714,0.3216666666666665
2026-02-15,2026-02-17 02:00:00,27,2,2,0.3344807633855058,0.3598076338550586,0.3316666666666666
2026-02-15,2026-02-17 03:00:00,28,2,2,0.277938835523029,0.3410550218969574,0.2709259259259259
2026-02-15,2026-02-17 04:00:00,29,2,2,0.2982648025896152,0.312648025896152,0.2966666666666666
2026-02-15,2026-02-17 05:00:00,30,2,2,0.2043546706515115,0.0977133731817815,0.2162037037037037
2026-02-15,2026-02-17 06:00:00,31,2,2,0.2157052194410444,0.118718861077111,0.2264814814814814
2026-02-15,2026-02-17 07:00:00,32,2,2,0.1131855806736667,0.109355806736667,0.1136111111111111
2026-02-15,2026-02-17 08:00:00,33,2,2,0.0647670558254503,0.0960038915878371,0.0612962962962962
2026-02-15,2026-02-17 09:00:00,34,2,2,0.079536811305993,0.0937014463932637,0.0779629629629629
2026-02-15,2026-02-17 10:00:00,35,2,2,0.1607962625018062,0.2321292916847288,0.1528703703703703
2026-02-15,2026-02-17 11:00:00,36,2,2,0.0946803490836249,0.2118034908362495,0.0816666666666666
2026-02-15,2026-02-17 12:00:00,37,2,2,0.158354683102495,0.4493801643582834,0.1260185185185185
2026-02-15,2026-02-17 13:00:00,38,2,2,0.1192816029068115,0.4244826957347825,0.0853703703703703
2026-02-15,2026-02-17 14:00:00,39,2,2,0.1921374038289432,0.5455407049560989,0.1528703703703703
2026-02-15,2026-02-17 15:00:00,40,2,2,0.2615428939585359,0.5770956062520255,0.2264814814814814
2026-02-15,2026-02-17 16:00:00,41,2,2,0.2933075305987568,0.7605753059875676,0.2413888888888889
2026-02-15,2026-02-17 17:00:00,42,2,2,0.4496127881683693,0.6144612150170267,0.4312962962962963
2026-02-15,2026-02-17 18:00:00,43,2,2,0.5055854479319705,0.6533544793197057,0.4891666666666665
2026-02-15,2026-02-17 19:00:00,44,2,2,0.5022728040822079,0.5677280408220784,0.495
2026-02-15,2026-02-17 20:00:00,45,2,2,0.4481044309226977,0.5227109758936439,0.4398148148148148
2026-02-15,2026-02-17 21:00:00,46,2,2,0.4746520975869238,0.5540209758692382,0.4658333333333332
2026-02-15,2026-02-17 22:00:00,47,2,2,0.5144003123582256,0.6365031235822559,0.5008333333333334
2026-02-15,2026-02-17 23:00:00,48,2,2,0.5872688278173908,0.4876882781739081,0.5983333333333333
2026-02-16,2026-02-17 00:00:00,1,1,1,0.2112746970551316,0.3297068186089916,0.1816666666666666
2026-02-16,2026-02-17 01:00:00,2,1,1,0.2884667616110492,0.3771486228700609,0.2662962962962963
2026-02-16,2026-02-17 02:00:00,3,1,1,0.340269269897103,0.42579079392996,0.3188888888888888
2026-02-16,2026-02-17 03:00:00,4,1,1,0.4409028147159642,0.5195140735798212,0.4212499999999999
2026-02-16,2026-02-17 04:00:00,5,1,1,0.3309139368065558,0.4267919062550011,0.3069444444444444
2026-02-16,2026-02-17 05:00:00,6,1,1,0.0511167986195059,0.1215099190234558,0.0335185185185185
2026-02-16,2026-02-17 06:00:00,7,1,1,0.0411056597478044,0.1129357061464296,0.0231481481481481
2026-02-16,2026-02-17 07:00:00,8,1,1,0.0633105147859151,0.1009970183740201,0.0538888888888888
2026-02-16,2026-02-17 08:00:00,9,1,1,0.1303823591389051,0.1300599438426737,0.1304629629629629
2026-02-16,2026-02-17 09:00:00,10,1,1,0.2296524569525379,0.18863265513306,0.2399074074074074
2026-02-16,2026-02-17 10:00:00,11,1,1,0.2872349458383586,0.2083969514140155,0.3069444444444444
2026-02-16,2026-02-17 11:00:00,12,1,1,0.1241364555876605,0.0988304260864508,0.1304629629629629
2026-02-16,2026-02-17 12:00:00,13,1,1,0.189316623589216,0.1788053401683023,0.1919444444444444
2026-02-16,2026-02-17 13:00:00,14,1,1,0.1795312920469271,0.2139527565309315,0.1709259259259259
2026-02-16,2026-02-17 14:00:00,15,1,1,0.198960789555791,0.2270261700011773,0.1919444444444444
2026-02-16,2026-02-17 15:00:00,16,1,1,0.2153244380115082,0.2677333011686523,0.2022222222222222
2026-02-16,2026-02-17 16:00:00,17,1,1,0.1939461780465801,0.2752864457884564,0.173611111111111
2026-02-16,2026-02-17 17:00:00,18,1,1,0.4643660065040897,0.6068300325204483,0.42875
2026-02-16,2026-02-17 18:00:00,19,1,1,0.4979425309093357,0.6847126545466784,0.4512499999999999
2026-02-16,2026-02-17 19:00:00,20,1,1,0.5586509053631363,0.5165878601490149,0.5691666666666666
2026-02-16,2026-02-17 20:00:00,21,1,1,0.6112991930643954,0.486125594951606,0.6425925925925926
2026-02-16,2026-02-17 21:00:00,22,1,1,0.5989199202137485,0.4545996010687422,0.635
2026-02-16,2026-02-17 22:00:00,23,1,1,0.5225415157845623,0.476040912256145,0.5341666666666667
2026-02-16,2026-02-17 23:00:00,24,1,1,0.5279481471719591,0.619740735859795,0.5050000000000001
2026-02-16,2026-02-18 00:00:00,25,2,1,0.6958392782977799,0.6103075026000104,0.7172222222222222
2026-02-16,2026-02-18 01:00:00,26,2,1,0.8119386494385519,0.747841395340906,0.8279629629629633
2026-02-16,2026-02-18 02:00:00,27,2,1,0.6400095303764146,0.6448624666968882,0.6387962962962962
2026-02-16,2026-02-18 03:00:00,28,2,1,0.5448799939956618,0.634399969978309,0.5225
2026-02-16,2026-02-18 04:00:00,29,2,1,0.5269464633511022,0.61473231675551,0.5050000000000001
2026-02-16,2026-02-18 05:00:00,30,2,1,0.6178459575123574,0.7092297875617861,0.5950000000000001
2026-02-16,2026-02-18 06:00:00,31,2,1,0.6378927551546396,0.6894637757731981,0.625
2026-02-16,2026-02-18 07:00:00,32,2,1,0.6350594580092019,0.688630623379343,0.6216666666666666
2026-02-16,2026-02-18 08:00:00,33,2,1,0.6793189073209026,0.7806686106785872,0.6539814814814815
2026-02-16,2026-02-18 09:00:00,34,2,1,0.5758839162211309,0.8127529144389873,0.5166666666666667
2026-02-16,2026-02-18 10:00:00,35,2,1,0.650313732996347,0.8849019983150678,0.5916666666666667
2026-02-16,2026-02-18 11:00:00,36,2,1,0.7755394578396982,0.9532528447540468,0.7311111111111112
2026-02-16,2026-02-18 12:00:00,37,2,1,0.8398788393011857,0.9793941965059292,0.8049999999999997
2026-02-16,2026-02-18 13:00:00,38,2,1,0.91779997857869,0.9682591521527096,0.9051851851851852
2026-02-16,2026-02-18 14:00:00,39,2,1,0.926824909122728,0.972643064132157,0.9153703703703704
2026-02-16,2026-02-18 15:00:00,40,2,1,0.910759739084512,0.9371320287558942,0.9041666666666666
2026-02-16,2026-02-18 16:00:00,41,2,1,0.8840317744360379,0.9442329462542628,0.8689814814814816
2026-02-16,2026-02-18 17:00:00,42,2,1,0.689247222527757,0.8910509274536006,0.6387962962962962
2026-02-16,2026-02-18 18:00:00,43,2,1,0.5756456153043219,0.8815614098549429,0.4991666666666665
2026-02-16,2026-02-18 19:00:00,44,2,1,0.5294629980875702,0.8423149904378511,0.4512499999999999
2026-02-16,2026-02-18 20:00:00,45,2,1,0.6262972164340818,0.778152748837075,0.5883333333333334
2026-02-16,2026-02-18 21:00:00,46,2,1,0.639635440959859,0.7248438714659621,0.6183333333333333
2026-02-16,2026-02-18 22:00:00,47,2,1,0.5331785423779206,0.6692260452229369,0.4991666666666665
2026-02-16,2026-02-18 23:00:00,48,2,1,0.341092227419729,0.5015722482097562,0.3009722222222222
2026-02-16,2026-02-17 00:00:00,1,1,2,0.188075014258008,0.3357501425800804,0.1716666666666666
2026-02-16,2026-02-17 01:00:00,2,1,2,0.2681710312379268,0.3883769790459347,0.2548148148148148
2026-02-16,2026-02-17 02:00:00,3,1,2,0.3080508679323187,0.3655086793231879,0.3016666666666666
2026-02-16,2026-02-17 03:00:00,4,1,2,0.4001069708975108,0.4644030423084418,0.3929629629629628
2026-02-16,2026-02-17 04:00:00,5,1,2,0.2977578965731089,0.3525789657310894,0.2916666666666666
2026-02-16,2026-02-17 05:00:00,6,1,2,0.0385813501941114,0.0974801686077815,0.032037037037037
2026-02-16,2026-02-17 06:00:00,7,1,2,0.0322928649183086,0.1162619825164192,0.0229629629629629
2026-02-16,2026-02-17 07:00:00,8,1,2,0.0539839479679348,0.0798394796793481,0.0511111111111111
2026-02-16,2026-02-17 08:00:00,9,1,2,0.117493965292423,0.0899396529242303,0.1205555555555555
2026-02-16,2026-02-17 09:00:00,10,1,2,0.2237283340710313,0.1681166740436471,0.2299074074074074
2026-02-16,2026-02-17 10:00:00,11,1,2,0.2825836449429726,0.2008364494297265,0.2916666666666666
2026-02-16,2026-02-17 11:00:00,12,1,2,0.1186588763769748,0.1015887637697484,0.1205555555555555
2026-02-16,2026-02-17 12:00:00,13,1,2,0.1796542563526248,0.1590425635262487,0.1819444444444444
2026-02-16,2026-02-17 13:00:00,14,1,2,0.1654946756639279,0.2066134233059454,0.1609259259259259
2026-02-16,2026-02-17 14:00:00,15,1,2,0.1863120490738789,0.2256204907387893,0.1819444444444444
2026-02-16,2026-02-17 15:00:00,16,1,2,0.2027473926290308,0.2974739262903087,0.1922222222222222
2026-02-16,2026-02-17 16:00:00,17,1,2,0.1814325738419131,0.3418257384191319,0.163611111111111
2026-02-16,2026-02-17 17:00:00,18,1,2,0.4241529602437423,0.6281962691040898,0.4014814814814815
2026-02-16,2026-02-17 18:00:00,19,1,2,0.4359655918924358,0.5163225855910257,0.4270370370370369
2026-02-16,2026-02-17 19:00:00,20,1,2,0.5324376250193595,0.3968762501935959,0.5474999999999999
2026-02-16,2026-02-17 20:00:00,21,1,2,0.6271311283455088,0.417977950121754,0.6503703703703704
2026-02-16,2026-02-17 21:00:00,22,1,2,0.6270532305546844,0.4805323055468436,0.6433333333333334
2026-02-16,2026-02-17 22:00:00,23,1,2,0.502033019863774,0.4078301986377405,0.5125
2026-02-16,2026-02-17 23:00:00,24,1,2,0.4908079688854272,0.5580796888542721,0.4833333333333334
2026-02-16,2026-02-18 00:00:00,25,2,2,0.7018270238792933,0.5624369054595988,0.7173148148148148
2026-02-16,2026-02-18 01:00:00,26,2,2,0.797101958586792,0.6593529192012509,0.8124074074074077
2026-02-16,2026-02-18 02:00:00,27,2,2,0.6416926973044437,0.59526030637777,0.6468518518518518
2026-02-16,2026-02-18 03:00:00,28,2,2,0.5093198738995489,0.585698738995489,0.5008333333333334
2026-02-16,2026-02-18 04:00:00,29,2,2,0.4960139762669019,0.6101397626690185,0.4833333333333334
2026-02-16,2026-02-18 05:00:00,30,2,2,0.5883111077583049,0.6331110775830482,0.5833333333333334
2026-02-16,2026-02-18 06:00:00,31,2,2,0.6255287836545075,0.6002878365450746,0.6283333333333333
2026-02-16,2026-02-18 07:00:00,32,2,2,0.6209625922928607,0.5996259229286067,0.6233333333333333
2026-02-16,2026-02-18 08:00:00,33,2,2,0.6749889740575371,0.8015564072420369,0.660925925925926
2026-02-16,2026-02-18 09:00:00,34,2,2,0.5142325782530183,0.6873257825301825,0.495
2026-02-16,2026-02-18 10:00:00,35,2,2,0.6035877354198893,0.8308773541988931,0.5783333333333333
2026-02-16,2026-02-18 11:00:00,36,2,2,0.7492118408033428,0.94045174136676,0.727962962962963
2026-02-16,2026-02-18 12:00:00,37,2,2,0.8086985512608742,0.9619855126087457,0.7916666666666663
2026-02-16,2026-02-18 13:00:00,38,2,2,0.9071549289327384,0.9565492893273836,0.9016666666666666
2026-02-16,2026-02-18 14:00:00,39,2,2,0.9103626823336672,0.88862682333667,0.912777777777778
2026-02-16,2026-02-18 15:00:00,40,2,2,0.9002394837812617,0.9323948378126172,0.8966666666666667
2026-02-16,2026-02-18 16:00:00,41,2,2,0.8570926760898494,0.8859267608984931,0.8538888888888889
2026-02-16,2026-02-18 17:00:00,42,2,2,0.6687602277885497,0.8659356112188309,0.6468518518518518
2026-02-16,2026-02-18 18:00:00,43,2,2,0.5087189277570154,0.7896892775701546,0.4774999999999998
2026-02-16,2026-02-18 19:00:00,44,2,2,0.4634866562747037,0.791533229413705,0.4270370370370369
2026-02-16,2026-02-18 20:00:00,45,2,2,0.5856557697325204,0.6965576973252048,0.5733333333333333
2026-02-16,2026-02-18 21:00:00,46,2,2,0.6205956101793735,0.6409561017937354,0.6183333333333333
2026-02-16,2026-02-18 22:00:00,47,2,2,0.4878240328759385,0.5807403287593865,0.4774999999999998
2026-02-16,2026-02-18 23:00:00,48,2,2,0.3112673059997823,0.5326730599978229,0.2866666666666667
2026-02-17,2026-02-18 00:00:00,1,1,1,0.5464171065685492,0.6420855328427465,0.5225
2026-02-17,2026-02-18 01:00:00,2,1,1,0.61835881483455,0.6851274075060834,0.6016666666666667
2026-02-17,2026-02-18 02:00:00,3,1,1,0.4508931903315149,0.5094659516575748,0.4362499999999999
2026-02-17,2026-02-18 03:00:00,4,1,1,0.4481014249777721,0.5105071248888609,0.4324999999999999
2026-02-17,2026-02-18 04:00:00,5,1,1,0.5151231702904224,0.6722825181187787,0.4758333333333333
2026-02-17,2026-02-18 05:00:00,6,1,1,0.5399568413450191,0.7264508733917618,0.4933333333333334
2026-02-17,2026-02-18 06:00:00,7,1,1,0.4716452950220635,0.7182264751103178,0.4099999999999999
2026-02-17,2026-02-18 07:00:00,8,1,1,0.6016316676070865,0.8481583380354323,0.54
2026-02-17,2026-02-18 08:00:00,9,1,1,0.6833121702756567,0.8461904810079127,0.6425925925925926
2026-02-17,2026-02-18 09:00:00,10,1,1,0.6900535436747646,0.8495269776330823,0.6501851851851851
2026-02-17,2026-02-18 10:00:00,11,1,1,0.7544222750731551,0.9365558198102202,0.7088888888888888
2026-02-17,2026-02-18 11:00:00,12,1,1,0.9348439105301286,0.9553306637617536,0.9297222222222222
2026-02-17,2026-02-18 12:00:00,13,1,1,0.9162962962962962,1.0,0.8953703703703703
2026-02-17,2026-02-18 13:00:00,14,1,1,0.9090685978069506,0.9708985445903084,0.893611111111111
2026-02-17,2026-02-18 14:00:00,15,1,1,0.9046088554748964,0.9767479810781856,0.886574074074074
2026-02-17,2026-02-18 15:00:00,16,1,1,0.8320943452652427,0.9404717263262145,0.8049999999999997
2026-02-17,2026-02-18 16:00:00,17,1,1,0.9062560817076812,0.9568359640939617,0.893611111111111
2026-02-17,2026-02-18 17:00:00,18,1,1,0.7671322918998555,0.9556614594992782,0.7199999999999999
2026-02-17,2026-02-18 18:00:00,19,1,1,0.5553027524747991,0.8265137623739958,0.4874999999999999
2026-02-17,2026-02-18 19:00:00,20,1,1,0.601606668456054,0.7547000089469365,0.5633333333333335
2026-02-17,2026-02-18 20:00:00,21,1,1,0.489209148999399,0.8060457449969956,0.4099999999999999
2026-02-17,2026-02-18 21:00:00,22,1,1,0.5174175917928834,0.7070879589644171,0.47
2026-02-17,2026-02-18 22:00:00,23,1,1,0.3657787182637473,0.6011158135409588,0.3069444444444444
2026-02-17,2026-02-18 23:00:00,24,1,1,0.3378384104223771,0.54363649655633,0.2863888888888889
2026-02-17,2026-02-19 00:00:00,25,2,1,0.4371486565152122,0.5307432825760614,0.4137499999999999
2026-02-17,2026-02-19 01:00:00,26,2,1,0.2685174357973738,0.4514760678757583,0.2227777777777777
2026-02-17,2026-02-19 02:00:00,27,2,1,0.3011669701781378,0.463612628668467,0.2605555555555555
2026-02-17,2026-02-19 03:00:00,28,2,1,0.3024442417408214,0.4470360235189217,0.2662962962962963
2026-02-17,2026-02-19 04:00:00,29,2,1,0.2153154331570433,0.4036142028222537,0.1682407407407407
2026-02-17,2026-02-19 05:00:00,30,2,1,0.2710237936387298,0.4091930422677233,0.2364814814814815
2026-02-17,2026-02-19 06:00:00,31,2,1,0.3115000881605648,0.4004634037657874,0.2892592592592591
2026-02-17,2026-02-19 07:00:00,32,2,1,0.2752741465768447,0.3456299921434823,0.2576851851851852
2026-02-17,2026-02-19 08:00:00,33,2,1,0.2991509201270264,0.3616805265610581,0.2835185185185184
2026-02-17,2026-02-19 09:00:00,34,2,1,0.4705836899950423,0.5479184499752117,0.4512499999999999
2026-02-17,2026-02-19 10:00:00,35,2,1,0.2890991215087051,0.5132733853213034,0.2330555555555555
2026-02-17,2026-02-19 11:00:00,36,2,1,0.3028096003834424,0.4144183722875827,0.2749074074074074
2026-02-17,2026-02-19 12:00:00,37,2,1,0.2010062225910261,0.3642903722143902,0.1601851851851851
2026-02-17,2026-02-19 13:00:00,38,2,1,0.1806425135234983,0.3813607157656398,0.1304629629629629
2026-02-17,2026-02-19 14:00:00,39,2,1,0.191269743893827,0.4230153861358016,0.1333333333333333
2026-02-17,2026-02-19 15:00:00,40,2,1,0.1326164327110846,0.2862303117035711,0.0942129629629629
2026-02-17,2026-02-19 16:00:00,41,2,1,0.1628110115417226,0.3553513540049091,0.1146759259259259
2026-02-17,2026-02-19 17:00:00,42,2,1,0.1578786925338995,0.3421712404472754,0.1118055555555555
2026-02-17,2026-02-19 18:00:00,43,2,1,0.0824896617899313,0.2124483089496567,0.05
2026-02-17,2026-02-19 19:00:00,44,2,1,0.0491337225570963,0.1664093535262225,0.0198148148148148
2026-02-17,2026-02-19 20:00:00,45,2,1,0.0431803415912571,0.1633091153636931,0.0131481481481481
2026-02-17,2026-02-19 21:00:00,46,2,1,0.0784013725177769,0.2120068625888848,0.045
2026-02-17,2026-02-19 22:00:00,47,2,1,0.2154884300993966,0.2411458542006869,0.209074074074074
2026-02-17,2026-02-19 23:00:00,48,2,1,0.4231003280329825,0.4305016401649127,0.4212499999999999
2026-02-17,2026-02-18 00:00:00,1,1,2,0.5159971285564171,0.6524712855641703,0.5008333333333334
2026-02-17,2026-02-18 01:00:00,2,1,2,0.6070118935370769,0.7301189353707679,0.5933333333333334
2026-02-17,2026-02-18 02:00:00,3,1,2,0.4161169319487483,0.4711693194874834,0.41
2026-02-17,2026-02-18 03:00:00,4,1,2,0.4137020509113137,0.4853538424464712,0.4057407407407406
2026-02-17,2026-02-18 04:00:00,5,1,2,0.4705701803141117,0.6182018031411176,0.4541666666666666
2026-02-17,2026-02-18 05:00:00,6,1,2,0.4834299130523076,0.5892991305230753,0.4716666666666667
2026-02-17,2026-02-18 06:00:00,7,1,2,0.4044222601504091,0.6225559348374249,0.3801851851851851
2026-02-17,2026-02-18 07:00:00,8,1,2,0.5385254725978671,0.7202547259786708,0.5183333333333333
2026-02-17,2026-02-18 08:00:00,9,1,2,0.6593770981429142,0.7404376480958081,0.6503703703703704
2026-02-17,2026-02-18 09:00:00,10,1,2,0.6674852194806195,0.7581855281395279,0.6574074074074074
2026-02-17,2026-02-18 10:00:00,11,1,2,0.7332429338795349,0.9340960054620152,0.710925925925926
2026-02-17,2026-02-18 11:00:00,12,1,2,0.9246940900788464,0.9069409007884636,0.9266666666666666
2026-02-17,2026-02-18 12:00:00,13,1,2,0.8946128516923012,0.9677951835896788,0.8864814814814814
2026-02-17,2026-02-18 13:00:00,14,1,2,0.890081000167432,0.9408100016743204,0.8844444444444444
2026-02-17,2026-02-18 14:00:00,15,1,2,0.881801356651117,0.9330135665111708,0.8761111111111111
2026-02-17,2026-02-18 15:00:00,16,1,2,0.8058565821456923,0.9335658214569263,0.7916666666666663
2026-02-17,2026-02-18 16:00:00,17,1,2,0.8884905114857692,0.9249051148576926,0.8844444444444444
2026-02-17,2026-02-18 17:00:00,18,1,2,0.7336062104934631,0.8610621049346312,0.7194444444444444
2026-02-17,2026-02-18 18:00:00,19,1,2,0.493976939373846,0.7472693937384611,0.4658333333333332
2026-02-17,2026-02-18 19:00:00,20,1,2,0.5524653075860935,0.6496530758609342,0.5416666666666667
2026-02-17,2026-02-18 20:00:00,21,1,2,0.4128261475176881,0.7065948085102147,0.3801851851851851
2026-02-17,2026-02-18 21:00:00,22,1,2,0.4651895551791702,0.6168955517917025,0.4483333333333333
2026-02-17,2026-02-18 22:00:00,23,1,2,0.3237127541536378,0.6121275415363786,0.2916666666666666
2026-02-17,2026-02-18 23:00:00,24,1,2,0.3055966171277625,0.5934661712776247,0.2736111111111111
2026-02-17,2026-02-19 00:00:00,25,2,2,0.3941148395235441,0.4811483952354419,0.3844444444444443
2026-02-17,2026-02-19 01:00:00,26,2,2,0.2364561509747087,0.4495615097470872,0.2127777777777777
2026-02-17,2026-02-19 02:00:00,27,2,2,0.2681503202575725,0.436503202575726,0.2494444444444443
2026-02-17,2026-02-19 03:00:00,28,2,2,0.2731775262529925,0.4384419291965913,0.2548148148148148
2026-02-17,2026-02-19 04:00:00,29,2,2,0.1805522726345713,0.3813560596790465,0.1582407407407407
2026-02-17,2026-02-19 05:00:00,30,2,2,0.2464191809878308,0.425858476544975,0.2264814814814814
2026-02-17,2026-02-19 06:00:00,31,2,2,0.2856515890402448,0.3698492237357816,0.2762962962962962
2026-02-17,2026-02-19 07:00:00,32,2,2,0.2563052480632482,0.3422191472991489,0.2467592592592593
2026-02-17,2026-02-19 08:00:00,33,2,2,0.2772232514689987,0.3338991813566542,0.2709259259259259
2026-02-17,2026-02-19 09:00:00,34,2,2,0.4331061076221784,0.4877277428884518,0.4270370370370369
2026-02-17,2026-02-19 10:00:00,35,2,2,0.2494768674889649,0.4872686748896488,0.2230555555555555
2026-02-17,2026-02-19 11:00:00,36,2,2,0.2799199992791885,0.4333666594585516,0.2628703703703703
2026-02-17,2026-02-19 12:00:00,37,2,2,0.1748590310255322,0.3969236435886555,0.1501851851851851
2026-02-17,2026-02-19 13:00:00,38,2,2,0.1481262138269301,0.3962621382693007,0.1205555555555555
2026-02-17,2026-02-19 14:00:00,39,2,2,0.1551990190807935,0.4419901908079351,0.1233333333333333
2026-02-17,2026-02-19 15:00:00,40,2,2,0.1092723779793549,0.3243904464602164,0.0853703703703703
2026-02-17,2026-02-19 16:00:00,41,2,2,0.1341081372424367,0.3935813724243667,0.1052777777777777
2026-02-17,2026-02-19 17:00:00,42,2,2,0.1313380264332301,0.3908802643323014,0.1024999999999999
2026-02-17,2026-02-19 18:00:00,43,2,2,0.0691406591875255,0.2564065918752549,0.0483333333333333
2026-02-17,2026-02-19 19:00:00,44,2,2,0.0405847967586628,0.2275146342532946,0.0198148148148148
2026-02-17,2026-02-19 20:00:00,45,2,2,0.033965700182876,0.2213236684954275,0.0131481481481481
2026-02-17,2026-02-19 21:00:00,46,2,2,0.0629957749165762,0.2399577491657622,0.0433333333333333
2026-02-17,2026-02-19 22:00:00,47,2,2,0.2118727055295391,0.327060388628725,0.199074074074074
2026-02-17,2026-02-19 23:00:00,48,2,2,0.3954660775052248,0.4179941083855826,0.3929629629629628
2026-02-18,2026-02-19 00:00:00,1,1,1,0.3785775520600441,0.5695544269668877,0.3308333333333332
2026-02-18,2026-02-19 01:00:00,2,1,1,0.2651375638308758,0.5442063376728976,0.1953703703703703
2026-02-18,2026-02-19 02:00:00,3,1,1,0.2580429073636648,0.5087330553368427,0.1953703703703703
2026-02-18,2026-02-19 03:00:00,4,1,1,0.255532450923489,0.5617363286915192,0.1789814814814814
2026-02-18,2026-02-19 04:00:00,5,1,1,0.2684178248783851,0.5332002355030365,0.2022222222222222
2026-02-18,2026-02-19 05:00:00,6,1,1,0.1753771057250007,0.3722558989953738,0.1261574074074073
2026-02-18,2026-02-19 06:00:00,7,1,1,0.1686741564145603,0.3157781894802091,0.1318981481481481
2026-02-18,2026-02-19 07:00:00,8,1,1,0.1687010127553773,0.2994309897028127,0.1360185185185185
2026-02-18,2026-02-19 08:00:00,9,1,1,0.1600618909871664,0.266976121602499,0.1333333333333333
2026-02-18,2026-02-19 09:00:00,10,1,1,0.1879669803849783,0.2668719389619287,0.1682407407407407
2026-02-18,2026-02-19 10:00:00,11,1,1,0.2424999265409255,0.2802774104824052,0.2330555555555555
2026-02-18,2026-02-19 11:00:00,12,1,1,0.2005972545029989,0.4159492354779581,0.1467592592592592
2026-02-18,2026-02-19 12:00:00,13,1,1,0.2144510270983746,0.3778106910474287,0.173611111111111
2026-02-18,2026-02-19 13:00:00,14,1,1,0.2136700332688553,0.4168686848627951,0.1628703703703703
2026-02-18,2026-02-19 14:00:00,15,1,1,0.1929948177667894,0.3779370517969104,0.1467592592592592
2026-02-18,2026-02-19 15:00:00,16,1,1,0.178974834518809,0.4419112096310819,0.1132407407407407
2026-02-18,2026-02-19 16:00:00,17,1,1,0.100369068330412,0.3518453416520604,0.0375
2026-02-18,2026-02-19 17:00:00,18,1,1,0.1152308537640738,0.3087468614129618,0.0668518518518518
2026-02-18,2026-02-19 18:00:00,19,1,1,0.0521528169609068,0.1948381588786081,0.0164814814814814
2026-02-18,2026-02-19 19:00:00,20,1,1,0.0490615833738305,0.161604213165449,0.0209259259259259
2026-02-18,2026-02-19 20:00:00,21,1,1,0.1642116804255325,0.2017991428684032,0.1548148148148148
2026-02-18,2026-02-19 21:00:00,22,1,1,0.2127959168480416,0.2139795842402087,0.2124999999999998
2026-02-18,2026-02-19 22:00:00,23,1,1,0.4642327333410651,0.4411636667053253,0.47
2026-02-18,2026-02-19 23:00:00,24,1,1,0.3379288516327371,0.3901998137192411,0.3248611111111111
2026-02-18,2026-02-20 00:00:00,25,2,1,0.2777027086001383,0.3577728022599507,0.2576851851851852
2026-02-18,2026-02-20 01:00:00,26,2,1,0.2000867000443733,0.3274705372589036,0.1682407407407407
2026-02-18,2026-02-20 02:00:00,27,2,1,0.3173883842121268,0.3830530321717454,0.3009722222222222
2026-02-18,2026-02-20 03:00:00,28,2,1,0.4632597487530059,0.4962987437650291,0.455
2026-02-18,2026-02-20 04:00:00,29,2,1,0.448172919490455,0.4508645974522745,0.4475
2026-02-18,2026-02-20 05:00:00,30,2,1,0.5580964993216461,0.4638158299415634,0.5816666666666667
2026-02-18,2026-02-20 06:00:00,31,2,1,0.5707882491044929,0.4872745788557976,0.5916666666666667
2026-02-18,2026-02-20 07:00:00,32,2,1,0.4959943379991203,0.4366383566622687,0.5108333333333333
2026-02-18,2026-02-20 08:00:00,33,2,1,0.4308203819627843,0.3491019098139217,0.4512499999999999
2026-02-18,2026-02-20 09:00:00,34,2,1,0.2596048614610922,0.3246909739721278,0.2433333333333333
2026-02-18,2026-02-20 10:00:00,35,2,1,0.170987639928507,0.2571604218647574,0.1494444444444444
2026-02-18,2026-02-20 11:00:00,36,2,1,0.1290561530262892,0.1521326169832978,0.123287037037037
2026-02-18,2026-02-20 12:00:00,37,2,1,0.0754452735230821,0.1409300713191142,0.059074074074074
2026-02-18,2026-02-20 13:00:00,38,2,1,0.0488676022073194,0.0876713443699303,0.0391666666666666
2026-02-18,2026-02-20 14:00:00,39,2,1,0.0357762838779396,0.0773999379082167,0.0253703703703703
2026-02-18,2026-02-20 15:00:00,40,2,1,0.0275813283059522,0.0653140489371684,0.0181481481481481
2026-02-18,2026-02-20 16:00:00,41,2,1,0.0370664419350279,0.0994062837492136,0.0214814814814814
2026-02-18,2026-02-20 17:00:00,42,2,1,0.0830801576910086,0.1272526403068948,0.072037037037037
2026-02-18,2026-02-20 18:00:00,43,2,1,0.5554412460590593,0.4105395636286295,0.5916666666666667
2026-02-18,2026-02-20 19:00:00,44,2,1,0.6039751052238689,0.4646903409341593,0.6387962962962962
2026-02-18,2026-02-20 20:00:00,45,2,1,0.6146314386852737,0.4420460823152577,0.6577777777777777
2026-02-18,2026-02-20 21:00:00,46,2,1,0.643811571446196,0.5120208201939432,0.6767592592592592
2026-02-18,2026-02-20 22:00:00,47,2,1,0.6520434255623668,0.6442912018859083,0.6539814814814815
2026-02-18,2026-02-20 23:00:00,48,2,1,0.6242261619548607,0.4900196986631925,0.6577777777777777
2026-02-18,2026-02-19 00:00:00,1,1,2,0.3418048408980598,0.6130484089805991,0.3116666666666665
2026-02-18,2026-02-19 01:00:00,2,1,2,0.2178848683595239,0.5105153502619066,0.1853703703703703
2026-02-18,2026-02-19 02:00:00,3,1,2,0.2213874885391211,0.5455415520578781,0.1853703703703703
2026-02-18,2026-02-19 03:00:00,4,1,2,0.205658037217579,0.5357470388424574,0.1689814814814814
2026-02-18,2026-02-19 04:00:00,5,1,2,0.2259567744805541,0.5295677448055415,0.1922222222222222
2026-02-18,2026-02-19 05:00:00,6,1,2,0.1394257582391622,0.3467575823916229,0.1163888888888888
2026-02-18,2026-02-19 06:00:00,7,1,2,0.1404820889547429,0.3073208895474296,0.1219444444444444
2026-02-18,2026-02-19 07:00:00,8,1,2,0.1428896526427986,0.2947298597613199,0.1260185185185185
2026-02-18,2026-02-19 08:00:00,9,1,2,0.1480444811238871,0.3704448112388715,0.1233333333333333
2026-02-18,2026-02-19 09:00:00,10,1,2,0.1752384463881501,0.3282177972148348,0.1582407407407407
2026-02-18,2026-02-19 10:00:00,11,1,2,0.2382890961465123,0.3753909614651234,0.2230555555555555
2026-02-18,2026-02-19 11:00:00,12,1,2,0.1633011908379196,0.4021785750458632,0.1367592592592592
2026-02-18,2026-02-19 12:00:00,13,1,2,0.1875040673005756,0.4025406730057567,0.163611111111111
2026-02-18,2026-02-19 13:00:00,14,1,2,0.1785184249580939,0.4093509162476065,0.1528703703703703
2026-02-18,2026-02-19 14:00:00,15,1,2,0.1620049773244734,0.3892164399114011,0.1367592592592592
2026-02-18,2026-02-19 15:00:00,16,1,2,0.1356569776237518,0.4215697762375179,0.1038888888888889
2026-02-18,2026-02-19 16:00:00,17,1,2,0.0649575350564078,0.3270753505640788,0.0358333333333333
2026-02-18,2026-02-19 17:00:00,18,1,2,0.0916587171732641,0.3732538383993077,0.0603703703703703
2026-02-18,2026-02-19 18:00:00,19,1,2,0.0378478716263526,0.2301453829301931,0.0164814814814814
2026-02-18,2026-02-19 19:00:00,20,1,2,0.0361555452919729,0.1732221195863962,0.0209259259259259
2026-02-18,2026-02-19 20:00:00,21,1,2,0.1573304068422531,0.2699707350891977,0.1448148148148148
2026-02-18,2026-02-19 21:00:00,22,1,2,0.211855162970382,0.2960516297038213,0.2024999999999998
2026-02-18,2026-02-19 22:00:00,23,1,2,0.4436501025641252,0.4015010256412528,0.4483333333333333
2026-02-18,2026-02-19 23:00:00,24,1,2,0.3157750568114599,0.3977505681145981,0.3066666666666667
2026-02-18,2026-02-20 00:00:00,25,2,2,0.2553006382020032,0.3321730486866992,0.2467592592592593
2026-02-18,2026-02-20 01:00:00,26,2,2,0.1703153481936764,0.2789868152700978,0.1582407407407407
2026-02-18,2026-02-20 02:00:00,27,2,2,0.2949486170850456,0.3694861708504563,0.2866666666666667
2026-02-18,2026-02-20 03:00:00,28,2,2,0.4277770155269594,0.3961034886029271,0.4312962962962963
2026-02-18,2026-02-20 04:00:00,29,2,2,0.420994918561065,0.4049491856106494,0.4227777777777778
2026-02-18,2026-02-20 05:00:00,30,2,2,0.538292992119944,0.3129299211994397,0.5633333333333334
2026-02-18,2026-02-20 06:00:00,31,2,2,0.5601725514886879,0.3967255148868792,0.5783333333333333
2026-02-18,2026-02-20 07:00:00,32,2,2,0.4744679722036288,0.3421797220362893,0.4891666666666665
2026-02-18,2026-02-20 08:00:00,33,2,2,0.4187521306429977,0.3441879730966445,0.4270370370370369
2026-02-18,2026-02-20 09:00:00,34,2,2,0.2329398167885221,0.2293981678852212,0.2333333333333333
2026-02-18,2026-02-20 10:00:00,35,2,2,0.1470579068087483,0.2155790680874832,0.1394444444444444
2026-02-18,2026-02-20 11:00:00,36,2,2,0.1195505912445747,0.1730059124457474,0.1136111111111111
2026-02-18,2026-02-20 12:00:00,37,2,2,0.0687953663653763,0.1946203303204301,0.0548148148148148
2026-02-18,2026-02-20 13:00:00,38,2,2,0.0439889364558395,0.1023893645583957,0.0375
2026-02-18,2026-02-20 14:00:00,39,2,2,0.0311321549938175,0.0871548832715088,0.0249074074074074
2026-02-18,2026-02-20 15:00:00,40,2,2,0.0214450904524044,0.0511175711907113,0.0181481481481481
2026-02-18,2026-02-20 16:00:00,41,2,2,0.0306970171931307,0.1136368385979738,0.0214814814814814
2026-02-18,2026-02-20 17:00:00,42,2,2,0.0750451124069256,0.1737844574025901,0.064074074074074
2026-02-18,2026-02-20 18:00:00,43,2,2,0.5496522578797272,0.291522578797272,0.5783333333333333
2026-02-18,2026-02-20 19:00:00,44,2,2,0.6143601735841899,0.3219350691752326,0.6468518518518518
2026-02-18,2026-02-20 20:00:00,45,2,2,0.6330073717923625,0.3500737179236259,0.6644444444444444
2026-02-18,2026-02-20 21:00:00,46,2,2,0.6576779550860676,0.4384462175273425,0.682037037037037
2026-02-18,2026-02-20 22:00:00,47,2,2,0.6495944718407018,0.5476113850736841,0.660925925925926
2026-02-18,2026-02-20 23:00:00,48,2,2,0.6370306790677511,0.3903067906775114,0.6644444444444444
2026-02-19,2026-02-20 00:00:00,1,1,1,0.4859943304116941,0.5033049853918041,0.4816666666666666
2026-02-19,2026-02-20 01:00:00,2,1,1,0.5584618801006878,0.5389760671701047,0.5633333333333335
2026-02-19,2026-02-20 02:00:00,3,1,1,0.5650292836834723,0.5718130850840276,0.5633333333333335
2026-02-19,2026-02-20 03:00:00,4,1,1,0.4664299689027671,0.4821498445138353,0.4625
2026-02-19,2026-02-20 04:00:00,5,1,1,0.5277383229671052,0.4786916148355256,0.54
2026-02-19,2026-02-20 05:00:00,6,1,1,0.5767529577350081,0.4637647886750408,0.605
2026-02-19,2026-02-20 06:00:00,7,1,1,0.5936010579120474,0.4680052895602368,0.625
2026-02-19,2026-02-20 07:00:00,8,1,1,0.6655456067005561,0.5143947001694473,0.7033333333333333
2026-02-19,2026-02-20 08:00:00,9,1,1,0.5688191316048025,0.3707623246906789,0.6183333333333333
2026-02-19,2026-02-20 09:00:00,10,1,1,0.360320607544723,0.3588252599458375,0.3606944444444444
2026-02-19,2026-02-20 10:00:00,11,1,1,0.2713896464658605,0.4110223064033767,0.2364814814814815
2026-02-19,2026-02-20 11:00:00,12,1,1,0.2391852790433034,0.2911115804017023,0.2262037037037037
2026-02-19,2026-02-20 12:00:00,13,1,1,0.1690418477032875,0.2152092385164377,0.1575
2026-02-19,2026-02-20 13:00:00,14,1,1,0.1159980340118481,0.1212864663555367,0.1146759259259259
2026-02-19,2026-02-20 14:00:00,15,1,1,0.0809457125512649,0.0962100442378059,0.0771296296296296
2026-02-19,2026-02-20 15:00:00,16,1,1,0.0644908177643267,0.1068985332660783,0.0538888888888888
2026-02-19,2026-02-20 16:00:00,17,1,1,0.0507582184784357,0.1256429442440304,0.032037037037037
2026-02-19,2026-02-20 17:00:00,18,1,1,0.0516594557042065,0.1331120933358473,0.0312962962962963
2026-02-19,2026-02-20 18:00:00,19,1,1,0.0355966091450306,0.1165015642436715,0.0153703703703703
2026-02-19,2026-02-20 19:00:00,20,1,1,0.1016039552603036,0.1995012577829995,0.0771296296296296
2026-02-19,2026-02-20 20:00:00,21,1,1,0.3997930289288209,0.3439651446441048,0.4137499999999999
2026-02-19,2026-02-20 21:00:00,22,1,1,0.5015477432008544,0.3944053826709384,0.5283333333333333
2026-02-19,2026-02-20 22:00:00,23,1,1,0.5879821000115215,0.3695401296872371,0.6425925925925926
2026-02-19,2026-02-20 23:00:00,24,1,1,0.6520251878114613,0.5530889020202698,0.6767592592592592
2026-02-19,2026-02-21 00:00:00,25,2,1,0.6496406828837304,0.5563515625668002,0.672962962962963
2026-02-19,2026-02-21 01:00:00,26,2,1,0.6072968340686611,0.5364841703433056,0.625
2026-02-19,2026-02-21 02:00:00,27,2,1,0.5064112354447391,0.5120561772236946,0.5050000000000001
2026-02-19,2026-02-21 03:00:00,28,2,1,0.4088439741313294,0.4192198706566473,0.4062499999999999
2026-02-19,2026-02-21 04:00:00,29,2,1,0.2517927862263335,0.3267417089094454,0.2330555555555555
2026-02-19,2026-02-21 05:00:00,30,2,1,0.1936759138680436,0.2954166063772551,0.1682407407407407
2026-02-19,2026-02-21 06:00:00,31,2,1,0.1343978771661296,0.2495819784232408,0.1056018518518518
2026-02-19,2026-02-21 07:00:00,32,2,1,0.1732405882614286,0.2791659042701066,0.1467592592592592
2026-02-19,2026-02-21 08:00:00,33,2,1,0.246290043071897,0.1892279931372632,0.2605555555555555
2026-02-19,2026-02-21 09:00:00,34,2,1,0.1640203120876137,0.1901015604380687,0.1575
2026-02-19,2026-02-21 10:00:00,35,2,1,0.0535947248978541,0.1368625133781596,0.0327777777777777
2026-02-19,2026-02-21 11:00:00,36,2,1,0.8945581230557677,0.7090869115751343,0.940925925925926
2026-02-19,2026-02-21 12:00:00,37,2,1,0.90572465838117,0.7230677363502945,0.951388888888889
2026-02-19,2026-02-21 13:00:00,38,2,1,0.9025396443378948,0.7360315550228063,0.9441666666666668
2026-02-19,2026-02-21 14:00:00,39,2,1,0.7116231302281809,0.63367120669646,0.7311111111111112
2026-02-19,2026-02-21 15:00:00,40,2,1,0.5001862881391755,0.5509314406958777,0.4874999999999999
2026-02-19,2026-02-21 16:00:00,41,2,1,0.1819451225601191,0.2367626498376329,0.1682407407407407
2026-02-19,2026-02-21 17:00:00,42,2,1,0.1613514987685287,0.1767574938426437,0.1575
2026-02-19,2026-02-21 18:00:00,43,2,1,0.1384907272131572,0.1878240064361563,0.1261574074074073
2026-02-19,2026-02-21 19:00:00,44,2,1,0.306670181355521,0.2816842401109389,0.3129166666666665
2026-02-19,2026-02-21 20:00:00,45,2,1,0.4075343763753042,0.3976718818765215,0.4099999999999999
2026-02-19,2026-02-21 21:00:00,46,2,1,0.5501804200294764,0.6609021001473824,0.5225
2026-02-19,2026-02-21 22:00:00,47,2,1,0.7408822656285879,0.7355224392540505,0.7422222222222222
2026-02-19,2026-02-21 23:00:00,48,2,1,0.606779698941684,0.6405651613750872,0.5983333333333333
2026-02-19,2026-02-20 00:00:00,1,1,2,0.4546308292788598,0.4063082927885989,0.4599999999999999
2026-02-19,2026-02-20 01:00:00,2,1,2,0.5285081624112821,0.4100816241128192,0.5416666666666667
2026-02-19,2026-02-20 02:00:00,3,1,2,0.53244558415195,0.4494558415194987,0.5416666666666667
2026-02-19,2026-02-20 03:00:00,4,1,2,0.436783889595036,0.4095055626170265,0.4398148148148148
2026-02-19,2026-02-20 04:00:00,5,1,2,0.5027214415802477,0.3622144158024776,0.5183333333333333
2026-02-19,2026-02-20 05:00:00,6,1,2,0.5724554976323597,0.3395549763235969,0.5983333333333333
2026-02-19,2026-02-20 06:00:00,7,1,2,0.6011644534830864,0.3566445348308643,0.6283333333333333
2026-02-19,2026-02-20 07:00:00,8,1,2,0.6754473746952729,0.3944737469527288,0.7066666666666667
2026-02-19,2026-02-20 08:00:00,9,1,2,0.5864008779722143,0.2990087797221432,0.6183333333333333
2026-02-19,2026-02-20 09:00:00,10,1,2,0.3340693529589926,0.3106935295899272,0.3366666666666666
2026-02-19,2026-02-20 10:00:00,11,1,2,0.2319629386602437,0.2812960532691044,0.2264814814814814
2026-02-19,2026-02-20 11:00:00,12,1,2,0.2211462737549949,0.2656294042166156,0.2162037037037037
2026-02-19,2026-02-20 12:00:00,13,1,2,0.1545904672824226,0.2184046728242267,0.1475
2026-02-19,2026-02-20 13:00:00,14,1,2,0.1092987763560427,0.1454877635604268,0.1052777777777777
2026-02-19,2026-02-20 14:00:00,15,1,2,0.0745217206435955,0.126883873102622,0.0687037037037037
2026-02-19,2026-02-20 15:00:00,16,1,2,0.0586815702863177,0.1268157028631777,0.0511111111111111
2026-02-19,2026-02-20 16:00:00,17,1,2,0.0399307539938103,0.1226408732714367,0.0307407407407407
2026-02-19,2026-02-20 17:00:00,18,1,2,0.0410590117273958,0.1397567839406255,0.0300925925925925
2026-02-19,2026-02-20 18:00:00,19,1,2,0.0216217110755489,0.0778837774221561,0.0153703703703703
2026-02-19,2026-02-20 19:00:00,20,1,2,0.0796991823978001,0.1786584906446683,0.0687037037037037
2026-02-19,2026-02-20 20:00:00,21,1,2,0.3679811355860968,0.2198113558609692,0.3844444444444443
2026-02-19,2026-02-20 21:00:00,22,1,2,0.489915926541689,0.3391592654168904,0.5066666666666666
2026-02-19,2026-02-20 22:00:00,23,1,2,0.622808611141146,0.374752778078127,0.6503703703703704
2026-02-19,2026-02-20 23:00:00,24,1,2,0.656336854828413,0.4250352149507969,0.682037037037037
2026-02-19,2026-02-21 00:00:00,25,2,2,0.6546469666699448,0.4398030000327806,0.6785185185185186
2026-02-19,2026-02-21 01:00:00,26,2,2,0.6096053497482443,0.4410534974824428,0.6283333333333333
2026-02-19,2026-02-21 02:00:00,27,2,2,0.4806087638512475,0.4560876385124749,0.4833333333333334
2026-02-19,2026-02-21 03:00:00,28,2,2,0.3798985599562162,0.4156522662288293,0.3759259259259259
2026-02-19,2026-02-21 04:00:00,29,2,2,0.2367746091409787,0.3602460914097877,0.2230555555555555
2026-02-19,2026-02-21 05:00:00,30,2,2,0.1801724846100565,0.3775581794338986,0.1582407407407407
2026-02-19,2026-02-21 06:00:00,31,2,2,0.1147656916680142,0.2793235833468087,0.0964814814814814
2026-02-19,2026-02-21 07:00:00,32,2,2,0.1510554216895226,0.2797208835618929,0.1367592592592592
2026-02-19,2026-02-21 08:00:00,33,2,2,0.2542795832112138,0.2977958321121388,0.2494444444444443
2026-02-19,2026-02-21 09:00:00,34,2,2,0.1533935259154039,0.2064352591540391,0.1475
2026-02-19,2026-02-21 10:00:00,35,2,2,0.0390538660987136,0.1080386609871369,0.0313888888888888
2026-02-19,2026-02-21 11:00:00,36,2,2,0.915367674378599,0.7286767437859896,0.9361111111111112
2026-02-19,2026-02-21 12:00:00,37,2,2,0.9242333141416867,0.7673331414168681,0.9416666666666668
2026-02-19,2026-02-21 13:00:00,38,2,2,0.921588571526,0.7783857152600006,0.9375
2026-02-19,2026-02-21 14:00:00,39,2,2,0.7166176712422859,0.6145100457561916,0.727962962962963
2026-02-19,2026-02-21 15:00:00,40,2,2,0.4670518786623236,0.4780187866232372,0.4658333333333332
2026-02-19,2026-02-21 16:00:00,41,2,2,0.1712965873128002,0.2887992064613359,0.1582407407407407
2026-02-19,2026-02-21 17:00:00,42,2,2,0.1540165643646085,0.2126656436460851,0.1475
2026-02-19,2026-02-21 18:00:00,43,2,2,0.1244054944830964,0.1965549448309649,0.1163888888888888
2026-02-19,2026-02-21 19:00:00,44,2,2,0.2992396439613974,0.3223964396139752,0.2966666666666666
2026-02-19,2026-02-21 20:00:00,45,2,2,0.3816240475492281,0.3945738088256142,0.3801851851851851
2026-02-19,2026-02-21 21:00:00,46,2,2,0.5240445400420152,0.7329454004201517,0.5008333333333334
2026-02-19,2026-02-21 22:00:00,47,2,2,0.7393933263564074,0.7655999302307402,0.7364814814814815
2026-02-19,2026-02-21 23:00:00,48,2,2,0.6001470180436705,0.7064701804367054,0.5883333333333333
2026-02-20,2026-02-21 00:00:00,1,1,1,0.6019361195011944,0.4830139308393054,0.6316666666666666
2026-02-20,2026-02-21 01:00:00,2,1,1,0.5616349215569826,0.494841274451579,0.5783333333333334
2026-02-20,2026-02-21 02:00:00,3,1,1,0.5213547324598916,0.4701069956327913,0.5341666666666667
2026-02-20,2026-02-21 03:00:00,4,1,1,0.4410461668196396,0.4002308340981979,0.4512499999999999
2026-02-20,2026-02-21 04:00:00,5,1,1,0.3631399216700126,0.325144052794508,0.3726388888888888
2026-02-20,2026-02-21 05:00:00,6,1,1,0.2785609116475966,0.2931749286083536,0.2749074074074074
2026-02-20,2026-02-21 06:00:00,7,1,1,0.1905605447677912,0.2476175386537707,0.1762962962962963
2026-02-20,2026-02-21 07:00:00,8,1,1,0.1646368585644703,0.2468879965260549,0.1440740740740741
2026-02-20,2026-02-21 08:00:00,9,1,1,0.14873492379989,0.2103412856661168,0.1333333333333333
2026-02-20,2026-02-21 09:00:00,10,1,1,0.0232835100861566,0.0623434763567092,0.0135185185185185
2026-02-20,2026-02-21 10:00:00,11,1,1,0.2527659799712782,0.1871632331897245,0.2691666666666666
2026-02-20,2026-02-21 11:00:00,12,1,1,0.8749992649221383,0.7249963246106913,0.9125
2026-02-20,2026-02-21 12:00:00,13,1,1,0.8993567594133687,0.7434504637335101,0.9383333333333334
2026-02-20,2026-02-21 13:00:00,14,1,1,0.921500446683104,0.7215763074895938,0.9714814814814816
2026-02-20,2026-02-21 14:00:00,15,1,1,0.9271080920074248,0.8235034230000876,0.9530092592592592
2026-02-20,2026-02-21 15:00:00,16,1,1,0.8206958111805532,0.7916272040509127,0.8279629629629633
2026-02-20,2026-02-21 16:00:00,17,1,1,0.589766193484939,0.695497634091361,0.5633333333333335
2026-02-20,2026-02-21 17:00:00,18,1,1,0.4082693649981783,0.5507912694353364,0.3726388888888888
2026-02-20,2026-02-21 18:00:00,19,1,1,0.2014292411874672,0.3234425022336323,0.1709259259259259
2026-02-20,2026-02-21 19:00:00,20,1,1,0.277621031655117,0.2769940471644739,0.2777777777777777
2026-02-20,2026-02-21 20:00:00,21,1,1,0.5542229636037382,0.4177814846853576,0.5883333333333334
2026-02-20,2026-02-21 21:00:00,22,1,1,0.5632374800812522,0.3295207337395944,0.6216666666666666
2026-02-20,2026-02-21 22:00:00,23,1,1,0.568869344177134,0.3443467208856697,0.625
2026-02-20,2026-02-21 23:00:00,24,1,1,0.1938581221297374,0.2289202402783168,0.1850925925925926
2026-02-20,2026-02-22 00:00:00,25,2,1,0.6516457765804552,0.703043697717091,0.6387962962962962
2026-02-20,2026-02-22 01:00:00,26,2,1,0.5544607062275537,0.6823035311377689,0.5225
2026-02-20,2026-02-22 02:00:00,27,2,1,0.353033012087263,0.5373872826585373,0.3069444444444444
2026-02-20,2026-02-22 03:00:00,28,2,1,0.2806978951784746,0.512378364781262,0.2227777777777777
2026-02-20,2026-02-22 04:00:00,29,2,1,0.130635829950111,0.223179149750555,0.1075
2026-02-20,2026-02-22 05:00:00,30,2,1,0.0225127198244055,0.0658969324553608,0.0116666666666666
2026-02-20,2026-02-22 06:00:00,31,2,1,0.0187774869877576,0.0353689164202699,0.0146296296296296
2026-02-20,2026-02-22 07:00:00,32,2,1,0.0253189618906861,0.0502985131571344,0.019074074074074
2026-02-20,2026-02-22 08:00:00,33,2,1,0.0297829509875377,0.0637295697525037,0.0212962962962962
2026-02-20,2026-02-22 09:00:00,34,2,1,0.0351637957685491,0.0595226825464492,0.029074074074074
2026-02-20,2026-02-22 10:00:00,35,2,1,0.0561936095950107,0.0654124924194982,0.0538888888888888
2026-02-20,2026-02-22 11:00:00,36,2,1,0.1775128345528626,0.2360826912828315,0.1628703703703703
2026-02-20,2026-02-22 12:00:00,37,2,1,0.4449924929326647,0.434962464663323,0.4475
2026-02-20,2026-02-22 13:00:00,38,2,1,0.6296533344704777,0.6616000056857219,0.6216666666666666
2026-02-20,2026-02-22 14:00:00,39,2,1,0.7068608082428172,0.8272670041770488,0.6767592592592592
2026-02-20,2026-02-22 15:00:00,40,2,1,0.7050042901155631,0.8331695987259632,0.672962962962963
2026-02-20,2026-02-22 16:00:00,41,2,1,0.6574224641573304,0.8004456541199856,0.6216666666666666
2026-02-20,2026-02-22 17:00:00,42,2,1,0.605918953102163,0.6762614321774815,0.5883333333333334
2026-02-20,2026-02-22 18:00:00,43,2,1,0.374797943459174,0.6701008284069814,0.3009722222222222
2026-02-20,2026-02-22 19:00:00,44,2,1,0.2339127301035123,0.6477117986657095,0.1304629629629629
2026-02-20,2026-02-22 20:00:00,45,2,1,0.1774484266151684,0.4515013923351011,0.1089351851851851
2026-02-20,2026-02-22 21:00:00,46,2,1,0.1744987054683603,0.4252713051195796,0.1118055555555555
2026-02-20,2026-02-22 22:00:00,47,2,1,0.1667675615158435,0.3406896594310695,0.123287037037037
2026-02-20,2026-02-22 23:00:00,48,2,1,0.1381952230042975,0.4976427816881543,0.0483333333333333
2026-02-20,2026-02-21 00:00:00,1,1,2,0.6116541653577974,0.3715416535779739,0.6383333333333333
2026-02-20,2026-02-21 01:00:00,2,1,2,0.5438074533146936,0.4130745331469358,0.5583333333333333
2026-02-20,2026-02-21 02:00:00,3,1,2,0.4964198226813772,0.3516982268137724,0.5125
2026-02-20,2026-02-21 03:00:00,4,1,2,0.4161989467010003,0.3186561336766705,0.4270370370370369
2026-02-20,2026-02-21 04:00:00,5,1,2,0.3435418066080423,0.3154180660804232,0.3466666666666665
2026-02-20,2026-02-21 05:00:00,6,1,2,0.2746850448514527,0.3810171151811935,0.2628703703703703
2026-02-20,2026-02-21 06:00:00,7,1,2,0.180334512679222,0.3066784601255534,0.1662962962962963
2026-02-20,2026-02-21 07:00:00,8,1,2,0.1468430361904394,0.2617636952377269,0.1340740740740741
2026-02-20,2026-02-21 08:00:00,9,1,2,0.1374754236818765,0.2647542368187656,0.1233333333333333
2026-02-20,2026-02-21 09:00:00,10,1,2,0.0177225546843224,0.055558880176558,0.0135185185185185
2026-02-20,2026-02-21 10:00:00,11,1,2,0.2537649033394625,0.2201490333946256,0.2575
2026-02-20,2026-02-21 11:00:00,12,1,2,0.8919940750259236,0.7299407502592357,0.91
2026-02-20,2026-02-21 12:00:00,13,1,2,0.9211125911069576,0.7961259110695756,0.935
2026-02-20,2026-02-21 13:00:00,14,1,2,0.9497664658630578,0.8293313252972438,0.963148148148148
2026-02-20,2026-02-21 14:00:00,15,1,2,0.9370475974475504,0.8779759744755059,0.9436111111111112
2026-02-20,2026-02-21 15:00:00,16,1,2,0.8121009606222125,0.8093429395554548,0.8124074074074077
2026-02-20,2026-02-21 16:00:00,17,1,2,0.5529513182351152,0.6545131823511516,0.5416666666666667
2026-02-20,2026-02-21 17:00:00,18,1,2,0.3786238301532681,0.6662383015326818,0.3466666666666665
2026-02-20,2026-02-21 18:00:00,19,1,2,0.1884939224174524,0.4366058908411904,0.1609259259259259
2026-02-20,2026-02-21 19:00:00,20,1,2,0.2705914595702011,0.3159145957020117,0.2655555555555555
2026-02-20,2026-02-21 20:00:00,21,1,2,0.5565051885454483,0.4050518854544833,0.5733333333333333
2026-02-20,2026-02-21 21:00:00,22,1,2,0.5981452918469834,0.3714529184698349,0.6233333333333333
2026-02-20,2026-02-21 22:00:00,23,1,2,0.6055849955149775,0.4008499551497743,0.6283333333333333
2026-02-20,2026-02-21 23:00:00,24,1,2,0.1839788793583109,0.2639554602497757,0.1750925925925925
2026-02-20,2026-02-22 00:00:00,25,2,2,0.6463477311536915,0.6418106448702492,0.6468518518518518
2026-02-20,2026-02-22 01:00:00,26,2,2,0.5167048263502135,0.6595482635021349,0.5008333333333334
2026-02-20,2026-02-22 02:00:00,27,2,2,0.3174735482886041,0.5497354828860409,0.2916666666666666
2026-02-20,2026-02-22 03:00:00,28,2,2,0.2413681181481732,0.4986811814817326,0.2127777777777777
2026-02-20,2026-02-22 04:00:00,29,2,2,0.1109287113551262,0.2242871135512627,0.0983333333333333
2026-02-20,2026-02-22 05:00:00,30,2,2,0.0159983389978319,0.054983389978319,0.0116666666666666
2026-02-20,2026-02-22 06:00:00,31,2,2,0.0180771512894436,0.0491048462277695,0.0146296296296296
2026-02-20,2026-02-22 07:00:00,32,2,2,0.0222474129541415,0.0508074628747486,0.019074074074074
2026-02-20,2026-02-22 08:00:00,33,2,2,0.0243299412425757,0.0516327457590905,0.0212962962962962
2026-02-20,2026-02-22 09:00:00,34,2,2,0.0344172660253509,0.0908393269201758,0.0281481481481481
2026-02-20,2026-02-22 10:00:00,35,2,2,0.0573652715505013,0.1136527155050136,0.0511111111111111
2026-02-20,2026-02-22 11:00:00,36,2,2,0.1594983069922307,0.219149736588974,0.1528703703703703
2026-02-20,2026-02-22 12:00:00,37,2,2,0.4254981393101267,0.4499813931012669,0.4227777777777778
2026-02-20,2026-02-22 13:00:00,38,2,2,0.6196872010764944,0.5868720107649447,0.6233333333333333
2026-02-20,2026-02-22 14:00:00,39,2,2,0.6829882035182928,0.6915487018495943,0.682037037037037
2026-02-20,2026-02-22 15:00:00,40,2,2,0.6847279924280224,0.7406132576135559,0.6785185185185186
2026-02-20,2026-02-22 16:00:00,41,2,2,0.6431241553856147,0.8212415538561475,0.6233333333333333
2026-02-20,2026-02-22 17:00:00,42,2,2,0.5971643145080479,0.811643145080479,0.5733333333333333
2026-02-20,2026-02-22 18:00:00,43,2,2,0.3322020778754539,0.7420207787545399,0.2866666666666667
2026-02-20,2026-02-22 19:00:00,44,2,2,0.1739756326570764,0.6547563265707645,0.1205555555555555
2026-02-20,2026-02-22 20:00:00,45,2,2,0.1381871346210249,0.4843713462102488,0.0997222222222222
2026-02-20,2026-02-22 21:00:00,46,2,2,0.1371846690158475,0.4493466901584761,0.1024999999999999
2026-02-20,2026-02-22 22:00:00,47,2,2,0.1406174644825709,0.3836746448257089,0.1136111111111111
2026-02-20,2026-02-22 23:00:00,48,2,2,0.091627646351118,0.4962764635111807,0.0466666666666666
2026-02-21,2026-02-22 00:00:00,1,1,1,0.165200535170045,0.2984100832576324,0.1318981481481481
2026-02-21,2026-02-22 01:00:00,2,1,1,0.1640796537788069,0.2655834540792196,0.1387037037037037
2026-02-21,2026-02-22 02:00:00,3,1,1,0.0800387654778103,0.0992679014631257,0.0752314814814814
2026-02-21,2026-02-22 03:00:00,4,1,1,0.0299502546308608,0.0638253472283783,0.0214814814814814
2026-02-21,2026-02-22 04:00:00,5,1,1,0.016968211649716,0.0292855026930248,0.0138888888888888
2026-02-21,2026-02-22 05:00:00,6,1,1,0.0155018084649699,0.0308423756581829,0.0116666666666666
2026-02-21,2026-02-22 06:00:00,7,1,1,0.0251075055773463,0.0240560464052504,0.0253703703703703
2026-02-21,2026-02-22 07:00:00,8,1,1,0.0662598516038691,0.0587066654267532,0.0681481481481481
2026-02-21,2026-02-22 08:00:00,9,1,1,0.2233919522097315,0.1206634647523614,0.249074074074074
2026-02-21,2026-02-22 09:00:00,10,1,1,0.26208002210143,0.1992889993960392,0.2777777777777777
2026-02-21,2026-02-22 10:00:00,11,1,1,0.4938790195447664,0.3560617643904983,0.5283333333333333
2026-02-21,2026-02-22 11:00:00,12,1,1,0.6577695624130164,0.6425515157687852,0.6615740740740741
2026-02-21,2026-02-22 12:00:00,13,1,1,0.7993931919697216,0.7769659598486087,0.8049999999999997
2026-02-21,2026-02-22 13:00:00,14,1,1,0.8085363087234232,0.8686074695430411,0.7935185185185186
2026-02-21,2026-02-22 14:00:00,15,1,1,0.7356448343828421,0.8952612089512476,0.6957407407407407
2026-02-21,2026-02-22 15:00:00,16,1,1,0.6857723526082685,0.8584913926709721,0.6425925925925926
2026-02-21,2026-02-22 16:00:00,17,1,1,0.6336504024498879,0.7882520122494392,0.5950000000000001
2026-02-21,2026-02-22 17:00:00,18,1,1,0.6004853826286501,0.6757602464765837,0.5816666666666667
2026-02-21,2026-02-22 18:00:00,19,1,1,0.3603711525282924,0.5979668737525735,0.3009722222222222
2026-02-21,2026-02-22 19:00:00,20,1,1,0.1923095063712012,0.4971030874115615,0.1161111111111111
2026-02-21,2026-02-22 20:00:00,21,1,1,0.1206214666042111,0.3460702959840184,0.0642592592592592
2026-02-21,2026-02-22 21:00:00,22,1,1,0.0589675923558505,0.1874305543718451,0.0268518518518518
2026-02-21,2026-02-22 22:00:00,23,1,1,0.0465537829427816,0.1527689147139082,0.02
2026-02-21,2026-02-22 23:00:00,24,1,1,0.0493436792580857,0.1607924703645025,0.0214814814814814
2026-02-21,2026-02-23 00:00:00,25,2,1,0.0973520216441179,0.4104638119242935,0.019074074074074
2026-02-21,2026-02-23 01:00:00,26,2,1,0.0937102044965761,0.3989213928532512,0.0174074074074074
2026-02-21,2026-02-23 02:00:00,27,2,1,0.0682940662230043,0.2666555163002068,0.0187037037037037
2026-02-21,2026-02-23 03:00:00,28,2,1,0.0552335076193117,0.1909823529113736,0.0212962962962962
2026-02-21,2026-02-23 04:00:00,29,2,1,0.0409243579155173,0.1179551229109198,0.0216666666666666
2026-02-21,2026-02-23 05:00:00,30,2,1,0.0698162349628459,0.1490811748142297,0.05
2026-02-21,2026-02-23 06:00:00,31,2,1,0.1143303257174229,0.1872071841426704,0.0961111111111111
2026-02-21,2026-02-23 07:00:00,32,2,1,0.0927089238761096,0.1322483230842518,0.082824074074074
2026-02-21,2026-02-23 08:00:00,33,2,1,0.0812203757695258,0.1283241010698514,0.0694444444444444
2026-02-21,2026-02-23 09:00:00,34,2,1,0.0814231829590034,0.1604492481283505,0.0616666666666666
2026-02-21,2026-02-23 10:00:00,35,2,1,0.0994042579394398,0.1657249934009026,0.082824074074074
2026-02-21,2026-02-23 11:00:00,36,2,1,0.183674361780717,0.2131866237184001,0.1762962962962963
2026-02-21,2026-02-23 12:00:00,37,2,1,0.3611266597538327,0.3389666321024969,0.3666666666666666
2026-02-21,2026-02-23 13:00:00,38,2,1,0.4147096247964,0.3435481239820006,0.4324999999999999
2026-02-21,2026-02-23 14:00:00,39,2,1,0.5592954891149052,0.3498107789078593,0.6116666666666667
2026-02-21,2026-02-23 15:00:00,40,2,1,0.6648365856338148,0.3219607059468519,0.7505555555555554
2026-02-21,2026-02-23 16:00:00,41,2,1,0.7381687834097541,0.3789920651969168,0.8279629629629633
2026-02-21,2026-02-23 17:00:00,42,2,1,0.7889784331292828,0.405632906387155,0.8848148148148147
2026-02-21,2026-02-23 18:00:00,43,2,1,0.8519834320118552,0.5869541970963134,0.9182407407407408
2026-02-21,2026-02-23 19:00:00,44,2,1,0.8689435431880457,0.7139769751994872,0.9076851851851852
2026-02-21,2026-02-23 20:00:00,45,2,1,0.8810833672201155,0.7746760953598363,0.9076851851851852
2026-02-21,2026-02-23 21:00:00,46,2,1,0.8783989185452896,0.7401427408745966,0.9129629629629628
2026-02-21,2026-02-23 22:00:00,47,2,1,0.8488826134088265,0.719227881858947,0.8812962962962964
2026-02-21,2026-02-23 23:00:00,48,2,1,0.8468814433352121,0.7936664759353192,0.8601851851851853
2026-02-21,2026-02-22 00:00:00,1,1,2,0.1503839312174309,0.4063393121743093,0.1219444444444444
2026-02-21,2026-02-22 01:00:00,2,1,2,0.1468635669291014,0.3103023359576815,0.1287037037037036
2026-02-21,2026-02-22 02:00:00,3,1,2,0.0722886752356369,0.1212200856897033,0.0668518518518518
2026-02-21,2026-02-22 03:00:00,4,1,2,0.0275429634186363,0.0820963008530303,0.0214814814814814
2026-02-21,2026-02-22 04:00:00,5,1,2,0.0177969289463444,0.0529692894634444,0.0138888888888888
2026-02-21,2026-02-22 05:00:00,6,1,2,0.0174168526991039,0.0691685269910397,0.0116666666666666
2026-02-21,2026-02-22 06:00:00,7,1,2,0.0296784143335576,0.0726174766689093,0.0249074074074074
2026-02-21,2026-02-22 07:00:00,8,1,2,0.0644649119471534,0.0929824528048676,0.0612962962962962
2026-02-21,2026-02-22 08:00:00,9,1,2,0.231062776088452,0.1622944275511878,0.2387037037037036
2026-02-21,2026-02-22 09:00:00,10,1,2,0.2587850663904228,0.197850663904228,0.2655555555555555
2026-02-21,2026-02-22 10:00:00,11,1,2,0.488702341374551,0.327023413745511,0.5066666666666666
2026-02-21,2026-02-22 11:00:00,12,1,2,0.6642234647059466,0.6305679803927978,0.6679629629629631
2026-02-21,2026-02-22 12:00:00,13,1,2,0.7911337882093982,0.7863378820939844,0.7916666666666663
2026-02-21,2026-02-22 13:00:00,14,1,2,0.7836339124555884,0.8046724578892167,0.7812962962962964
2026-02-21,2026-02-22 14:00:00,15,1,2,0.7081974224374178,0.7853075577075107,0.6996296296296297
2026-02-21,2026-02-22 15:00:00,16,1,2,0.6733658660545353,0.8803253272120195,0.6503703703703704
2026-02-21,2026-02-22 16:00:00,17,1,2,0.6115026000657674,0.8650260006576733,0.5833333333333334
2026-02-21,2026-02-22 17:00:00,18,1,2,0.5871042900427246,0.801042900427245,0.5633333333333334
2026-02-21,2026-02-22 18:00:00,19,1,2,0.3203412372098047,0.6234123720980468,0.2866666666666667
2026-02-21,2026-02-22 19:00:00,20,1,2,0.1488746153134272,0.5287461531342719,0.1066666666666666
2026-02-21,2026-02-22 20:00:00,21,1,2,0.0839824347901382,0.3131576812347162,0.0585185185185185
2026-02-21,2026-02-22 21:00:00,22,1,2,0.04315332567066,0.1956999233732668,0.0262037037037037
2026-02-21,2026-02-22 22:00:00,23,1,2,0.035067574879777,0.1706757487977702,0.02
2026-02-21,2026-02-22 23:00:00,24,1,2,0.0393240820482964,0.199907487149631,0.0214814814814814
2026-02-21,2026-02-23 00:00:00,25,2,2,0.0642086703795129,0.4704200371284632,0.019074074074074
2026-02-21,2026-02-23 01:00:00,26,2,2,0.0627728491607205,0.4710618249405385,0.0174074074074074
2026-02-21,2026-02-23 02:00:00,27,2,2,0.0502776570198635,0.3344432368653019,0.0187037037037037
2026-02-21,2026-02-23 03:00:00,28,2,2,0.0396012896593558,0.2043462299268919,0.0212962962962962
2026-02-21,2026-02-23 04:00:00,29,2,2,0.0358626065615802,0.1636260656158028,0.0216666666666666
2026-02-21,2026-02-23 05:00:00,30,2,2,0.0653053556718235,0.2180535567182352,0.0483333333333333
2026-02-21,2026-02-23 06:00:00,31,2,2,0.0996970841906191,0.2119708419061915,0.0872222222222222
2026-02-21,2026-02-23 07:00:00,32,2,2,0.0860163586693786,0.1918302533604526,0.0742592592592592
2026-02-21,2026-02-23 08:00:00,33,2,2,0.0761473054061591,0.2014730540615908,0.0622222222222222
2026-02-21,2026-02-23 09:00:00,34,2,2,0.0710823608786555,0.2008236087865552,0.0566666666666666
2026-02-21,2026-02-23 10:00:00,35,2,2,0.0854632113093814,0.1862987797604806,0.0742592592592592
2026-02-21,2026-02-23 11:00:00,36,2,2,0.1715897443918542,0.2192307772518751,0.1662962962962963
2026-02-21,2026-02-23 12:00:00,37,2,2,0.3368071960703745,0.2930719607037465,0.3416666666666666
2026-02-21,2026-02-23 13:00:00,38,2,2,0.4012623429847088,0.3609567631804231,0.4057407407407406
2026-02-21,2026-02-23 14:00:00,39,2,2,0.583125550198886,0.3562555019888588,0.6083333333333334
2026-02-21,2026-02-23 15:00:00,40,2,2,0.707699787671401,0.3911645433806763,0.7428703703703703
2026-02-21,2026-02-23 16:00:00,41,2,2,0.762367282344108,0.3120061567744101,0.8124074074074077
2026-02-21,2026-02-23 17:00:00,42,2,2,0.8241553863713118,0.3765538637131194,0.8738888888888887
2026-02-21,2026-02-23 18:00:00,43,2,2,0.8717661068156684,0.5009944014900162,0.9129629629629632
2026-02-21,2026-02-23 19:00:00,44,2,2,0.8678379432890448,0.5717127662237818,0.9007407407407408
2026-02-21,2026-02-23 20:00:00,45,2,2,0.8736781665770068,0.630114999103402,0.9007407407407408
2026-02-21,2026-02-23 21:00:00,46,2,2,0.8840420238844983,0.6787535721783162,0.9068518518518518
2026-02-21,2026-02-23 22:00:00,47,2,2,0.8588673136617814,0.7636731366178129,0.8694444444444445
2026-02-21,2026-02-23 23:00:00,48,2,2,0.8357339240842557,0.7723392408425569,0.8427777777777778
2026-02-22,2026-02-23 00:00:00,1,1,1,0.048152930188324,0.1511350213119905,0.0224074074074074
2026-02-22,2026-02-23 01:00:00,2,1,1,0.0373981280469317,0.1114350846791031,0.0188888888888888
2026-02-22,2026-02-23 02:00:00,3,1,1,0.0375707134709834,0.1160017155030652,0.0179629629629629
2026-02-22,2026-02-23 03:00:00,4,1,1,0.0352475051259266,0.0895708589629665,0.0216666666666666
2026-02-22,2026-02-23 04:00:00,5,1,1,0.0318243000057858,0.0924548333622626,0.0166666666666666
2026-02-22,2026-02-23 05:00:00,6,1,1,0.0309052345299011,0.0945261726495057,0.015
2026-02-22,2026-02-23 06:00:00,7,1,1,0.0447122680919648,0.1131909700894536,0.0275925925925926
2026-02-22,2026-02-23 07:00:00,8,1,1,0.0992113838595875,0.0964272896683079,0.0999074074074074
2026-02-22,2026-02-23 08:00:00,9,1,1,0.1189383483070201,0.1072843341276931,0.1218518518518518
2026-02-22,2026-02-23 09:00:00,10,1,1,0.116676322880049,0.1419001329187639,0.1103703703703703
2026-02-22,2026-02-23 10:00:00,11,1,1,0.1240123773685135,0.1843211461018268,0.1089351851851851
2026-02-22,2026-02-23 11:00:00,12,1,1,0.1598335521642604,0.2228714645250055,0.1440740740740741
2026-02-22,2026-02-23 12:00:00,13,1,1,0.1441760527263656,0.2162506340021985,0.1261574074074073
2026-02-22,2026-02-23 13:00:00,14,1,1,0.2180264574395365,0.322354509419905,0.1919444444444444
2026-02-22,2026-02-23 14:00:00,15,1,1,0.408467378323398,0.4801146693947686,0.3905555555555554
2026-02-22,2026-02-23 15:00:00,16,1,1,0.4263779222995822,0.4618896114979113,0.4174999999999999
2026-02-22,2026-02-23 16:00:00,17,1,1,0.6787801548486455,0.5805674409098941,0.7033333333333333
2026-02-22,2026-02-23 17:00:00,18,1,1,0.6401720089458682,0.4938230076923043,0.6767592592592592
2026-02-22,2026-02-23 18:00:00,19,1,1,0.6964317214389947,0.5243808294171958,0.7394444444444443
2026-02-22,2026-02-23 19:00:00,20,1,1,0.8258411405039914,0.6743908877051418,0.8637037037037038
2026-02-22,2026-02-23 20:00:00,21,1,1,0.865906909831175,0.7410160306373564,0.8971296296296296
2026-02-22,2026-02-23 21:00:00,22,1,1,0.8612795792398138,0.6486201184212914,0.9144444444444444
2026-02-22,2026-02-23 22:00:00,23,1,1,0.8644383376762196,0.6836731698625792,0.9096296296296296
2026-02-22,2026-02-23 23:00:00,24,1,1,0.8814285159838233,0.7552907280672649,0.9129629629629628
2026-02-22,2026-02-24 00:00:00,25,2,1,0.8615347929322812,0.8528591498465906,0.8637037037037038
2026-02-22,2026-02-24 01:00:00,26,2,1,0.7295963282598907,0.801314974632788,0.7116666666666664
2026-02-22,2026-02-24 02:00:00,27,2,1,0.6664311644553955,0.731415081536237,0.6501851851851851
2026-02-22,2026-02-24 03:00:00,28,2,1,0.6492248658615292,0.6909391441224612,0.6387962962962962
2026-02-22,2026-02-24 04:00:00,29,2,1,0.7006705848524645,0.7507603316697298,0.6881481481481482
2026-02-22,2026-02-24 05:00:00,30,2,1,0.7063405818429935,0.5850362425483008,0.7366666666666667
2026-02-22,2026-02-24 06:00:00,31,2,1,0.6887741979404839,0.5527598785913086,0.7227777777777777
2026-02-22,2026-02-24 07:00:00,32,2,1,0.6792074504864118,0.5160372524320594,0.7199999999999999
2026-02-22,2026-02-24 08:00:00,33,2,1,0.5264245538197941,0.5654561024323037,0.5166666666666667
2026-02-22,2026-02-24 09:00:00,34,2,1,0.4713019030811478,0.5215095154057393,0.4587499999999999
2026-02-22,2026-02-24 10:00:00,35,2,1,0.4442880688056445,0.5214403440282228,0.4249999999999999
2026-02-22,2026-02-24 11:00:00,36,2,1,0.5156988678234011,0.5818276724503393,0.4991666666666665
2026-02-22,2026-02-24 12:00:00,37,2,1,0.4499940579567085,0.4899702897835434,0.4399999999999998
2026-02-22,2026-02-24 13:00:00,38,2,1,0.3726729335065951,0.4922535564218652,0.3427777777777775
2026-02-22,2026-02-24 14:00:00,39,2,1,0.2968974673273087,0.4307836329328395,0.2634259259259259
2026-02-22,2026-02-24 15:00:00,40,2,1,0.2175891379566796,0.3827605045982128,0.1762962962962963
2026-02-22,2026-02-24 16:00:00,41,2,1,0.1621480768545455,0.2774070509393944,0.1333333333333333
2026-02-22,2026-02-24 17:00:00,42,2,1,0.1323788514464174,0.3230053683431983,0.0847222222222222
2026-02-22,2026-02-24 18:00:00,43,2,1,0.1023693709936925,0.3351801883017961,0.0441666666666666
2026-02-22,2026-02-24 19:00:00,44,2,1,0.0735310318011141,0.2854329367833486,0.0205555555555555
2026-02-22,2026-02-24 20:00:00,45,2,1,0.0497181602209561,0.1937759862899659,0.0137037037037037
2026-02-22,2026-02-24 21:00:00,46,2,1,0.0830855538293499,0.3198722135911942,0.0238888888888888
2026-02-22,2026-02-24 22:00:00,47,2,1,0.0950082290207754,0.2594855895483216,0.0538888888888888
2026-02-22,2026-02-24 23:00:00,48,2,1,0.0643578548749481,0.217344829930296,0.0261111111111111
2026-02-22,2026-02-23 00:00:00,1,1,2,0.0396505833437027,0.1956725001036945,0.0223148148148148
2026-02-22,2026-02-23 01:00:00,2,1,2,0.0349400021517069,0.1794000215170695,0.0188888888888888
2026-02-22,2026-02-23 02:00:00,3,1,2,0.0334661172454627,0.1729945057879612,0.0179629629629629
2026-02-22,2026-02-23 03:00:00,4,1,2,0.0413833377819976,0.218833377819976,0.0216666666666666
2026-02-22,2026-02-23 04:00:00,5,1,2,0.032168461910501,0.1716846191050108,0.0166666666666666
2026-02-22,2026-02-23 05:00:00,6,1,2,0.0310296743120023,0.175296743120023,0.015
2026-02-22,2026-02-23 06:00:00,7,1,2,0.0401179573512961,0.159512906846295,0.0268518518518518
2026-02-22,2026-02-23 07:00:00,8,1,2,0.0988664292125428,0.1703309587920948,0.0909259259259259
2026-02-22,2026-02-23 08:00:00,9,1,2,0.1176526137660636,0.1665261376606363,0.1122222222222222
2026-02-22,2026-02-23 09:00:00,10,1,2,0.1091170674165719,0.1811706741657193,0.1011111111111111
2026-02-22,2026-02-23 10:00:00,11,1,2,0.112811371698766,0.2306137169876599,0.0997222222222222
2026-02-22,2026-02-23 11:00:00,12,1,2,0.1470652066675311,0.2639854000086438,0.1340740740740741
2026-02-22,2026-02-23 12:00:00,13,1,2,0.1325044652802616,0.2775446528026163,0.1163888888888888
2026-02-22,2026-02-23 13:00:00,14,1,2,0.1938522366780473,0.301022366780473,0.1819444444444444
2026-02-22,2026-02-23 14:00:00,15,1,2,0.3750432476592387,0.4954324765923876,0.3616666666666665
2026-02-22,2026-02-23 15:00:00,16,1,2,0.4008960969362977,0.5106276360296444,0.3887037037037036
2026-02-22,2026-02-23 16:00:00,17,1,2,0.6820318840506424,0.4603188405064244,0.7066666666666667
2026-02-22,2026-02-23 17:00:00,18,1,2,0.6610437453321489,0.4721041199881559,0.682037037037037
2026-02-22,2026-02-23 18:00:00,19,1,2,0.7040766439151254,0.431599772484588,0.7343518518518518
2026-02-22,2026-02-23 19:00:00,20,1,2,0.8143763342955601,0.5187633429556016,0.8472222222222222
2026-02-22,2026-02-23 20:00:00,21,1,2,0.8624006200021808,0.6273395333551418,0.8885185185185185
2026-02-22,2026-02-23 21:00:00,22,1,2,0.8699090071707493,0.5090900717074918,0.91
2026-02-22,2026-02-23 22:00:00,23,1,2,0.8759707941198414,0.594707941198413,0.9072222222222222
2026-02-22,2026-02-23 23:00:00,24,1,2,0.8850987912315516,0.6893212456488491,0.9068518518518518
2026-02-22,2026-02-24 00:00:00,25,2,2,0.8432295152278315,0.8072951522783155,0.8472222222222222
2026-02-22,2026-02-24 01:00:00,26,2,2,0.7135758462228303,0.7182584622283041,0.7130555555555554
2026-02-22,2026-02-24 02:00:00,27,2,2,0.6513923716147346,0.5972570494806796,0.6574074074074074
2026-02-22,2026-02-24 03:00:00,28,2,2,0.6344121470676554,0.5224548040098871,0.6468518518518518
2026-02-22,2026-02-24 04:00:00,29,2,2,0.6813926392043484,0.5805930587101503,0.6925925925925926
2026-02-22,2026-02-24 05:00:00,30,2,2,0.7039521380294962,0.4495213802949616,0.7322222222222222
2026-02-22,2026-02-24 06:00:00,31,2,2,0.6894931586537237,0.4007649198705714,0.721574074074074
2026-02-22,2026-02-24 07:00:00,32,2,2,0.6837720381320918,0.3627203813209175,0.7194444444444444
2026-02-22,2026-02-24 08:00:00,33,2,2,0.4757777127544966,0.3027771275449663,0.495
2026-02-22,2026-02-24 09:00:00,34,2,2,0.4250545065117193,0.3305450651171944,0.4355555555555554
2026-02-22,2026-02-24 10:00:00,35,2,2,0.3944146903804537,0.3691469038045383,0.3972222222222221
2026-02-22,2026-02-24 11:00:00,36,2,2,0.4719848842976979,0.4223488429769799,0.4774999999999998
2026-02-22,2026-02-24 12:00:00,37,2,2,0.4128466209323096,0.4001328759897642,0.4142592592592591
2026-02-22,2026-02-24 13:00:00,38,2,2,0.3312568492103266,0.417568492103267,0.3216666666666665
2026-02-22,2026-02-24 14:00:00,39,2,2,0.2701862163093866,0.4326954964272,0.2521296296296296
2026-02-22,2026-02-24 15:00:00,40,2,2,0.185865581222443,0.3619891455577633,0.1662962962962963
2026-02-22,2026-02-24 16:00:00,41,2,2,0.1347547597172494,0.2375475971724944,0.1233333333333333
2026-02-22,2026-02-24 17:00:00,42,2,2,0.0941531746471945,0.2565317464719456,0.0761111111111111
2026-02-22,2026-02-24 18:00:00,43,2,2,0.0581746201324648,0.1992462013246484,0.0424999999999999
2026-02-22,2026-02-24 19:00:00,44,2,2,0.0373940659418412,0.1889406594184124,0.0205555555555555
2026-02-22,2026-02-24 20:00:00,45,2,2,0.0240881704001135,0.1175483706678026,0.0137037037037037
2026-02-22,2026-02-24 21:00:00,46,2,2,0.0510631092748232,0.2981310927482322,0.0236111111111111
2026-02-22,2026-02-24 22:00:00,47,2,2,0.0690901166369084,0.2309011663690847,0.0511111111111111
2026-02-22,2026-02-24 23:00:00,48,2,2,0.0405888909610257,0.1758889096102573,0.0255555555555555
2026-02-23,2026-02-24 00:00:00,1,1,1,0.8721798579434692,0.8216400304580866,0.8848148148148147
2026-02-23,2026-02-24 01:00:00,2,1,1,0.7862612399729503,0.8261210146795659,0.7762962962962963
2026-02-23,2026-02-24 02:00:00,3,1,1,0.7073821348037838,0.7691328962411416,0.6919444444444443
2026-02-23,2026-02-24 03:00:00,4,1,1,0.6543169791721862,0.7163997106757461,0.6387962962962962
2026-02-23,2026-02-24 04:00:00,5,1,1,0.6371546057323849,0.6991063619952583,0.6216666666666666
2026-02-23,2026-02-24 05:00:00,6,1,1,0.4907075663508498,0.5502044984209156,0.4758333333333333
2026-02-23,2026-02-24 06:00:00,7,1,1,0.4848977481238876,0.4278220739527715,0.4991666666666665
2026-02-23,2026-02-24 07:00:00,8,1,1,0.4521127744807754,0.3805638724038772,0.47
2026-02-23,2026-02-24 08:00:00,9,1,1,0.4177765131830998,0.3888825659154993,0.4249999999999999
2026-02-23,2026-02-24 09:00:00,10,1,1,0.415372975138104,0.4068648756905204,0.4174999999999999
2026-02-23,2026-02-24 10:00:00,11,1,1,0.4183255058909569,0.346627529454785,0.4362499999999999
2026-02-23,2026-02-24 11:00:00,12,1,1,0.2966102991436075,0.3719403846069264,0.2777777777777777
2026-02-23,2026-02-24 12:00:00,13,1,1,0.3404258054044488,0.4026845825777992,0.3248611111111111
2026-02-23,2026-02-24 13:00:00,14,1,1,0.3426145436460204,0.4136282737856571,0.3248611111111111
2026-02-23,2026-02-24 14:00:00,15,1,1,0.3369945582559917,0.4810839023910697,0.3009722222222222
2026-02-23,2026-02-24 15:00:00,16,1,1,0.3065335440126314,0.4445195719150092,0.272037037037037
2026-02-23,2026-02-24 16:00:00,17,1,1,0.2493079840761776,0.4924658463068139,0.1885185185185185
2026-02-23,2026-02-24 17:00:00,18,1,1,0.204267543030594,0.3913377151529699,0.1575
2026-02-23,2026-02-24 18:00:00,19,1,1,0.1470303801939804,0.3507074565254577,0.0961111111111111
2026-02-23,2026-02-24 19:00:00,20,1,1,0.1319205547865032,0.3207138850436271,0.0847222222222222
2026-02-23,2026-02-24 20:00:00,21,1,1,0.1157580261628273,0.3061975382215444,0.0681481481481481
2026-02-23,2026-02-24 21:00:00,22,1,1,0.077050520175071,0.2319192675420217,0.0383333333333333
2026-02-23,2026-02-24 22:00:00,23,1,1,0.0611657893032642,0.2221252428126176,0.0209259259259259
2026-02-23,2026-02-24 23:00:00,24,1,1,0.0567812640301162,0.2024248386690997,0.0203703703703703
2026-02-23,2026-02-25 00:00:00,25,2,1,0.0432536118983455,0.1347865780102464,0.0203703703703703
2026-02-23,2026-02-25 01:00:00,26,2,1,0.0629330991144088,0.1379988289053777,0.0441666666666666
2026-02-23,2026-02-25 02:00:00,27,2,1,0.1152706394959782,0.1919087530354468,0.0961111111111111
2026-02-23,2026-02-25 03:00:00,28,2,1,0.1909638176505633,0.2818561252898537,0.1682407407407407
2026-02-23,2026-02-25 04:00:00,29,2,1,0.2392330792530967,0.2639431740432616,0.2330555555555555
2026-02-23,2026-02-25 05:00:00,30,2,1,0.2592939417867788,0.2198030422672273,0.2691666666666666
2026-02-23,2026-02-25 06:00:00,31,2,1,0.296674939200752,0.1839302515593156,0.3248611111111111
2026-02-23,2026-02-25 07:00:00,32,2,1,0.3737480452594371,0.3065180040749644,0.3905555555555554
2026-02-23,2026-02-25 08:00:00,33,2,1,0.3803242579622848,0.3632879564780903,0.3845833333333334
2026-02-23,2026-02-25 09:00:00,34,2,1,0.3805250191767281,0.3404028736614193,0.3905555555555554
2026-02-23,2026-02-25 10:00:00,35,2,1,0.4583454573151161,0.4417272865755806,0.4625
2026-02-23,2026-02-25 11:00:00,36,2,1,0.4713427712172532,0.5817138560862662,0.4437499999999999
2026-02-23,2026-02-25 12:00:00,37,2,1,0.4902607963520886,0.6163039817604433,0.4587499999999999
2026-02-23,2026-02-25 13:00:00,38,2,1,0.4287363119227736,0.5814593373916469,0.3905555555555554
2026-02-23,2026-02-25 14:00:00,39,2,1,0.3108270106100664,0.4085794974947764,0.2863888888888889
2026-02-23,2026-02-25 15:00:00,40,2,1,0.2608995613107721,0.4133866954427496,0.2227777777777777
2026-02-23,2026-02-25 16:00:00,41,2,1,0.2628077414319035,0.3818164849372953,0.2330555555555555
2026-02-23,2026-02-25 17:00:00,42,2,1,0.1091951038003988,0.3526421856686609,0.0483333333333333
2026-02-23,2026-02-25 18:00:00,43,2,1,0.1358824344941826,0.4068195798783207,0.0681481481481481
2026-02-23,2026-02-25 19:00:00,44,2,1,0.1882858946516664,0.5266146584435174,0.1037037037037037
2026-02-23,2026-02-25 20:00:00,45,2,1,0.2301553740010503,0.5207768700052519,0.1575
2026-02-23,2026-02-25 21:00:00,46,2,1,0.2956906972052283,0.6147497823224379,0.2159259259259259
2026-02-23,2026-02-25 22:00:00,47,2,1,0.4257636935142784,0.6860406897936144,0.3606944444444444
2026-02-23,2026-02-25 23:00:00,48,2,1,0.5419906062369106,0.6432863645178865,0.5166666666666667
2026-02-23,2026-02-24 00:00:00,1,1,2,0.857758415622297,0.7125841562229712,0.8738888888888887
2026-02-23,2026-02-24 01:00:00,2,1,2,0.7588210212918858,0.6965435462521911,0.7657407407407407
2026-02-23,2026-02-24 02:00:00,3,1,2,0.6872256184904164,0.6072561849041649,0.696111111111111
2026-02-23,2026-02-24 03:00:00,4,1,2,0.6323708921033957,0.5020422543672908,0.6468518518518518
2026-02-23,2026-02-24 04:00:00,5,1,2,0.6108182805849933,0.4981828058499336,0.6233333333333333
2026-02-23,2026-02-24 05:00:00,6,1,2,0.4357857305417826,0.2703573054178271,0.4541666666666666
2026-02-23,2026-02-24 06:00:00,7,1,2,0.4557799482387223,0.2602994823872245,0.4774999999999998
2026-02-23,2026-02-24 07:00:00,8,1,2,0.4276233296823367,0.2412332968233676,0.4483333333333333
2026-02-23,2026-02-24 08:00:00,9,1,2,0.3776307710605205,0.2013077106052065,0.3972222222222221
2026-02-23,2026-02-24 09:00:00,10,1,2,0.3678740315774454,0.1804069824411221,0.3887037037037036
2026-02-23,2026-02-24 10:00:00,11,1,2,0.3907838439518717,0.2178384395187176,0.41
2026-02-23,2026-02-24 11:00:00,12,1,2,0.2680131585987521,0.2901315859875208,0.2655555555555555
2026-02-23,2026-02-24 12:00:00,13,1,2,0.3108478980988391,0.3484789809883905,0.3066666666666667
2026-02-23,2026-02-24 13:00:00,14,1,2,0.3155843372219208,0.3958433722192074,0.3066666666666667
2026-02-23,2026-02-24 14:00:00,15,1,2,0.3020616676151252,0.4406166761512525,0.2866666666666667
2026-02-23,2026-02-24 15:00:00,16,1,2,0.2771988526680211,0.4303218600135448,0.2601851851851852
2026-02-23,2026-02-24 16:00:00,17,1,2,0.2011320609420483,0.4046539427538164,0.1785185185185185
2026-02-23,2026-02-24 17:00:00,18,1,2,0.1638066166114737,0.3105661661147375,0.1475
2026-02-23,2026-02-24 18:00:00,19,1,2,0.1009602756219924,0.2246027562199243,0.0872222222222222
2026-02-23,2026-02-24 19:00:00,20,1,2,0.0910479172631657,0.2254791726316577,0.0761111111111111
2026-02-23,2026-02-24 20:00:00,21,1,2,0.0737776555515401,0.1861098888487345,0.0612962962962962
2026-02-23,2026-02-24 21:00:00,22,1,2,0.0458014382183977,0.1280143821839777,0.0366666666666666
2026-02-23,2026-02-24 22:00:00,23,1,2,0.0353502072919784,0.1651687395864511,0.0209259259259259
2026-02-23,2026-02-24 23:00:00,24,1,2,0.034204600234546,0.1587126690121275,0.0203703703703703
2026-02-23,2026-02-25 00:00:00,25,2,2,0.02875468103894,0.1042134770560673,0.0203703703703703
2026-02-23,2026-02-25 01:00:00,26,2,2,0.0476162812221234,0.0936628122212346,0.0424999999999999
2026-02-23,2026-02-25 02:00:00,27,2,2,0.0928243510803259,0.1432435108032595,0.0872222222222222
2026-02-23,2026-02-25 03:00:00,28,2,2,0.1670905153152254,0.2467384864855884,0.1582407407407407
2026-02-23,2026-02-25 04:00:00,29,2,2,0.2272255519928295,0.2647555199282956,0.2230555555555555
2026-02-23,2026-02-25 05:00:00,30,2,2,0.2499364692480575,0.1818646924805751,0.2575
2026-02-23,2026-02-25 06:00:00,31,2,2,0.2965104230257981,0.2051042302579806,0.3066666666666667
2026-02-23,2026-02-25 07:00:00,32,2,2,0.3486141487243532,0.2311414872435327,0.3616666666666665
2026-02-23,2026-02-25 08:00:00,33,2,2,0.3526907750317439,0.3169077503174394,0.3566666666666667
2026-02-23,2026-02-25 09:00:00,34,2,2,0.356038522123888,0.3053852212388805,0.3616666666666665
2026-02-23,2026-02-25 10:00:00,35,2,2,0.4400277493016873,0.4419441596835399,0.4398148148148148
2026-02-23,2026-02-25 11:00:00,36,2,2,0.420642578595414,0.4397591192874744,0.4185185185185184
2026-02-23,2026-02-25 12:00:00,37,2,2,0.4424057581949413,0.5040575819494141,0.4355555555555554
2026-02-23,2026-02-25 13:00:00,38,2,2,0.3854382909252072,0.5993829092520727,0.3616666666666665
2026-02-23,2026-02-25 14:00:00,39,2,2,0.2917795331521084,0.455295331521084,0.2736111111111111
2026-02-23,2026-02-25 15:00:00,40,2,2,0.2406444528842611,0.4914445288426115,0.2127777777777777
2026-02-23,2026-02-25 16:00:00,41,2,2,0.2462455342727529,0.4549553427275288,0.2230555555555555
2026-02-23,2026-02-25 17:00:00,42,2,2,0.0744572287305255,0.3245722873052552,0.0466666666666666
2026-02-23,2026-02-25 18:00:00,43,2,2,0.0924832235756871,0.3731655690902047,0.0612962962962962
2026-02-23,2026-02-25 19:00:00,44,2,2,0.1375912612060296,0.5242459453936301,0.0946296296296296
2026-02-23,2026-02-25 20:00:00,45,2,2,0.1738798472229504,0.4112984722295042,0.1475
2026-02-23,2026-02-25 21:00:00,46,2,2,0.2430167728258035,0.5768343949247017,0.2059259259259259
2026-02-23,2026-02-25 22:00:00,47,2,2,0.3679743844741886,0.6497438447418866,0.3366666666666666
2026-02-23,2026-02-25 23:00:00,48,2,2,0.5071645299253038,0.6166452992530377,0.495
2026-02-24,2026-02-25 00:00:00,1,1,1,0.0385538327412785,0.1209173118545409,0.0179629629629629
2026-02-24,2026-02-25 01:00:00,2,1,1,0.0351318581273765,0.1067704017479937,0.0172222222222222
2026-02-24,2026-02-25 02:00:00,3,1,1,0.0478939982328702,0.1379885096828696,0.0253703703703703
2026-02-24,2026-02-25 03:00:00,4,1,1,0.0891178513289935,0.1781818492375603,0.0668518518518518
2026-02-24,2026-02-25 04:00:00,5,1,1,0.0861696040519532,0.1582554276671738,0.0681481481481481
2026-02-24,2026-02-25 05:00:00,6,1,1,0.0953216883879656,0.1225343678657541,0.0885185185185185
2026-02-24,2026-02-25 06:00:00,7,1,1,0.0801445417466303,0.0770190050294481,0.0809259259259259
2026-02-24,2026-02-25 07:00:00,8,1,1,0.0991075978718763,0.0959083597297519,0.0999074074074074
2026-02-24,2026-02-25 08:00:00,9,1,1,0.096580470163441,0.0984579063727608,0.0961111111111111
2026-02-24,2026-02-25 09:00:00,10,1,1,0.0676943750293483,0.0866200232948897,0.0629629629629629
2026-02-24,2026-02-25 10:00:00,11,1,1,0.0599175566144067,0.0995877830720337,0.05
2026-02-24,2026-02-25 11:00:00,12,1,1,0.0315822999297783,0.0564300181674099,0.0253703703703703
2026-02-24,2026-02-25 12:00:00,13,1,1,0.0288031074857681,0.0573488707621738,0.0216666666666666
2026-02-24,2026-02-25 13:00:00,14,1,1,0.0412904642793012,0.1049708399150249,0.0253703703703703
2026-02-24,2026-02-25 14:00:00,15,1,1,0.0348823595415226,0.0892266125224282,0.0212962962962962
2026-02-24,2026-02-25 15:00:00,16,1,1,0.0337815678069851,0.0926115427386293,0.019074074074074
2026-02-24,2026-02-25 16:00:00,17,1,1,0.0511110798964441,0.174073918000739,0.0203703703703703
2026-02-24,2026-02-25 17:00:00,18,1,1,0.053690681566011,0.158083037459685,0.0275925925925926
2026-02-24,2026-02-25 18:00:00,19,1,1,0.0493768523503067,0.1683657432330151,0.0196296296296296
2026-02-24,2026-02-25 19:00:00,20,1,1,0.0448297413075681,0.1730375954267294,0.0127777777777777
2026-02-24,2026-02-25 20:00:00,21,1,1,0.054373610168461,0.1933495323237864,0.0196296296296296
2026-02-24,2026-02-25 21:00:00,22,1,1,0.0800938975395269,0.2538028210309682,0.0366666666666666
2026-02-24,2026-02-25 22:00:00,23,1,1,0.1809756824543146,0.3772858196789808,0.1318981481481481
2026-02-24,2026-02-25 23:00:00,24,1,1,0.4806290154582086,0.6131450772910427,0.4475
2026-02-24,2026-02-26 00:00:00,25,2,1,0.4937199070710134,0.618599535355067,0.4625
2026-02-24,2026-02-26 01:00:00,26,2,1,0.5192376356082159,0.5761881780410787,0.5050000000000001
2026-02-24,2026-02-26 02:00:00,27,2,1,0.5553547208734972,0.6401069377008193,0.5341666666666667
2026-02-24,2026-02-26 03:00:00,28,2,1,0.5963758226999146,0.6685457801662396,0.5783333333333334
2026-02-24,2026-02-26 04:00:00,29,2,1,0.5300439656525138,0.5835531615959018,0.5166666666666667
2026-02-24,2026-02-26 05:00:00,30,2,1,0.3259481995518781,0.5186298866482796,0.2777777777777777
2026-02-24,2026-02-26 06:00:00,31,2,1,0.4855447613067185,0.5477238065335928,0.47
2026-02-24,2026-02-26 07:00:00,32,2,1,0.4811883931054962,0.4792752988608145,0.4816666666666666
2026-02-24,2026-02-26 08:00:00,33,2,1,0.4635049162969278,0.6025245814846388,0.42875
2026-02-24,2026-02-26 09:00:00,34,2,1,0.0975219563842733,0.3109431152546998,0.0441666666666666
2026-02-24,2026-02-26 10:00:00,35,2,1,0.6071052935797818,0.6421931345655757,0.5983333333333333
2026-02-24,2026-02-26 11:00:00,36,2,1,0.5237769282297433,0.645551307815383,0.4933333333333334
2026-02-24,2026-02-26 12:00:00,37,2,1,0.2629078507305117,0.2952799943932994,0.2548148148148147
2026-02-24,2026-02-26 13:00:00,38,2,1,0.256704739260287,0.2872274000051385,0.249074074074074
2026-02-24,2026-02-26 14:00:00,39,2,1,0.1412166610126345,0.1842314532113209,0.1304629629629629
2026-02-24,2026-02-26 15:00:00,40,2,1,0.1606242623174673,0.2812694597354846,0.1304629629629629
2026-02-24,2026-02-26 16:00:00,41,2,1,0.1078224213215112,0.1242972917927416,0.1037037037037037
2026-02-24,2026-02-26 17:00:00,42,2,1,0.4180607034138239,0.2403035170691195,0.4625
2026-02-24,2026-02-26 18:00:00,43,2,1,0.5958272328438826,0.3935806086638569,0.646388888888889
2026-02-24,2026-02-26 19:00:00,44,2,1,0.6153578984909215,0.3849376406027553,0.672962962962963
2026-02-24,2026-02-26 20:00:00,45,2,1,0.5852356850860164,0.3861784254300821,0.635
2026-02-24,2026-02-26 21:00:00,46,2,1,0.417455047619127,0.3122752380956352,0.4437499999999999
2026-02-24,2026-02-26 22:00:00,47,2,1,0.6441424503579243,0.4833048443822138,0.6843518518518518
2026-02-24,2026-02-26 23:00:00,48,2,1,0.7162595789583243,0.6457423392360663,0.7338888888888888
2026-02-24,2026-02-25 00:00:00,1,1,2,0.0285133007481016,0.1234663408143498,0.0179629629629629
2026-02-24,2026-02-25 01:00:00,2,1,2,0.0242847874478107,0.0878478744781079,0.0172222222222222
2026-02-24,2026-02-25 02:00:00,3,1,2,0.0329284323837145,0.1051176571704791,0.0249074074074074
2026-02-24,2026-02-25 03:00:00,4,1,2,0.0639851905886267,0.0965185725529343,0.0603703703703703
2026-02-24,2026-02-25 04:00:00,5,1,2,0.0636062912705297,0.0843962460386308,0.0612962962962962
2026-02-24,2026-02-25 05:00:00,6,1,2,0.0784185834533185,0.0658525011998522,0.0798148148148148
2026-02-24,2026-02-25 06:00:00,7,1,2,0.0704052326680544,0.0523856600138781,0.0724074074074074
2026-02-24,2026-02-25 07:00:00,8,1,2,0.0873178993783072,0.0548456604497397,0.0909259259259259
2026-02-24,2026-02-25 08:00:00,9,1,2,0.0861001473532333,0.0760014735323329,0.0872222222222222
2026-02-24,2026-02-25 09:00:00,10,1,2,0.0565473098157443,0.0471397648241096,0.0575925925925925
2026-02-24,2026-02-25 10:00:00,11,1,2,0.0507165324703465,0.0721653247034657,0.0483333333333333
2026-02-24,2026-02-25 11:00:00,12,1,2,0.0258692693045529,0.0345260263788624,0.0249074074074074
2026-02-24,2026-02-25 12:00:00,13,1,2,0.0228033232986758,0.0330332329867588,0.0216666666666666
2026-02-24,2026-02-25 13:00:00,14,1,2,0.0278824114120492,0.0546574474538256,0.0249074074074074
2026-02-24,2026-02-25 14:00:00,15,1,2,0.0252312158702519,0.0606454920358528,0.0212962962962962
2026-02-24,2026-02-25 15:00:00,16,1,2,0.0254562049627303,0.0828953829606371,0.019074074074074
2026-02-24,2026-02-25 16:00:00,17,1,2,0.0260457729019563,0.0771243956862303,0.0203703703703703
2026-02-24,2026-02-25 17:00:00,18,1,2,0.0346530798014459,0.1048641313477925,0.0268518518518518
2026-02-24,2026-02-25 18:00:00,19,1,2,0.0295301951979659,0.1186352853129924,0.0196296296296296
2026-02-24,2026-02-25 19:00:00,20,1,2,0.0221905256441366,0.1069052564413662,0.0127777777777777
2026-02-24,2026-02-25 20:00:00,21,1,2,0.0334520425719345,0.1578537590526791,0.0196296296296296
2026-02-24,2026-02-25 21:00:00,22,1,2,0.0592893163643642,0.2778931636436427,0.0349999999999999
2026-02-24,2026-02-25 22:00:00,23,1,2,0.1485282241446508,0.3877822414465078,0.1219444444444444
2026-02-24,2026-02-25 23:00:00,24,1,2,0.4405053737147116,0.6000537371471161,0.4227777777777778
2026-02-24,2026-02-26 00:00:00,25,2,2,0.4435609444285177,0.4772761109518432,0.4398148148148148
2026-02-24,2026-02-26 01:00:00,26,2,2,0.4852417158806663,0.5024171588066622,0.4833333333333334
2026-02-24,2026-02-26 02:00:00,27,2,2,0.5104790973535329,0.4922909735353293,0.5125
2026-02-24,2026-02-26 03:00:00,28,2,2,0.5531425159513734,0.5064251595137333,0.5583333333333333
2026-02-24,2026-02-26 04:00:00,29,2,2,0.4940196305978824,0.4851963059788237,0.495
2026-02-24,2026-02-26 05:00:00,30,2,2,0.2837567226708041,0.4475672267080408,0.2655555555555555
2026-02-24,2026-02-26 06:00:00,31,2,2,0.4396808091743186,0.3618080917431867,0.4483333333333333
2026-02-24,2026-02-26 07:00:00,32,2,2,0.4503412239960435,0.3634122399604353,0.4599999999999999
2026-02-24,2026-02-26 08:00:00,33,2,2,0.406801635469113,0.4546830213577968,0.4014814814814815
2026-02-24,2026-02-26 09:00:00,34,2,2,0.0834715464576938,0.4522154645769387,0.0424999999999999
2026-02-24,2026-02-26 10:00:00,35,2,2,0.5899166428533926,0.604166428533927,0.5883333333333333
2026-02-24,2026-02-26 11:00:00,36,2,2,0.4758629836414683,0.5136298364146825,0.4716666666666667
2026-02-24,2026-02-26 12:00:00,37,2,2,0.2458959745060802,0.2622930783941357,0.244074074074074
2026-02-24,2026-02-26 13:00:00,38,2,2,0.2449886025918584,0.3015526925852518,0.2387037037037036
2026-02-24,2026-02-26 14:00:00,39,2,2,0.1292575422398515,0.207575422398515,0.1205555555555555
2026-02-24,2026-02-26 15:00:00,40,2,2,0.135041313934429,0.2654131393442898,0.1205555555555555
2026-02-24,2026-02-26 16:00:00,41,2,2,0.0993032999992259,0.1413663333255925,0.0946296296296296
2026-02-24,2026-02-26 17:00:00,42,2,2,0.4198796340710649,0.2404630073773156,0.4398148148148148
2026-02-24,2026-02-26 18:00:00,43,2,2,0.6246904944635211,0.36190494463521,0.6538888888888891
2026-02-24,2026-02-26 19:00:00,44,2,2,0.6491433033693947,0.3847663670272797,0.6785185185185186
2026-02-24,2026-02-26 20:00:00,45,2,2,0.6112067806046424,0.3220678060464232,0.6433333333333334
2026-02-24,2026-02-26 21:00:00,46,2,2,0.4062932928805259,0.2962662621385928,0.4185185185185184
2026-02-24,2026-02-26 22:00:00,47,2,2,0.6663368714596142,0.4617020479294753,0.6890740740740741
2026-02-24,2026-02-26 23:00:00,48,2,2,0.7161285908674313,0.5904525753409793,0.7300925925925926
2026-02-25,2026-02-26 00:00:00,1,1,1,0.5366422518639175,0.569877925986254,0.5283333333333333
2026-02-25,2026-02-26 01:00:00,2,1,1,0.5802592687267261,0.5346296769669631,0.5916666666666667
2026-02-25,2026-02-26 02:00:00,3,1,1,0.5780536484967925,0.4969349091506296,0.5983333333333333
2026-02-25,2026-02-26 03:00:00,4,1,1,0.464643590527963,0.6082179526398149,0.42875
2026-02-25,2026-02-26 04:00:00,5,1,1,0.3169881918135806,0.4967928109197549,0.272037037037037
2026-02-25,2026-02-26 05:00:00,6,1,1,0.394528533040089,0.5298648874226674,0.3606944444444444
2026-02-25,2026-02-26 06:00:00,7,1,1,0.3358129112823422,0.5105460378931925,0.2921296296296296
2026-02-25,2026-02-26 07:00:00,8,1,1,0.2918579639306043,0.4744750048382068,0.2462037037037036
2026-02-25,2026-02-26 08:00:00,9,1,1,0.2430014971990752,0.433526004513895,0.1953703703703703
2026-02-25,2026-02-26 09:00:00,10,1,1,0.1265743049222632,0.225649302389094,0.1018055555555555
2026-02-25,2026-02-26 10:00:00,11,1,1,0.0820902383830718,0.3030437845079518,0.0268518518518518
2026-02-25,2026-02-26 11:00:00,12,1,1,0.8258864726300741,0.7486916224096283,0.8451851851851854
2026-02-25,2026-02-26 12:00:00,13,1,1,0.5603630360150471,0.641815180075235,0.54
2026-02-25,2026-02-26 13:00:00,14,1,1,0.1267091337689067,0.3022493725482374,0.082824074074074
2026-02-25,2026-02-26 14:00:00,15,1,1,0.1466099254880852,0.2054570348478333,0.1318981481481481
2026-02-25,2026-02-26 15:00:00,16,1,1,0.2266357321058034,0.2146601420104986,0.2296296296296295
2026-02-25,2026-02-26 16:00:00,17,1,1,0.3048493859269549,0.3442469296347743,0.295
2026-02-25,2026-02-26 17:00:00,18,1,1,0.6435468948818186,0.6018085484831667,0.6539814814814815
2026-02-25,2026-02-26 18:00:00,19,1,1,0.6115699322633803,0.4874792909465305,0.6425925925925926
2026-02-25,2026-02-26 19:00:00,20,1,1,0.4993063663381679,0.3831984983575058,0.5283333333333333
2026-02-25,2026-02-26 20:00:00,21,1,1,0.5811435805601856,0.4857179028009279,0.605
2026-02-25,2026-02-26 21:00:00,22,1,1,0.6715533303086157,0.5748036885801162,0.6957407407407407
2026-02-25,2026-02-26 22:00:00,23,1,1,0.7040994178897099,0.5627193116707716,0.7394444444444443
2026-02-25,2026-02-26 23:00:00,24,1,1,0.6776283985215635,0.5636975481633737,0.7061111111111109
2026-02-25,2026-02-27 00:00:00,25,2,1,0.7663941187458986,0.5430817048406029,0.8222222222222224
2026-02-25,2026-02-27 01:00:00,26,2,1,0.7930110833564836,0.6532035649305648,0.8279629629629633
2026-02-25,2026-02-27 02:00:00,27,2,1,0.6102323799434075,0.6311618997170378,0.605
2026-02-25,2026-02-27 03:00:00,28,2,1,0.5338544352386376,0.5559388428598546,0.5283333333333333
2026-02-25,2026-02-27 04:00:00,29,2,1,0.4954308793381364,0.5504877300240156,0.4816666666666666
2026-02-25,2026-02-27 05:00:00,30,2,1,0.5308444448333989,0.2608888908336609,0.5983333333333333
2026-02-25,2026-02-27 06:00:00,31,2,1,0.3991538487953088,0.1757692439765438,0.455
2026-02-25,2026-02-27 07:00:00,32,2,1,0.4090955372324282,0.1804776861621408,0.46625
2026-02-25,2026-02-27 08:00:00,33,2,1,0.3886361035951923,0.2431805179759619,0.4249999999999999
2026-02-25,2026-02-27 09:00:00,34,2,1,0.2437832997135727,0.1881757578271227,0.2576851851851852
2026-02-25,2026-02-27 10:00:00,35,2,1,0.1687178326366696,0.1169224965166813,0.1816666666666666
2026-02-25,2026-02-27 11:00:00,36,2,1,0.1292605678734124,0.1703769134411362,0.1189814814814815
2026-02-25,2026-02-27 12:00:00,37,2,1,0.1992468798964812,0.1462343994824064,0.2124999999999998
2026-02-25,2026-02-27 13:00:00,38,2,1,0.272089882268934,0.272301263196522,0.272037037037037
2026-02-25,2026-02-27 14:00:00,39,2,1,0.3282265743014011,0.3655773159514505,0.3188888888888888
2026-02-25,2026-02-27 15:00:00,40,2,1,0.4798508575560539,0.4492542877802699,0.4874999999999999
2026-02-25,2026-02-27 16:00:00,41,2,1,0.6034643850442614,0.4621367400361217,0.6387962962962962
2026-02-25,2026-02-27 17:00:00,42,2,1,0.5896920995376111,0.421793831021389,0.6316666666666666
2026-02-25,2026-02-27 18:00:00,43,2,1,0.6074348858863223,0.3908781331353148,0.6615740740740741
2026-02-25,2026-02-27 19:00:00,44,2,1,0.5816703293954245,0.4216849803104561,0.6216666666666666
2026-02-25,2026-02-27 20:00:00,45,2,1,0.4941008281357029,0.4038374740118478,0.5166666666666667
2026-02-25,2026-02-27 21:00:00,46,2,1,0.5045160828019941,0.4559137473433033,0.5166666666666667
2026-02-25,2026-02-27 22:00:00,47,2,1,0.4860383532654373,0.4801917663271867,0.4874999999999999
2026-02-25,2026-02-27 23:00:00,48,2,1,0.3440372363641114,0.4207417373761122,0.3248611111111111
2026-02-25,2026-02-26 00:00:00,1,1,2,0.5230667076220004,0.6706670762200034,0.5066666666666666
2026-02-25,2026-02-26 01:00:00,2,1,2,0.5691903457391663,0.4869034573916629,0.5783333333333333
2026-02-25,2026-02-26 02:00:00,3,1,2,0.5732316953368913,0.4373169533689131,0.5883333333333333
2026-02-25,2026-02-26 03:00:00,4,1,2,0.4036061286362558,0.422727953029225,0.4014814814814815
2026-02-25,2026-02-26 04:00:00,5,1,2,0.2848040603681591,0.5063739370149246,0.2601851851851852
2026-02-25,2026-02-26 05:00:00,6,1,2,0.3493914991836921,0.4639149918369216,0.3366666666666666
2026-02-25,2026-02-26 06:00:00,7,1,2,0.2980709368356458,0.469876035023124,0.2789814814814815
2026-02-25,2026-02-26 07:00:00,8,1,2,0.2543459873115082,0.4192932064484158,0.2360185185185185
2026-02-25,2026-02-26 08:00:00,9,1,2,0.2032046576409461,0.3637132430761284,0.1853703703703703
2026-02-25,2026-02-26 09:00:00,10,1,2,0.1068526892974781,0.2335268929747819,0.0927777777777777
2026-02-25,2026-02-26 10:00:00,11,1,2,0.0663810711664598,0.4279773783312652,0.0262037037037037
2026-02-25,2026-02-26 11:00:00,12,1,2,0.8139974230173851,0.6883075635071829,0.827962962962963
2026-02-25,2026-02-26 12:00:00,13,1,2,0.5195333787386853,0.5303337873868534,0.5183333333333333
2026-02-25,2026-02-26 13:00:00,14,1,2,0.1006667522579371,0.3383341892460383,0.0742592592592592
2026-02-25,2026-02-26 14:00:00,15,1,2,0.1290473796098499,0.1929737960984995,0.1219444444444444
2026-02-25,2026-02-26 15:00:00,16,1,2,0.2214156903254678,0.237490236588012,0.2196296296296295
2026-02-25,2026-02-26 16:00:00,17,1,2,0.2876926424534787,0.3419264245347876,0.2816666666666667
2026-02-25,2026-02-26 17:00:00,18,1,2,0.6529889384238325,0.5815560509049915,0.660925925925926
2026-02-25,2026-02-26 18:00:00,19,1,2,0.634058216736458,0.4872488340312466,0.6503703703703704
2026-02-25,2026-02-26 19:00:00,20,1,2,0.4906380673327936,0.3463806733279364,0.5066666666666666
2026-02-25,2026-02-26 20:00:00,21,1,2,0.5800011250004456,0.4150112500044569,0.5983333333333333
2026-02-25,2026-02-26 21:00:00,22,1,2,0.6822187381694704,0.5255207150280373,0.6996296296296297
2026-02-25,2026-02-26 22:00:00,23,1,2,0.7135628561883801,0.526461895217135,0.7343518518518518
2026-02-25,2026-02-26 23:00:00,24,1,2,0.6875434364742598,0.4962676980759303,0.7087962962962963
2026-02-25,2026-02-27 00:00:00,25,2,2,0.7773227684992363,0.508227684992362,0.8072222222222224
2026-02-25,2026-02-27 01:00:00,26,2,2,0.7918803124015164,0.6071364573484944,0.8124074074074077
2026-02-25,2026-02-27 02:00:00,27,2,2,0.5881387851643642,0.496387851643642,0.5983333333333333
2026-02-25,2026-02-27 03:00:00,28,2,2,0.5093268097386997,0.5332680973869973,0.5066666666666666
2026-02-25,2026-02-27 04:00:00,29,2,2,0.4641359267795957,0.5013592677959575,0.4599999999999999
2026-02-25,2026-02-27 05:00:00,30,2,2,0.5486466693414664,0.1914666934146641,0.5883333333333333
2026-02-25,2026-02-27 06:00:00,31,2,2,0.4041103460318995,0.1594367936523278,0.4312962962962963
2026-02-25,2026-02-27 07:00:00,32,2,2,0.4147121966452313,0.150455299785646,0.444074074074074
2026-02-25,2026-02-27 08:00:00,33,2,2,0.378479231235736,0.2097923123573615,0.3972222222222221
2026-02-25,2026-02-27 09:00:00,34,2,2,0.2346847030474249,0.1260136971409155,0.2467592592592593
2026-02-25,2026-02-27 10:00:00,35,2,2,0.1613800978092136,0.0688009780921361,0.1716666666666666
2026-02-25,2026-02-27 11:00:00,36,2,2,0.1117433249775804,0.1324332497758045,0.1094444444444444
2026-02-25,2026-02-27 12:00:00,37,2,2,0.1954037419493669,0.1315374194936705,0.2024999999999998
2026-02-25,2026-02-27 13:00:00,38,2,2,0.2590451010860702,0.2487843441940354,0.2601851851851852
2026-02-25,2026-02-27 14:00:00,39,2,2,0.3022578131928932,0.3075781319289331,0.3016666666666666
2026-02-25,2026-02-27 15:00:00,40,2,2,0.4572140641971972,0.3796406419719728,0.4658333333333332
2026-02-25,2026-02-27 16:00:00,41,2,2,0.622179193952542,0.4001252728587535,0.6468518518518518
2026-02-25,2026-02-27 17:00:00,42,2,2,0.6110533351518314,0.3655333515183136,0.6383333333333333
2026-02-25,2026-02-27 18:00:00,43,2,2,0.6415649544696875,0.4039828780302072,0.6679629629629631
2026-02-25,2026-02-27 19:00:00,44,2,2,0.6013793570397026,0.4037935703970266,0.6233333333333333
2026-02-25,2026-02-27 20:00:00,45,2,2,0.484682204847747,0.3918220484774704,0.495
2026-02-25,2026-02-27 21:00:00,46,2,2,0.4930829272055015,0.4758292720550149,0.495
2026-02-25,2026-02-27 22:00:00,47,2,2,0.4654279308651428,0.4617793086514286,0.4658333333333332
2026-02-25,2026-02-27 23:00:00,48,2,2,0.3208374102999859,0.4483741029998591,0.3066666666666667
2026-02-26,2026-02-27 00:00:00,1,1,1,0.7433756032712204,0.5198409793190636,0.7992592592592596
2026-02-26,2026-02-27 01:00:00,2,1,1,0.5832638175173829,0.3896524209202477,0.6316666666666666
2026-02-26,2026-02-27 02:00:00,3,1,1,0.6151625120345533,0.4447014490616558,0.6577777777777777
2026-02-26,2026-02-27 03:00:00,4,1,1,0.5706997822904775,0.3668322447857208,0.6216666666666666
2026-02-26,2026-02-27 04:00:00,5,1,1,0.4567700008089531,0.333850004044766,0.4874999999999999
2026-02-26,2026-02-27 05:00:00,6,1,1,0.2324789227080134,0.1775797987252524,0.2462037037037036
2026-02-26,2026-02-27 06:00:00,7,1,1,0.2278266251384768,0.1795034960627541,0.2399074074074074
2026-02-26,2026-02-27 07:00:00,8,1,1,0.2269164929434396,0.1749528350875685,0.2399074074074074
2026-02-26,2026-02-27 08:00:00,9,1,1,0.2094244324917219,0.2245295698660175,0.205648148148148
2026-02-26,2026-02-27 09:00:00,10,1,1,0.1323387106886213,0.1068787386282921,0.1387037037037037
2026-02-26,2026-02-27 10:00:00,11,1,1,0.13982920627429,0.1228497350751538,0.1440740740740741
2026-02-26,2026-02-27 11:00:00,12,1,1,0.1452541625276355,0.1177522941196595,0.1521296296296295
2026-02-26,2026-02-27 12:00:00,13,1,1,0.1210642085657083,0.1236543761618748,0.1204166666666666
2026-02-26,2026-02-27 13:00:00,14,1,1,0.1905071997462227,0.301054517249632,0.1628703703703703
2026-02-26,2026-02-27 14:00:00,15,1,1,0.3135962376050447,0.4109441509881866,0.2892592592592591
2026-02-26,2026-02-27 15:00:00,16,1,1,0.3993982554363683,0.4825468327373974,0.378611111111111
2026-02-26,2026-02-27 16:00:00,17,1,1,0.4377752662744114,0.4438763313720573,0.4362499999999999
2026-02-26,2026-02-27 17:00:00,18,1,1,0.3030963000970162,0.3115926115961922,0.3009722222222222
2026-02-26,2026-02-27 18:00:00,19,1,1,0.4088421983021654,0.2992109915108269,0.4362499999999999
2026-02-26,2026-02-27 19:00:00,20,1,1,0.3420589628531167,0.2914059253766948,0.3547222222222221
2026-02-26,2026-02-27 20:00:00,21,1,1,0.5030295991047699,0.3784813288571827,0.5341666666666667
2026-02-26,2026-02-27 21:00:00,22,1,1,0.537943227337913,0.5997161366895648,0.5225
2026-02-26,2026-02-27 22:00:00,23,1,1,0.4606144128270005,0.5280720641350028,0.4437499999999999
2026-02-26,2026-02-27 23:00:00,24,1,1,0.3951935022910891,0.4137452892332241,0.3905555555555554
2026-02-26,2026-02-28 00:00:00,25,2,1,0.3503924889187055,0.3808513334824173,0.3427777777777775
2026-02-26,2026-02-28 01:00:00,26,2,1,0.2404193520658765,0.3109856492182719,0.2227777777777777
2026-02-26,2026-02-28 02:00:00,27,2,1,0.3000962370897069,0.4123330373003865,0.272037037037037
2026-02-26,2026-02-28 03:00:00,28,2,1,0.3551963022582167,0.4526481779577507,0.3308333333333332
2026-02-26,2026-02-28 04:00:00,29,2,1,0.4863948013081927,0.6119740065409632,0.455
2026-02-26,2026-02-28 05:00:00,30,2,1,0.5286458444362964,0.5765625555148148,0.5166666666666667
2026-02-26,2026-02-28 06:00:00,31,2,1,0.5010280164239458,0.5084734154530625,0.4991666666666665
2026-02-26,2026-02-28 07:00:00,32,2,1,0.5451945620209094,0.5193061434378802,0.5516666666666667
2026-02-26,2026-02-28 08:00:00,33,2,1,0.5116023881323408,0.5146786073283711,0.5108333333333333
2026-02-26,2026-02-28 09:00:00,34,2,1,0.5046347608915004,0.4798404711241686,0.5108333333333333
2026-02-26,2026-02-28 10:00:00,35,2,1,0.49598434887445,0.4832550777055838,0.4991666666666665
2026-02-26,2026-02-28 11:00:00,36,2,1,0.5861403568313699,0.404035117490183,0.6316666666666666
2026-02-26,2026-02-28 12:00:00,37,2,1,0.5725744908382322,0.4295391208578273,0.6083333333333334
2026-02-26,2026-02-28 13:00:00,38,2,1,0.5564581226873366,0.3889572801033503,0.5983333333333333
2026-02-26,2026-02-28 14:00:00,39,2,1,0.5609488317269272,0.4247441586346357,0.5950000000000001
2026-02-26,2026-02-28 15:00:00,40,2,1,0.5046456448136393,0.4098948907348629,0.5283333333333333
2026-02-26,2026-02-28 16:00:00,41,2,1,0.5064909621617781,0.5824548108088907,0.4874999999999999
2026-02-26,2026-02-28 17:00:00,42,2,1,0.3730919334241321,0.4943485560095503,0.3427777777777775
2026-02-26,2026-02-28 18:00:00,43,2,1,0.298707277088692,0.3364993484064236,0.2892592592592591
2026-02-26,2026-02-28 19:00:00,44,2,1,0.2839658200326126,0.3890883594223224,0.2576851851851852
2026-02-26,2026-02-28 20:00:00,45,2,1,0.1389250686353884,0.1183290468806453,0.1440740740740741
2026-02-26,2026-02-28 21:00:00,46,2,1,0.1177338110567056,0.0955209071353802,0.123287037037037
2026-02-26,2026-02-28 22:00:00,47,2,1,0.1124127852017537,0.1548417037865464,0.1018055555555555
2026-02-26,2026-02-28 23:00:00,48,2,1,0.1156395036456487,0.1937530737837991,0.0961111111111111
2026-02-26,2026-02-27 00:00:00,1,1,2,0.7607962819984473,0.5296294866511375,0.7864814814814817
2026-02-26,2026-02-27 01:00:00,2,1,2,0.6069682597048747,0.3246825970487466,0.6383333333333333
2026-02-26,2026-02-27 02:00:00,3,1,2,0.6456111882496061,0.4761118824960612,0.6644444444444444
2026-02-26,2026-02-27 03:00:00,4,1,2,0.5983592093338859,0.3735920933388594,0.6233333333333333
2026-02-26,2026-02-27 04:00:00,5,1,2,0.4590873586720942,0.3983735867209433,0.4658333333333332
2026-02-26,2026-02-27 05:00:00,6,1,2,0.2310808260227491,0.1866415935608245,0.2360185185185185
2026-02-26,2026-02-27 06:00:00,7,1,2,0.225460931106292,0.1854426443962538,0.2299074074074074
2026-02-26,2026-02-27 07:00:00,8,1,2,0.2233559503020454,0.1643928363537876,0.2299074074074074
2026-02-26,2026-02-27 08:00:00,9,1,2,0.1978751130289506,0.2179177969561739,0.195648148148148
2026-02-26,2026-02-27 09:00:00,10,1,2,0.1248476408097032,0.0901430747636988,0.1287037037037036
2026-02-26,2026-02-27 10:00:00,11,1,2,0.1324467357841263,0.1178006911745966,0.1340740740740741
2026-02-26,2026-02-27 11:00:00,12,1,2,0.1374381227971516,0.0952145613048506,0.1421296296296295
2026-02-26,2026-02-27 12:00:00,13,1,2,0.1104084492365781,0.1065844923657812,0.1108333333333333
2026-02-26,2026-02-27 13:00:00,14,1,2,0.1621600543257321,0.245767209923988,0.1528703703703703
2026-02-26,2026-02-27 14:00:00,15,1,2,0.2818433167915817,0.3317665012491507,0.2762962962962962
2026-02-26,2026-02-27 15:00:00,16,1,2,0.368662325585048,0.5216232558504805,0.3516666666666665
2026-02-26,2026-02-27 16:00:00,17,1,2,0.4140180877185626,0.4501808771856264,0.41
2026-02-26,2026-02-27 17:00:00,18,1,2,0.2873637412380396,0.2936374123803965,0.2866666666666667
2026-02-26,2026-02-27 18:00:00,19,1,2,0.3955969347085531,0.265969347085531,0.41
2026-02-26,2026-02-27 19:00:00,20,1,2,0.3296517875534205,0.3115178755342055,0.3316666666666666
2026-02-26,2026-02-27 20:00:00,21,1,2,0.5021954860925296,0.4094548609252958,0.5125
2026-02-26,2026-02-27 21:00:00,22,1,2,0.511281838144653,0.6053183814465299,0.5008333333333334
2026-02-26,2026-02-27 22:00:00,23,1,2,0.4338113709998501,0.5714470433318355,0.4185185185185184
2026-02-26,2026-02-27 23:00:00,24,1,2,0.3632391002947424,0.377391002947425,0.3616666666666665
2026-02-26,2026-02-28 00:00:00,25,2,2,0.323374795008351,0.3387479500835109,0.3216666666666665
2026-02-26,2026-02-28 01:00:00,26,2,2,0.2217545689656911,0.3025456896569121,0.2127777777777777
2026-02-26,2026-02-28 02:00:00,27,2,2,0.2743676741817419,0.4020100751507524,0.2601851851851852
2026-02-26,2026-02-28 03:00:00,28,2,2,0.32188507523298,0.4138507523298014,0.3116666666666665
2026-02-26,2026-02-28 04:00:00,29,2,2,0.4498461708806056,0.6167950421393891,0.4312962962962963
2026-02-26,2026-02-28 05:00:00,30,2,2,0.5028633419382238,0.5736334193822373,0.495
2026-02-26,2026-02-28 06:00:00,31,2,2,0.4806208604655279,0.5087086046552802,0.4774999999999998
2026-02-26,2026-02-28 07:00:00,32,2,2,0.5186471327207549,0.4164713272075488,0.53
2026-02-26,2026-02-28 08:00:00,33,2,2,0.4873345549464291,0.470845549464292,0.4891666666666665
2026-02-26,2026-02-28 09:00:00,34,2,2,0.4891006888808279,0.4885068888082802,0.4891666666666665
2026-02-26,2026-02-28 10:00:00,35,2,2,0.4732541055022471,0.4350410550224727,0.4774999999999998
2026-02-26,2026-02-28 11:00:00,36,2,2,0.610364586490207,0.3586458649020699,0.6383333333333333
2026-02-26,2026-02-28 12:00:00,37,2,2,0.5719653656686581,0.2896536566865809,0.6033333333333334
2026-02-26,2026-02-28 13:00:00,38,2,2,0.5596774426541905,0.3017744265419053,0.5883333333333333
2026-02-26,2026-02-28 14:00:00,39,2,2,0.5586170246605328,0.3361702466053278,0.5833333333333334
2026-02-26,2026-02-28 15:00:00,40,2,2,0.4928097327894538,0.368097327894538,0.5066666666666666
2026-02-26,2026-02-28 16:00:00,41,2,2,0.4600574051753428,0.4080740517534287,0.4658333333333332
2026-02-26,2026-02-28 17:00:00,42,2,2,0.3392241779506023,0.4972417795060235,0.3216666666666665
2026-02-26,2026-02-28 18:00:00,43,2,2,0.2895125554190135,0.4084588875234683,0.2762962962962962
2026-02-26,2026-02-28 19:00:00,44,2,2,0.2522403234358281,0.3015699010249474,0.2467592592592593
2026-02-26,2026-02-28 20:00:00,45,2,2,0.1394630632887295,0.1879639662206284,0.1340740740740741
2026-02-26,2026-02-28 21:00:00,46,2,2,0.1173119010612435,0.1506190106124355,0.1136111111111111
2026-02-26,2026-02-28 22:00:00,47,2,2,0.1016852048235188,0.1818520482351887,0.0927777777777777
2026-02-26,2026-02-28 23:00:00,48,2,2,0.1010100039451959,0.2251000394519597,0.0872222222222222
2026-02-27,2026-02-28 00:00:00,1,1,1,0.3338951236868798,0.3222533962121764,0.3368055555555556
2026-02-27,2026-02-28 01:00:00,2,1,1,0.422837375589118,0.4141868779455904,0.4249999999999999
2026-02-27,2026-02-28 02:00:00,3,1,1,0.3592933569579207,0.449244562567381,0.3368055555555556
2026-02-27,2026-02-28 03:00:00,4,1,1,0.4889953701574324,0.5949768507871617,0.4625
2026-02-27,2026-02-28 04:00:00,5,1,1,0.5161675167068156,0.6541709168674115,0.4816666666666666
2026-02-27,2026-02-28 05:00:00,6,1,1,0.5642362904984978,0.5445147858258222,0.5691666666666666
2026-02-27,2026-02-28 06:00:00,7,1,1,0.5460616659818874,0.5236416632427701,0.5516666666666667
2026-02-27,2026-02-28 07:00:00,8,1,1,0.5250563765618512,0.5119485494759228,0.5283333333333333
2026-02-27,2026-02-28 08:00:00,9,1,1,0.5358356291157877,0.5425114789122719,0.5341666666666667
2026-02-27,2026-02-28 09:00:00,10,1,1,0.5854316056577291,0.4938246949553121,0.6083333333333334
2026-02-27,2026-02-28 10:00:00,11,1,1,0.5818789999288012,0.542728332977339,0.5916666666666667
2026-02-27,2026-02-28 11:00:00,12,1,1,0.5118383361657146,0.4458583474952394,0.5283333333333333
2026-02-27,2026-02-28 12:00:00,13,1,1,0.5856823581799443,0.5084117908997215,0.605
2026-02-27,2026-02-28 13:00:00,14,1,1,0.5895574475136116,0.4877872375680578,0.615
2026-02-27,2026-02-28 14:00:00,15,1,1,0.5441298785835503,0.4673160595844176,0.5633333333333335
2026-02-27,2026-02-28 15:00:00,16,1,1,0.5106997570206339,0.4401654517698359,0.5283333333333333
2026-02-27,2026-02-28 16:00:00,17,1,1,0.478825133127888,0.5591256656394402,0.4587499999999999
2026-02-27,2026-02-28 17:00:00,18,1,1,0.4112428990305893,0.3562144951529472,0.4249999999999999
2026-02-27,2026-02-28 18:00:00,19,1,1,0.374348753934573,0.3095215474506438,0.3905555555555554
2026-02-27,2026-02-28 19:00:00,20,1,1,0.2831320486996775,0.2117713546094986,0.3009722222222222
2026-02-27,2026-02-28 20:00:00,21,1,1,0.1772291026109962,0.2131825500920185,0.1682407407407407
2026-02-27,2026-02-28 21:00:00,22,1,1,0.1178779030852197,0.1077228487594318,0.1204166666666666
2026-02-27,2026-02-28 22:00:00,23,1,1,0.1415344310405626,0.1858203033509609,0.1304629629629629
2026-02-27,2026-02-28 23:00:00,24,1,1,0.0872939056317259,0.1355436022327039,0.0752314814814814
2026-02-27,2026-03-01 00:00:00,25,2,1,0.0928877769082318,0.1331425882448626,0.082824074074074
2026-02-27,2026-03-01 01:00:00,26,2,1,0.0719980679948983,0.1029533029374545,0.0642592592592592
2026-02-27,2026-03-01 02:00:00,27,2,1,0.0485838139732999,0.1118079587553885,0.0327777777777777
2026-02-27,2026-03-01 03:00:00,28,2,1,0.0581421248305929,0.1536735871159274,0.0342592592592592
2026-02-27,2026-03-01 04:00:00,29,2,1,0.046120103156685,0.1172671824500918,0.0283333333333333
2026-02-27,2026-03-01 05:00:00,30,2,1,0.0414840123304742,0.0822348764671861,0.0312962962962963
2026-02-27,2026-03-01 06:00:00,31,2,1,0.0529380451902002,0.1213568926176678,0.0358333333333333
2026-02-27,2026-03-01 07:00:00,32,2,1,0.0517862355356265,0.1055978443447994,0.0383333333333333
2026-02-27,2026-03-01 08:00:00,33,2,1,0.0338777562531487,0.0382776701546328,0.0327777777777777
2026-02-27,2026-03-01 09:00:00,34,2,1,0.0333868373989664,0.0387860388466842,0.032037037037037
2026-02-27,2026-03-01 10:00:00,35,2,1,0.0446099418366391,0.0630497091831957,0.04
2026-02-27,2026-03-01 11:00:00,36,2,1,0.0265398183217775,0.0430694619792579,0.0224074074074074
2026-02-27,2026-03-01 12:00:00,37,2,1,0.0326779662866963,0.0530194610631112,0.0275925925925926
2026-02-27,2026-03-01 13:00:00,38,2,1,0.0384657378921913,0.0819583190905864,0.0275925925925926
2026-02-27,2026-03-01 14:00:00,39,2,1,0.0337928268145916,0.0704456155544395,0.0246296296296296
2026-02-27,2026-03-01 15:00:00,40,2,1,0.0384315614629449,0.0817874369443541,0.0275925925925926
2026-02-27,2026-03-01 16:00:00,41,2,1,0.0557153305510607,0.1185766527553037,0.04
2026-02-27,2026-03-01 17:00:00,42,2,1,0.0541664150379315,0.1886098529674357,0.0205555555555555
2026-02-27,2026-03-01 18:00:00,43,2,1,0.034510774322301,0.1058872049448387,0.0166666666666666
2026-02-27,2026-03-01 19:00:00,44,2,1,0.1028498991846549,0.2883235699973487,0.0564814814814814
2026-02-27,2026-03-01 20:00:00,45,2,1,0.2125468095316791,0.3223636772880251,0.1850925925925926
2026-02-27,2026-03-01 21:00:00,46,2,1,0.4519501115917923,0.4397505579589613,0.455
2026-02-27,2026-03-01 22:00:00,47,2,1,0.6539064219769344,0.623235813588375,0.6615740740740741
2026-02-27,2026-03-01 23:00:00,48,2,1,0.7597356385471632,0.918678192735816,0.7199999999999999
2026-02-27,2026-02-28 00:00:00,1,1,2,0.308936563638942,0.2393656363894204,0.3166666666666667
2026-02-27,2026-02-28 01:00:00,2,1,2,0.3933892450268682,0.3588924502686833,0.3972222222222221
2026-02-27,2026-02-28 02:00:00,3,1,2,0.330134829652473,0.4513482965247301,0.3166666666666667
2026-02-27,2026-02-28 03:00:00,4,1,2,0.4541265103684168,0.5829317703508347,0.4398148148148148
2026-02-27,2026-02-28 04:00:00,5,1,2,0.4805949471479649,0.6659494714796498,0.4599999999999999
2026-02-27,2026-02-28 05:00:00,6,1,2,0.5417948785383919,0.4904487853839204,0.5474999999999999
2026-02-27,2026-02-28 06:00:00,7,1,2,0.5250575521510695,0.4805755215106944,0.53
2026-02-27,2026-02-28 07:00:00,8,1,2,0.5039961289780631,0.4799612897806316,0.5066666666666666
2026-02-27,2026-02-28 08:00:00,9,1,2,0.511217088057859,0.4996708805785901,0.5125
2026-02-27,2026-02-28 09:00:00,10,1,2,0.5915405531050171,0.4854055310501707,0.6033333333333334
2026-02-27,2026-02-28 10:00:00,11,1,2,0.5645465235242287,0.4404652352422876,0.5783333333333333
2026-02-27,2026-02-28 11:00:00,12,1,2,0.4958321454815134,0.3983214548151351,0.5066666666666666
2026-02-27,2026-02-28 12:00:00,13,1,2,0.578559349671317,0.40059349671317,0.5983333333333333
2026-02-27,2026-02-28 13:00:00,14,1,2,0.59855148871635,0.4655148871635009,0.6133333333333333
2026-02-27,2026-02-28 14:00:00,15,1,2,0.526283215777919,0.3878321577791893,0.5416666666666667
2026-02-27,2026-02-28 15:00:00,16,1,2,0.5011106358089731,0.4511063580897314,0.5066666666666666
2026-02-27,2026-02-28 16:00:00,17,1,2,0.4401214037171872,0.4812140371718734,0.4355555555555554
2026-02-27,2026-02-28 17:00:00,18,1,2,0.4024716702183099,0.4497167021830998,0.3972222222222221
2026-02-27,2026-02-28 18:00:00,19,1,2,0.3616729638344711,0.3617296383447123,0.3616666666666665
2026-02-27,2026-02-28 19:00:00,20,1,2,0.2794983932870457,0.2149839328704571,0.2866666666666667
2026-02-27,2026-02-28 20:00:00,21,1,2,0.1653644581079875,0.2294779144132094,0.1582407407407407
2026-02-27,2026-02-28 21:00:00,22,1,2,0.1144826147944109,0.1473261479441098,0.1108333333333333
2026-02-27,2026-02-28 22:00:00,23,1,2,0.1287988780760992,0.2029887807609919,0.1205555555555555
2026-02-27,2026-02-28 23:00:00,24,1,2,0.0748293950915601,0.1466272842489347,0.0668518518518518
2026-02-27,2026-03-01 00:00:00,25,2,2,0.0827396180082855,0.1590628467495222,0.0742592592592592
2026-02-27,2026-03-01 01:00:00,26,2,2,0.0680908912662052,0.154242245995386,0.0585185185185185
2026-02-27,2026-03-01 02:00:00,27,2,2,0.0381195306416093,0.0986953064160934,0.0313888888888888
2026-02-27,2026-03-01 03:00:00,28,2,2,0.0406835394747501,0.1126687280808348,0.0326851851851851
2026-02-27,2026-03-01 04:00:00,29,2,2,0.033930694571429,0.0918069457142903,0.0275
2026-02-27,2026-03-01 05:00:00,30,2,2,0.0337220399173862,0.0663870658405291,0.0300925925925925
2026-02-27,2026-03-01 06:00:00,31,2,2,0.0425176884912812,0.117676884912812,0.0341666666666666
2026-02-27,2026-03-01 07:00:00,32,2,2,0.0441834864592586,0.1118348645925863,0.0366666666666666
2026-02-27,2026-03-01 08:00:00,33,2,2,0.0335322821639618,0.0528228216396182,0.0313888888888888
2026-02-27,2026-03-01 09:00:00,34,2,2,0.0323722492805408,0.0470558261387422,0.0307407407407407
2026-02-27,2026-03-01 10:00:00,35,2,2,0.0415506981481052,0.070506981481052,0.0383333333333333
2026-02-27,2026-03-01 11:00:00,36,2,2,0.0262190072719214,0.0613567393858807,0.0223148148148148
2026-02-27,2026-03-01 12:00:00,37,2,2,0.0298204329178645,0.0565376625119791,0.0268518518518518
2026-02-27,2026-03-01 13:00:00,38,2,2,0.0327588505330892,0.0859218386642257,0.0268518518518518
2026-02-27,2026-03-01 14:00:00,39,2,2,0.0271794879632761,0.0534615462994282,0.0242592592592592
2026-02-27,2026-03-01 15:00:00,40,2,2,0.0303611966471733,0.0619452998050665,0.0268518518518518
2026-02-27,2026-03-01 16:00:00,41,2,2,0.0486999187036764,0.1419991870367642,0.0383333333333333
2026-02-27,2026-03-01 17:00:00,42,2,2,0.0369554276242289,0.1845542762422896,0.0205555555555555
2026-02-27,2026-03-01 18:00:00,43,2,2,0.027051843270903,0.1205184327090306,0.0166666666666666
2026-02-27,2026-03-01 19:00:00,44,2,2,0.0797032460934788,0.3203657942681219,0.0529629629629629
2026-02-27,2026-03-01 20:00:00,45,2,2,0.1910343703783793,0.3345103704504604,0.1750925925925925
2026-02-27,2026-03-01 21:00:00,46,2,2,0.4299631591397982,0.4179649247313147,0.4312962962962963
2026-02-27,2026-03-01 22:00:00,47,2,2,0.6598190099341246,0.5865234326745772,0.6679629629629631
2026-02-27,2026-03-01 23:00:00,48,2,2,0.730876868857085,0.8337686885708512,0.7194444444444444
