ts,turbine_1_lead1,turbine_2_lead1,turbine_1_lead2,turbine_2_lead2,turbine_1_p10,turbine_2_p10,turbine_1_p90,turbine_2_p90,farm_mean_lead1
2026-02-01 00:00:00,0.024144989604098,0.0187722028964752,,,0.0,0.0,0.2176437997739278,0.2069571046255501,0.0214585962502866
2026-02-01 01:00:00,0.0135274087365158,0.0120353656347544,,,0.0,0.0,0.2070262189063457,0.2002202673638292,0.0127813871856351
2026-02-01 02:00:00,0.0130728275865378,0.0115532125632047,,,0.0,0.0,0.2065716377563676,0.1997381142922795,0.012313020074871249
2026-02-01 03:00:00,0.0160012835842262,0.0148439684993164,,,0.0,0.0,0.209500093754056,0.2030288702283913,0.0154226260417713
2026-02-01 04:00:00,0.0156403857710497,0.0128678384567364,,,0.0,0.0,0.2091391959408796,0.2010527401858113,0.01425411211389305
2026-02-01 05:00:00,0.0163017297822249,0.0187822405249546,,,0.0,0.0,0.2098005399520547,0.2069671422540295,0.017541985153589748
2026-02-01 06:00:00,0.0222332812275438,0.0227231764002902,,,0.0,0.0,0.2157320913973736,0.210908078129365,0.022478228813917
2026-02-01 07:00:00,0.0421039933867502,0.0487971199225549,,,0.0,0.0,0.2356028035565801,0.2369820216516297,0.04545055665465255
2026-02-01 08:00:00,0.1256991396634899,0.1442179107770924,,,0.0243288711531701,0.0474239204959538,0.3191979498333198,0.3324028125061672,0.13495852522029114
2026-02-01 09:00:00,0.1555010795228826,0.1466712832602983,,,0.0541308110125628,0.0498772929791597,0.3489998896927125,0.3348561849893732,0.15108618139159047
2026-02-01 10:00:00,0.1253678644920161,0.1307580523773516,,,0.0239975959816962,0.033964062096213,0.3188666746618459,0.3189429541064265,0.12806295843468385
2026-02-01 11:00:00,0.092567806559809,0.0854774509539981,,,0.0,0.0,0.2860666167296389,0.2736623526830729,0.08902262875690355
2026-02-01 12:00:00,0.0945248337545044,0.1076597623977581,,,0.0,0.0108657721166195,0.2880236439243343,0.2958446641268329,0.10109229807613125
2026-02-01 13:00:00,0.1295040824899942,0.1171673248692746,,,0.0281338139796744,0.020373334588136,0.323002892659824,0.3053522265983495,0.1233357036796344
2026-02-01 14:00:00,0.1545176618423197,0.1197454808862721,,,0.0531473933319998,0.0229514906051335,0.3480164720121496,0.3079303826153469,0.13713157136429588
2026-02-01 15:00:00,0.1581115309033099,0.1303695070334755,,,0.0567412623929901,0.0335755167523368,0.3516103410731397,0.3185544087625503,0.14424051896839268
2026-02-01 16:00:00,0.256025390183792,0.2739506093505233,,,0.0117509347443335,0.0431059809885754,0.6075532403036891,0.6738124994306317,0.26498799976715764
2026-02-01 17:00:00,0.2111914094585375,0.2026182838802609,,,0.0,0.0,0.5627192595784346,0.6024801739603692,0.2069048466693992
2026-02-01 18:00:00,0.2558191622071025,0.2518858823294441,,,0.011544706767644,0.0210412539674962,0.6073470123269995,0.6517477724095525,0.25385252226827326
2026-02-01 19:00:00,0.2567360142434716,0.2504416031145045,,,0.0124615588040131,0.0195969747525565,0.6082638643633687,0.6503034931946128,0.25358880867898803
2026-02-01 20:00:00,0.2539686603783094,0.2523259249456006,,,0.009694204938851,0.0214812965836526,0.6054965104982065,0.652187815025709,0.253147292661955
2026-02-01 21:00:00,0.231652732861899,0.2507483732930776,,,0.0,0.0199037449311296,0.5831805829817961,0.650610263373186,0.24120055307748828
2026-02-01 22:00:00,0.2079778955996547,0.2275809793672304,,,0.0,0.0,0.5595057457195518,0.6274428694473388,0.21777943748344256
2026-02-01 23:00:00,0.2083600764221606,0.2073136306632579,,,0.0,0.0,0.5598879265420578,0.6071755207433663,0.20783685354270925
2026-02-02 00:00:00,0.2816523225486347,0.2982380121875104,0.1923361090966731,0.2140426261374712,0.0373778671091762,0.0673933838255625,0.6331801726685318,0.6980999022676189,0.2899451673680725
2026-02-02 01:00:00,0.3595942003981732,0.3757991976269836,0.2050696116914314,0.2490795162738338,0.1153197449587147,0.1449545692650357,0.7111220505180702,0.775661087707092,0.3676966990125784
2026-02-02 02:00:00,0.3405599500178071,0.3602469962528449,0.2328441677089362,0.2716208230857436,0.0962854945783487,0.129402367890897,0.6920878001377042,0.7601088863329533,0.350403473135326
2026-02-02 03:00:00,0.3607043800089842,0.346243473343546,0.2485725087145176,0.2614131456021623,0.1164299245695257,0.115398844981598,0.7122322301288813,0.7461053634236543,0.3534739266762651
2026-02-02 04:00:00,0.4106337597884825,0.3485510090143278,0.3333765956264146,0.2967357200971276,0.166359304349024,0.1177063806523799,0.7621616099083796,0.7484128990944362,0.37959238440140514
2026-02-02 05:00:00,0.4499797417077728,0.4221444809348561,0.3517652847427727,0.326087854829822,0.2057052862683144,0.1912998525729082,0.80150759182767,0.8220063710149645,0.43606211132131445
2026-02-02 06:00:00,0.4323353164782104,0.4137896247342592,0.3456158770561909,0.3280455374544311,0.188060861038752,0.1829449963723112,0.7838631665981075,0.8136515148143675,0.4230624706062348
2026-02-02 07:00:00,0.398836420185735,0.3866179391967997,0.3393695201197521,0.3458815221661139,0.1545619647462766,0.1557733108348518,0.7503642703056321,0.7864798292769082,0.39272717969126736
2026-02-02 08:00:00,0.3630508172946688,0.3644444148977619,0.3503554811629827,0.3548601678102825,0.1187763618552104,0.133599786535814,0.7145786674145659,0.7643063049778702,0.36374761609621536
2026-02-02 09:00:00,0.6083045586708384,0.6034640432952102,0.4705454287058132,0.4859939307100677,0.2545984065094667,0.2146014423694274,0.8977528612830934,0.925190548524088,0.6058843009830244
2026-02-02 10:00:00,0.5381529481640481,0.4880073973305803,0.4689318140426366,0.4459819071451918,0.1844467960026764,0.2571627689686324,0.8276012507763031,0.8878692874106886,0.5130801727473142
2026-02-02 11:00:00,0.7073873096280273,0.5948107325122483,0.7092116543436109,0.5929363122096754,0.3536811574666556,0.2059481315864654,0.9968356122402824,0.9165372377411264,0.6510990210701377
2026-02-02 12:00:00,0.7848956892287877,0.6840604844785599,0.8385393186428295,0.7485401424233636,0.431189537067416,0.2951978835527771,1.0,1.0,0.7344780868536738
2026-02-02 13:00:00,0.8287878335605349,0.7397612223651338,0.8854814477212734,0.8102187853932172,0.5885623122262446,0.3508986214393509,0.9590982485928656,1.0,0.7842745279628343
2026-02-02 14:00:00,0.8453520623320301,0.7632712051541473,0.8781989825946264,0.8016596415177253,0.6051265409977398,0.3744086042283644,0.975662477364361,1.0,0.8043116337430887
2026-02-02 15:00:00,0.753474461385402,0.7005100909822602,0.7242186365537404,0.6559133584342907,0.3997683092240303,0.3116474900564774,1.0,1.0,0.7269922761838311
2026-02-02 16:00:00,0.7844897839454817,0.6822490793793803,0.2397001691184044,0.1723959556552651,0.43078363178411,0.2933864784535975,1.0,1.0,0.7333694316624311
2026-02-02 17:00:00,0.4393608355471212,0.3393540046924151,0.4691284307527014,0.3786585871072881,0.1950863801076628,0.1085093763304672,0.7908886856670183,0.7392158947725236,0.38935742011976815
2026-02-02 18:00:00,0.2105572548461367,0.1505421907826315,0.4098341293140122,0.2604493838096516,0.0,0.0537482005014929,0.5620851049660338,0.3387270925117064,0.18054972281438408
2026-02-02 19:00:00,0.1572435449627915,0.1092736001803048,0.1332579364294639,0.1172120557498046,0.0558732764524717,0.0124796098991662,0.3507423551326214,0.2974585019093796,0.13325857257154816
2026-02-02 20:00:00,0.0863395964981821,0.0687244354993934,0.1193614948428791,0.1184191547820821,0.0,0.0,0.279838406668012,0.2569093372284683,0.07753201599878776
2026-02-02 21:00:00,0.0753998249381941,0.0764086886832991,0.1241006521895502,0.1316096155501219,0.0,0.0,0.268898635108024,0.2645935904123739,0.0759042568107466
2026-02-02 22:00:00,0.0770857846280648,0.0733085361243686,0.1026015015614461,0.0818734870095138,0.0,0.0,0.2705845947978947,0.2614934378534435,0.07519716037621671
2026-02-02 23:00:00,0.1104812704074677,0.1010713763478329,0.0679037501347489,0.0536732469964269,0.0091110018971478,0.0042773860666942,0.3039800805772975,0.2892562780769077,0.1057763233776503
2026-02-03 00:00:00,0.1938483809614197,0.2031835329123882,0.1280809689087673,0.1069404905551206,0.0924781124510999,0.0,0.3873471911312496,0.6030454229924966,0.19851595693690394
2026-02-03 01:00:00,0.2858604616025273,0.3036613650535367,0.2673422992134675,0.263477365960521,0.0415860061630689,0.0728167366915888,0.6373883117224244,0.7035232551336451,0.294760913328032
2026-02-03 02:00:00,0.3828113660612313,0.3830039105863465,0.269090550726482,0.2630548183740683,0.1385369106217728,0.1521592822243986,0.7343392161811284,0.7828658006664548,0.3829076383237889
2026-02-03 03:00:00,0.4141224933346588,0.391992654452773,0.225853394497709,0.2063668619028911,0.1698480378952003,0.161148026090825,0.7656503434545558,0.7918545445328813,0.4030575738937159
2026-02-03 04:00:00,0.4096739873624343,0.3952036557317855,0.2097994493149799,0.1875601487008936,0.1653995319229759,0.1643590273698376,0.7612018374823314,0.7950655458118938,0.4024388215471099
2026-02-03 05:00:00,0.1978276010731262,0.1804358187933365,0.1921350877127206,0.1796425697702073,0.0964573325628063,0.0836418285121978,0.391326411242956,0.3686207205224113,0.18913170993323136
2026-02-03 06:00:00,0.0728947597718799,0.0727807936749367,0.1147206502670446,0.1228092220312872,0.0,0.0,0.2663935699417098,0.2609656954040115,0.0728377767234083
2026-02-03 07:00:00,0.1029378303733905,0.0943487743386995,0.0840654112751576,0.0579510419051543,0.0015675618630706,0.0,0.2964366405432204,0.2825336760677743,0.09864330235604499
2026-02-03 08:00:00,0.0600990303264907,0.0415355437788124,0.0437554388467478,0.0335877795281728,0.0,0.0,0.2535978404963206,0.2297204455078872,0.05081728705265155
2026-02-03 09:00:00,0.0339619458648203,0.0350698210663938,0.034768488543215,0.0284079808970415,0.0,0.0,0.2274607560346501,0.2232547227954686,0.03451588346560705
2026-02-03 10:00:00,0.056894595849457,0.0571602572233913,0.0245673974415511,0.026012234446078,0.0,0.0,0.2503934060192868,0.2453451589524661,0.05702742653642415
2026-02-03 11:00:00,0.1286674571879766,0.1508852788475394,0.0615478872379649,0.0749897960185162,0.0272971886776568,0.0540912885664008,0.3221662673578065,0.3390701805766142,0.139776368017758
2026-02-03 12:00:00,0.106191657507564,0.1309251218974039,0.0671920023914442,0.070204865535703,0.0048213889972442,0.0341311316162653,0.2996904676773939,0.3191100236264788,0.11855838970248395
2026-02-03 13:00:00,0.052996600937009,0.0511412167504945,0.0410606425383658,0.0348278825963668,0.0,0.0,0.2464954111068388,0.2393261184795693,0.05206890884375175
2026-02-03 14:00:00,0.0548886673275546,0.054074844613634,0.0528353189536348,0.0526885719763444,0.0,0.0,0.2483874774973844,0.2422597463427088,0.0544817559705943
2026-02-03 15:00:00,0.0414381801376506,0.0371964422456094,0.1376382320179003,0.1544368340978335,0.0,0.0,0.2349369903074804,0.2253813439746843,0.03931731119163
2026-02-03 16:00:00,0.0552933266802671,0.060759961914945,0.1326091169499269,0.1558066527428139,0.0,0.0,0.248792136850097,0.2489448636440198,0.05802664429760605
2026-02-03 17:00:00,0.1753658433417528,0.1773876267378805,0.1459787445056949,0.121264106954184,0.0739955748314329,0.0805936364567419,0.3688646535115826,0.3655725284669553,0.17637673503981666
2026-02-03 18:00:00,0.1656066494922956,0.1330668656793127,0.2657728006677692,0.2785399328548738,0.0642363809819757,0.036272875398174,0.3591054596621254,0.3212517674083875,0.14933675758580414
2026-02-03 19:00:00,0.3548094299734615,0.3524063406067507,0.4924408753819158,0.531944714778956,0.1105349745340031,0.1215617122448027,0.7063372800933586,0.7522682306868591,0.3536078852901061
2026-02-03 20:00:00,0.4815587930498045,0.4841441636789576,0.4420888251863383,0.4511214147535844,0.2372843376103461,0.2532995353170097,0.8330866431697016,0.8840060537590659,0.482851478364381
2026-02-03 21:00:00,0.362149680144877,0.3721181624552379,0.350590758464556,0.3800938571514689,0.1178752247054185,0.1412735340932899,0.713677530264774,0.7719800525353462,0.3671339213000574
2026-02-03 22:00:00,0.3179651571943522,0.3323153178716047,0.3355506128583385,0.3622322130734585,0.0736907017548938,0.1014706895096568,0.6694930073142493,0.732177207951713,0.32514023753297844
2026-02-03 23:00:00,0.3600955189717409,0.3744024235431021,0.1794181153559083,0.2003398298062008,0.1158210635322825,0.1435577951811542,0.711623369091638,0.7742643136232106,0.3672489712574215
2026-02-04 00:00:00,0.3194366280356046,0.3241973089597695,0.1857161320164996,0.2010311395525267,0.0751621725961462,0.0933526805978216,0.6709644781555018,0.7240591990398779,0.32181696849768704
2026-02-04 01:00:00,0.4544191766006166,0.4797276874325504,0.2483562836353433,0.2879461844219216,0.2101447211611581,0.2488830590706025,0.8059470267205137,0.8795895775126588,0.46707343201658347
2026-02-04 02:00:00,0.3337417709939531,0.3535588125241576,0.3090344680810965,0.3468503993479387,0.0894673155544946,0.1227141841622097,0.6852696211138501,0.753420702604266,0.34365029175905537
2026-02-04 03:00:00,0.2991351649236572,0.3301519754864412,0.3438686865165752,0.3779026173878594,0.0548607094841988,0.0993073471244933,0.6506630150435543,0.7300138655665496,0.3146435702050492
2026-02-04 04:00:00,0.2679565706980845,0.2839304567174207,0.4222785832392509,0.5091039502278804,0.023682115258626,0.0530858283554727,0.6194844208179815,0.6837923467975291,0.2759435137077526
2026-02-04 05:00:00,0.4463497318764161,0.507320370667672,0.3086538346506868,0.3438137174963761,0.2020752764369576,0.1184577697418892,0.7978775819963131,0.8290468758965499,0.47683505127204406
2026-02-04 06:00:00,0.3839745199292793,0.4112781511373265,0.2375398601711029,0.2827423153240313,0.1397000644898209,0.1804335227753786,0.7355023700491764,0.8111400412174349,0.3976263355333029
2026-02-04 07:00:00,0.3956418720967773,0.4286572163321266,0.2309438726304076,0.2978974191962878,0.1513674166573189,0.1978125879701787,0.7471697222166744,0.828519106412235,0.41214954421445193
2026-02-04 08:00:00,0.3402207999283596,0.4149988980384091,0.3354550233067555,0.4247070768208274,0.0959463444889012,0.1841542696764612,0.6917486500482567,0.8148607881185175,0.37760984898338434
2026-02-04 09:00:00,0.3364164123432909,0.4392868780004236,0.2058961565093517,0.2724128217555024,0.0921419569038325,0.2084422496384757,0.687944262463188,0.8391487680805321,0.3878516451718572
2026-02-04 10:00:00,0.3112463233609193,0.4192613256320329,0.1245666463124844,0.1700939545986295,0.0669718679214608,0.188416697270085,0.6627741734808164,0.8191232157121413,0.3652538244964761
2026-02-04 11:00:00,0.1647307368857457,0.2177679933152279,0.1589256704878268,0.1984522547096376,0.0633604683754259,0.0,0.3582295470555756,0.6176298833953363,0.1912493651004868
2026-02-04 12:00:00,0.1472144315912818,0.1892853444033551,0.1244658278600234,0.1311730522081018,0.045844163080962,0.0924913541222164,0.3407132417611117,0.3774702461324299,0.16824988799731844
2026-02-04 13:00:00,0.1722708068924174,0.1921843505221597,0.094463156285739,0.0989678071615677,0.0709005383820975,0.0953903602410211,0.3657696170622472,0.3803692522512346,0.18222757870728856
2026-02-04 14:00:00,0.1841829985018939,0.1822403682120367,0.1231449164365392,0.1274160061274949,0.082812729991574,0.0854463779308981,0.3776818086717237,0.3704252699411116,0.1832116833569653
2026-02-04 15:00:00,0.1416004017739298,0.1382823345548853,0.1267181516589402,0.120801712197144,0.0402301332636099,0.0414883442737467,0.3350992119437596,0.3264672362839602,0.13994136816440755
2026-02-04 16:00:00,0.1152890100012189,0.1065126521351541,0.0951587482547993,0.0855334699587955,0.0139187414908991,0.0097186618540154,0.3087878201710488,0.2946975538642289,0.11090083106818649
2026-02-04 17:00:00,0.0712306957447781,0.0503017868561353,0.064384007979057,0.0545902798828803,0.0,0.0,0.2647295059146079,0.2384866885852102,0.0607662413004567
2026-02-04 18:00:00,0.0437731356180176,0.0350584118704421,0.0630318552442534,0.0398293041286,0.0,0.0,0.2372719457878474,0.223243313599517,0.039415773744229846
2026-02-04 19:00:00,0.0888706636019015,0.0779259311121652,0.1571188842333752,0.1705531725104316,0.0,0.0,0.2823694737717313,0.26611083284124,0.08339829735703336
2026-02-04 20:00:00,0.282413669215741,0.2766481027063265,0.3936843838562954,0.3601161535841618,0.0381392137762826,0.0458034743443785,0.6339415193356381,0.6765099927864349,0.27953088596103376
2026-02-04 21:00:00,0.4551378634931727,0.4124453810786005,0.4830733258335648,0.501672894584161,0.2108634080537142,0.1816007527166526,0.8066657136130697,0.8123072711587089,0.43379162228588664
2026-02-04 22:00:00,0.4874150100319769,0.4664430930240753,0.5746152065437716,0.6083477155441558,0.2431405545925185,0.2355984646621273,0.838942860151874,0.8663049831041836,0.4769290515280261
2026-02-04 23:00:00,0.6159457044297805,0.6088038518727913,0.5798747648038076,0.5522269148436861,0.2622395522684088,0.2199412509470085,0.9053940070420354,0.9305303571016692,0.6123747781512858
2026-02-05 00:00:00,0.7110875580333429,0.714818068746971,0.5875598347993207,0.5977490642353316,0.3573814058719712,0.3259554678211881,1.0,1.0,0.7129528133901569
2026-02-05 01:00:00,0.7823460440037039,0.7709200813304736,0.6116228981590959,0.6271694937995159,0.4286398918423322,0.3820574804046908,1.0,1.0,0.7766330626670888
2026-02-05 02:00:00,0.9132311473757372,0.8835321260163194,0.786761699306606,0.7389536940298269,0.6730056260414468,0.7187374320375979,1.0,1.0,0.8983816366960282
2026-02-05 03:00:00,0.9486172054264204,0.9101111111111112,0.8605002648599298,0.7937998581344002,0.70839168409213,0.7453164171323896,1.0,1.0,0.9293641582687657
2026-02-05 04:00:00,0.9588395082050636,0.9272222222222222,0.938081221363569,0.8870896561804784,0.7186139868707733,0.7624275282435007,1.0,1.0,0.9430308652136429
2026-02-05 05:00:00,0.9494074074074071,0.9116666666666668,0.9598888888888888,0.9272222222222222,0.7091818860731169,0.7468719726879453,1.0,1.0,0.9305370370370369
2026-02-05 06:00:00,0.9714074074074072,0.9470555555555557,0.9567037037037036,0.924111111111111,0.731181886073117,0.7822608615768342,1.0,1.0,0.9592314814814814
2026-02-05 07:00:00,0.9729629629629628,0.9482222222222222,0.9624444444444442,0.9338333333333332,0.7327374416286725,0.7834275282435007,1.0,1.0,0.9605925925925924
2026-02-05 08:00:00,0.9737407407407406,0.9488055555555556,0.9693333333333332,0.9455,0.7335152194064503,0.7840108615768341,1.0,1.0,0.961273148148148
2026-02-05 09:00:00,0.9703703703703704,0.9462777777777778,0.9597777777777776,0.928,0.73014484903608,0.7814830837990563,1.0,1.0,0.9583240740740742
2026-02-05 10:00:00,0.9670370370370368,0.9416111111111112,0.9516296296296296,0.9151666666666666,0.7268115157027466,0.7768164171323897,1.0,1.0,0.9543240740740739
2026-02-05 11:00:00,0.9716666666666666,0.94725,0.9745555555555554,0.9501666666666666,0.7314411453323763,0.7824553060212786,1.0,1.0,0.9594583333333333
2026-02-05 12:00:00,0.9742777777777776,0.9495833333333332,0.9774259259259258,0.9559027777777778,0.7340522564434874,0.7847886393546118,1.0,1.0,0.9619305555555554
2026-02-05 13:00:00,0.9578518518518516,0.9260555555555556,0.9716666666666666,0.94725,0.7176263305175614,0.761260861576834,1.0,1.0,0.9419537037037036
2026-02-05 14:00:00,0.9535555555555556,0.9143888888888888,0.9590370370370368,0.9268333333333332,0.7133300342212652,0.7495941949101674,1.0,1.0,0.9339722222222222
2026-02-05 15:00:00,0.8723072363074029,0.7856666666666667,0.876697163347856,0.7946111111111112,0.6320817149731126,0.3968040657408839,1.0,1.0,0.8289869514870348
2026-02-05 16:00:00,0.8176715989386449,0.7321063118963392,0.8462439108570637,0.7667654612368603,0.5774460776043546,0.3432437109705564,0.9479820139709758,1.0,0.774888955417492
2026-02-05 17:00:00,0.6947702086898527,0.5838625158989442,0.8360353520848189,0.7825786471163791,0.341064056528481,0.1949999149731614,0.9842185113021076,0.905589021127822,0.6393163622943985
2026-02-05 18:00:00,0.6199168352341152,0.4945223643709387,0.7123206406466036,0.5847270957968664,0.2662106830727435,0.2636777360089908,0.9093651378463702,0.8943842544510471,0.557219599802527
2026-02-05 19:00:00,0.5701911036402052,0.4933933018497832,0.6133288531314876,0.5061381376159091,0.2164849514788335,0.2625486734878353,0.8596394062524602,0.8932551919298917,0.5317922027449942
2026-02-05 20:00:00,0.6040640610193821,0.5337428565276747,0.582817844584109,0.5217107955733258,0.2503579088580104,0.1448802556018919,0.8935123636316371,0.8554693617565527,0.5689034587735284
2026-02-05 21:00:00,0.5796939905458804,0.535654010901196,0.5242522542346788,0.5108788193963149,0.2259878383845087,0.1467914099754132,0.8691422931581354,0.857380516130074,0.5576740007235382
2026-02-05 22:00:00,0.4364425707976493,0.4368171933950517,0.4673387966883817,0.4973278668156089,0.1921681153581909,0.2059725650331038,0.7879704209175464,0.8366790834751601,0.4366298820963505
2026-02-05 23:00:00,0.4295843284941266,0.4473270438858772,0.3888439315480679,0.4046312120040292,0.1853098730546682,0.2164824155239292,0.7811121786140237,0.8471889339659855,0.43845568619000186
2026-02-06 00:00:00,0.3507439407116625,0.3671006034899409,0.3196239559240571,0.3430776543666749,0.106469485272204,0.136255975127993,0.7022717908315596,0.7669624935700493,0.3589222721008017
2026-02-06 01:00:00,0.3171374381043237,0.3052640670580859,0.2907647554751617,0.2988544700200126,0.0728629826648653,0.0744194386961379,0.6686652882242208,0.7051259571381943,0.31120075258120483
2026-02-06 02:00:00,0.2587025660292499,0.2343548804506814,0.2850476564431906,0.262281787309099,0.0144281105897914,0.0035102520887335,0.610230416149147,0.6342167705307897,0.24652872323996566
2026-02-06 03:00:00,0.2487629281074909,0.1899854953228846,0.2514280722295227,0.2188763809472833,0.0044884726680325,0.093191505041746,0.600290778227388,0.3781703970519594,0.21937421171518776
2026-02-06 04:00:00,0.1234528406005875,0.1170895339419773,0.1260911688468926,0.097227772019739,0.0220825720902677,0.0202955436608387,0.3169516507704174,0.3052744356710521,0.1202711872712824
2026-02-06 05:00:00,0.0960482164632308,0.0769835716039381,0.067975157225049,0.0658911528583941,0.0,0.0,0.2895470266330606,0.2651684733330129,0.08651589403358445
2026-02-06 06:00:00,0.0386354456950184,0.0427131896061909,0.4341920168171218,0.5786502177104682,0.0,0.0,0.2321342558648483,0.2308980913352658,0.040674317650604655
2026-02-06 07:00:00,0.240378850540485,0.2782087565031241,0.200043325286694,0.24270312805417,0.0,0.0473641281411761,0.5919067006603821,0.6780706465832325,0.25929380352180453
2026-02-06 08:00:00,0.302646062093587,0.4274775128946089,0.1485374865123797,0.1846532958587057,0.0583716066541286,0.1966328845326609,0.6541739122134841,0.8273394029747172,0.36506178749409796
2026-02-06 09:00:00,0.1649497549474673,0.2039891560779541,0.3658001366290864,0.5420283860514428,0.0635794864371475,0.0,0.3584485651172971,0.6038510461580625,0.1844694555127107
2026-02-06 10:00:00,0.0378130698797085,0.0418935493760363,0.6765600790809521,0.8668182857777612,0.0,0.0,0.2313118800495383,0.2300784511051111,0.039853309627872396
2026-02-06 11:00:00,0.1929066710201166,0.2240997399714431,0.8166812431104533,0.8860649787187,0.0915364025097968,0.0,0.3864054811899464,0.6239616300515515,0.20850320549577986
2026-02-06 12:00:00,0.7518759164513568,0.7461805064268519,0.9748689380288442,0.9548611429827594,0.3981697642899851,0.357317905501069,1.0,1.0,0.7490282114391043
2026-02-06 13:00:00,0.9074923286816534,0.884007991114135,0.977074074074074,0.9552222222222222,0.6672668073473631,0.7192132971354135,1.0,1.0,0.8957501598978942
2026-02-06 14:00:00,0.9684636812010242,0.944296541430688,0.9825925925925924,0.9652037037037036,0.7282381598667339,0.7795018474519665,1.0,1.0,0.9563801113158561
2026-02-06 15:00:00,0.9798888888888888,0.9606666666666668,0.9828888888888888,0.9654305555555556,0.7396633675545985,0.7958719726879452,1.0,1.0,0.9702777777777778
2026-02-06 16:00:00,0.9796023344120636,0.9674967329082332,0.975092149972536,0.9521111111111112,0.7393768130777733,0.8027020389295119,1.0,1.0,0.9735495336601484
2026-02-06 17:00:00,0.9836226142699316,0.9687118169580646,0.9864444444444442,0.9680555555555556,0.7433970929356412,0.8039171229793431,1.0,1.0,0.9761672156139981
2026-02-06 18:00:00,0.988,0.97,0.9841002660074816,0.9678489539801972,0.7477744786657096,0.8052053060212786,1.0,1.0,0.979
2026-02-06 19:00:00,0.9862449533551614,0.9698055555555556,0.9839136736747476,0.9671407083928109,0.7460194320208711,0.8050108615768341,1.0,1.0,0.9780252544553585
2026-02-06 20:00:00,0.9825349752126856,0.9669180180539612,0.9783787890638008,0.9656269818698018,0.7423094538783953,0.8021233240752397,1.0,1.0,0.9747264966333233
2026-02-06 21:00:00,0.980070882079476,0.9672156941038172,0.9741443307674392,0.961780540028878,0.7398453607451856,0.8024210001250958,1.0,1.0,0.9736432880916466
2026-02-06 22:00:00,0.8972457269107093,0.9164093721428443,0.9445432930905266,0.9238220673615928,0.6570202055764189,0.7516146781641229,1.0,1.0,0.9068275495267768
2026-02-06 23:00:00,0.6420602565639281,0.6159101395923579,0.930749621415594,0.9254670021894298,0.2883541044025564,0.227047538666575,0.931508559176183,0.937636644821236,0.6289851980781429
2026-02-07 00:00:00,0.4893104940145171,0.4104940203396842,0.8471429574455553,0.8707121344916484,0.2450360385750586,0.1796493919777362,0.8408383441344142,0.8103559104197926,0.44990225717710064
2026-02-07 01:00:00,0.3063516417083812,0.2848812848639572,0.8245170638692291,0.8629835260720575,0.0620771862689227,0.0540366565020092,0.6578794918282782,0.6847431749440656,0.2956164632861692
2026-02-07 02:00:00,0.3292450550784852,0.3153846501660298,0.6653715543401343,0.7614673551506571,0.0849705996390268,0.0845400218040818,0.6807729051983823,0.7152465402461381,0.3223148526222575
2026-02-07 03:00:00,0.3277416134714072,0.2904774338811619,0.5614457467438445,0.6188015807682856,0.0834671580319487,0.0596328055192139,0.6792694635913042,0.6903393239612703,0.3091095236762845
2026-02-07 04:00:00,0.2969116349287259,0.2760121677209698,0.4734626030021168,0.5115315840986683,0.0526371794892675,0.0451675393590219,0.648439485048623,0.6758740578010782,0.28646190132484783
2026-02-07 05:00:00,0.1073900902139243,0.0936274877656982,0.2196277085500214,0.2119962841715723,0.0060198217036045,0.0,0.3008889003837541,0.2818123894947731,0.10050878898981125
2026-02-07 06:00:00,0.0454305983298159,0.0400120392308865,0.1117446820247866,0.1165073370261482,0.0,0.0,0.2389294084996458,0.2281969409599614,0.042721318780351195
2026-02-07 07:00:00,0.0201327729318204,0.0152267681848292,0.0432810862292486,0.0393997090946784,0.0,0.0,0.2136315831016503,0.203411669913904,0.0176797705583248
2026-02-07 08:00:00,0.0157900086343065,0.012910780750232,0.0205795455827953,0.0154700174211147,0.0,0.0,0.2092888188041364,0.2010956824793069,0.014350394692269251
2026-02-07 09:00:00,0.0189574607918537,0.0205680909828998,0.027734636568294,0.0240754624517467,0.0,0.0,0.2124562709616835,0.2087529927119746,0.01976277588737675
2026-02-07 10:00:00,0.0782462266986513,0.0764627755767232,0.0254656202552852,0.0265601890894041,0.0,0.0,0.2717450368684811,0.2646476773057981,0.07735450113768724
2026-02-07 11:00:00,0.2801066453292362,0.2565603389924561,0.0590629552046997,0.0622060169877577,0.0358321898897778,0.0257157106305082,0.6316344954491333,0.6564222290725645,0.2683334921608461
2026-02-07 12:00:00,0.3661410878921762,0.3520869064892059,0.1480480511781745,0.1386178317587104,0.1218666324527178,0.121242278127258,0.7176689380120733,0.7519487965693143,0.35911399719069104
2026-02-07 13:00:00,0.2362323318787284,0.2949738537410717,0.1906199922563695,0.1939166610689208,0.0,0.0641292253791238,0.5877601819986256,0.6948357438211801,0.2656030928099001
2026-02-07 14:00:00,0.1904952403603557,0.197967321421805,0.1651613178547651,0.1716602043984267,0.0891249718500358,0.1011733311406663,0.3839940505301855,0.3861522231508798,0.19423128089108035
2026-02-07 15:00:00,0.0798472600541513,0.0768394981364532,0.1302284127258996,0.1188154473722527,0.0,0.0,0.2733460702239811,0.265024399865528,0.07834337909530226
2026-02-07 16:00:00,0.0413934405502198,0.039501289936867,0.1106589128935232,0.0881861293897412,0.0,0.0,0.2348922507200497,0.2276861916659418,0.0404473652435434
2026-02-07 17:00:00,0.1243937839260816,0.0923443139495189,0.0462106563763518,0.0332969444972162,0.0230235154157618,0.0,0.3178925940959115,0.2805292156785938,0.10836904893780025
2026-02-07 18:00:00,0.1936184821095367,0.1906486564182118,0.1503892478197554,0.1268852611002364,0.0922482135992169,0.0938546661370731,0.3871172922793666,0.3788335581472866,0.19213356926387426
2026-02-07 19:00:00,0.4990469336859497,0.5422348416372946,0.3337715716531953,0.4121625199192256,0.2547724782464913,0.1533722407115118,0.8505747838058468,0.8639613468661727,0.5206408876616222
2026-02-07 20:00:00,0.6102758650251741,0.6844256643859702,0.4506876588464155,0.4829412453099752,0.2565697128638023,0.2955630634601874,0.899724167637429,1.0,0.6473507647055721
2026-02-07 21:00:00,0.7873491254849497,0.8465367235046952,0.4808947352956795,0.5401384101354066,0.433642973323578,0.6817420295259737,1.0,1.0,0.8169429244948225
2026-02-07 22:00:00,0.8387082490892055,0.873714165742419,0.6122726410037562,0.6851808263575085,0.5984827277549152,0.7089194717636975,0.9690186641215364,1.0,0.8562112074158122
2026-02-07 23:00:00,0.8771942753758613,0.8713067524500457,0.6893173491771214,0.7641524891711013,0.6369687540415709,0.7065120584713243,1.0,1.0,0.8742505139129535
2026-02-08 00:00:00,0.9034612964865684,0.9105502383936186,0.7968008320810595,0.8455415011746293,0.6632357751522782,0.7457555444148971,1.0,1.0,0.9070057674400935
2026-02-08 01:00:00,0.89881683736727,0.9002294239153907,0.699433653930031,0.7412511433244524,0.6585913160329797,0.7354347299366693,1.0,1.0,0.8995231306413304
2026-02-08 02:00:00,0.8395135186508172,0.8713898376956956,0.7325197820679283,0.8101028225311866,0.5992879973165269,0.7065951437169741,0.969823933683148,1.0,0.8554516781732564
2026-02-08 03:00:00,0.742608978087873,0.8031874180071772,0.7638712311219746,0.8136910217483388,0.3889028259265012,0.6383927240284557,1.0,0.9655361229385644,0.7728981980475251
2026-02-08 04:00:00,0.6422692164473829,0.6571680442198085,0.6730654996037975,0.7038098799826438,0.2885630642860112,0.2683054432940256,0.9317175190596378,0.9788945494486864,0.6497186303335957
2026-02-08 05:00:00,0.5498961993979814,0.5858159205979643,0.4925849368709545,0.4938398383925144,0.1961900472366097,0.1969533196721815,0.8393445020102364,0.9075424258268424,0.5678560599979728
2026-02-08 06:00:00,0.4804054318644185,0.5249875375819376,0.4090066477099912,0.4147659234809863,0.2361309764249601,0.1361249366561548,0.8319332819843156,0.8467140428108155,0.5026964847231781
2026-02-08 07:00:00,0.3604321384976979,0.3750224297918537,0.3158908567042718,0.3232993205379406,0.1161576830582395,0.1441778014299057,0.711959988617595,0.774884319871962,0.3677272841447758
2026-02-08 08:00:00,0.1577692339635543,0.1642425512311429,0.2793342841251823,0.2618201869506606,0.0563989654532345,0.0674485609500043,0.3512680441333842,0.3524274529602177,0.1610058925973486
2026-02-08 09:00:00,0.0695423371236308,0.0627351762543195,0.1641309761137896,0.1574428463636979,0.0,0.0,0.2630411472934607,0.2509200779833943,0.06613875668897515
2026-02-08 10:00:00,0.0420715818453065,0.0377295196330953,0.0870968231994917,0.0775464637675424,0.0,0.0,0.2355703920151363,0.2259144213621701,0.0399005507392009
2026-02-08 11:00:00,0.027079335584205,0.029173311640284,0.0333796725895073,0.024991811759349,0.0,0.0,0.2205781457540349,0.2173582133693589,0.0281263236122445
2026-02-08 12:00:00,0.0208656848424702,0.0161225527301776,0.0263167763723066,0.0176618242089011,0.0,0.0,0.2143644950123001,0.2043074544592524,0.0184941187863239
2026-02-08 13:00:00,0.0250050703210612,0.0161462471879615,0.0362198692155403,0.0252390119544695,0.0,0.0,0.2185038804908911,0.2043311489170363,0.02057565875451135
2026-02-08 14:00:00,0.1114598909155263,0.0958626036413654,0.1903713501210429,0.1428235115592479,0.0100896224052065,0.0,0.3049587010853561,0.2840475053704402,0.10366124727844585
2026-02-08 15:00:00,0.4599008109513216,0.379292040342852,0.5262229151764586,0.5129218779891664,0.2156263555118632,0.1484474119809041,0.8114286610712187,0.7791539304229604,0.4195964256470868
2026-02-08 16:00:00,0.865360046706684,0.7882058171171394,0.8846602787401695,0.8705784009236669,0.6251345253723937,0.3993432161913566,0.9956704617390147,1.0,0.8267829319119118
2026-02-08 17:00:00,0.956074074074074,0.9221666666666666,0.9556666666666664,0.9186666666666669,0.7158485527397835,0.7573719726879451,1.0,1.0,0.9391203703703703
2026-02-08 18:00:00,0.9523703703703704,0.9163333333333334,0.9516296296296296,0.9151666666666666,0.71214484903608,0.751538639354612,1.0,1.0,0.9343518518518519
2026-02-08 19:00:00,0.9670370370370368,0.9416111111111112,0.9701111111111108,0.9460833333333334,0.7268115157027466,0.7768164171323897,1.0,1.0,0.9543240740740739
2026-02-08 20:00:00,0.971925925925926,0.9474444444444444,0.971925925925926,0.9474444444444444,0.7317004045916355,0.7826497504657229,1.0,1.0,0.9596851851851852
2026-02-08 21:00:00,0.9737407407407406,0.9488055555555556,0.9714074074074072,0.9470555555555557,0.7335152194064503,0.7840108615768341,1.0,1.0,0.961273148148148
2026-02-08 22:00:00,0.975296296296296,0.9517222222222222,0.9740925925925924,0.9491944444444445,0.7350707749620058,0.7869275282435008,1.0,1.0,0.9635092592592591
2026-02-08 23:00:00,0.9749259259259258,0.9509444444444444,0.9753888888888887,0.9519166666666666,0.7347004045916354,0.7861497504657229,1.0,1.0,0.9629351851851851
2026-02-09 00:00:00,0.9727037037037036,0.9480277777777776,0.9745555555555554,0.9501666666666666,0.7324781823694133,0.7832330837990562,1.0,1.0,0.9603657407407407
2026-02-09 01:00:00,0.9742777777777776,0.9495833333333332,0.974185185185185,0.9493888888888888,0.7340522564434874,0.7847886393546118,1.0,1.0,0.9619305555555554
2026-02-09 02:00:00,0.9732222222222222,0.9484166666666666,0.9743703703703704,0.9497777777777776,0.7329967008879319,0.7836219726879451,1.0,1.0,0.9608194444444444
2026-02-09 03:00:00,0.9747407407407408,0.9505555555555556,0.9716666666666666,0.94725,0.7345152194064504,0.785760861576834,1.0,1.0,0.9626481481481481
2026-02-09 04:00:00,0.9706296296296296,0.9464722222222224,0.9740925925925924,0.9491944444444445,0.7304041082953392,0.7816775282435008,1.0,1.0,0.958550925925926
2026-02-09 05:00:00,0.9590370370370368,0.9268333333333332,0.9544074074074074,0.9202222222222224,0.7188115157027466,0.7620386393546118,1.0,1.0,0.942935185185185
2026-02-09 06:00:00,0.9472222222222222,0.9011666666666668,0.9545925925925924,0.9198333333333334,0.7069967008879319,0.7363719726879452,1.0,1.0,0.9241944444444445
2026-02-09 07:00:00,0.9449610857961676,0.8980555555555556,0.9577777777777776,0.9229444444444443,0.7047355644618772,0.7332608615768341,1.0,1.0,0.9215083206758616
2026-02-09 08:00:00,0.9363252920356436,0.8847817218836453,0.9471334548821284,0.9054550114876296,0.6960997707013532,0.7199870279049239,1.0,1.0,0.9105535069596444
2026-02-09 09:00:00,0.9094737089258906,0.8473293602444456,0.9490107933287628,0.9101111111111112,0.6692481875916003,0.6825346662657241,1.0,1.0,0.8784015345851681
2026-02-09 10:00:00,0.9300316704972234,0.8823896419894739,0.8432037286859548,0.8215635600639621,0.689806149162933,0.7175949480107524,1.0,1.0,0.9062106562433486
2026-02-09 11:00:00,0.942609593125026,0.901035546178752,0.923834040025846,0.8704582699769025,0.7023840717907357,0.7362408522000305,1.0,1.0,0.921822569651889
2026-02-09 12:00:00,0.952148148148148,0.911537037037037,0.9344023406664408,0.8839714563107929,0.7119226268138577,0.7467423430583155,1.0,1.0,0.9318425925925925
2026-02-09 13:00:00,0.9392315944308056,0.8840555555555556,0.8885335868429141,0.8384098307380667,0.6990060730965152,0.7192608615768341,1.0,1.0,0.9116435749931806
2026-02-09 14:00:00,0.9493333333333333,0.9058333333333332,0.9412328745933756,0.8884375899408348,0.7091078119990428,0.7410386393546118,1.0,1.0,0.9275833333333332
2026-02-09 15:00:00,0.9069589891902258,0.8369608613927547,0.9486296296296296,0.9042777777777776,0.6667334678559355,0.6721661674140332,1.0,0.9993095663241418,0.8719599252914902
2026-02-09 16:00:00,0.9228888888888888,0.8560555555555557,0.9429999999999998,0.8918333333333334,0.6826633675545986,0.6912608615768342,1.0,1.0,0.8894722222222222
2026-02-09 17:00:00,0.8043696985493929,0.6836301261023939,0.9493333333333333,0.9058333333333332,0.5641441772151026,0.2947675251766111,0.9346801135817238,1.0,0.7439999123258934
2026-02-09 18:00:00,0.7245537906768049,0.5129614302210557,0.8953333333333332,0.8111546178237378,0.3708476385154332,0.1240988292952728,1.0,0.8346879354499337,0.6187576104489303
2026-02-09 19:00:00,0.4658495226112918,0.3419766330934403,0.8133012833312009,0.7445235603322414,0.2215750671718334,0.1111320047314924,0.8173773727311888,0.7418385231735487,0.4039130778523661
2026-02-09 20:00:00,0.3822241700837103,0.1990268104222164,0.5087544071799803,0.4372879592769697,0.1379497146442519,0.1022328201410778,0.7337520202036074,0.3872117121512912,0.29062549025296336
2026-02-09 21:00:00,0.1744335659516716,0.0741005073619297,0.2519752178805097,0.1570812596348841,0.0730632974413518,0.0,0.3679323761215015,0.2622854090910045,0.12426703665680064
2026-02-09 22:00:00,0.1064963432099086,0.0767568706691354,0.092049973695905,0.0420459234472774,0.0051260746995887,0.0,0.2999951533797384,0.2649417723982102,0.091626606939522
2026-02-09 23:00:00,0.1296642005757,0.0740320787229827,0.1727558273862524,0.0764948591210447,0.0282939320653801,0.0,0.3231630107455298,0.2622169804520576,0.10184813964934135
2026-02-10 00:00:00,0.1030144737206922,0.0944839946067431,0.1773735953058157,0.0967210842481707,0.0016442052103724,0.0,0.2965132838905221,0.2826688963358179,0.09874923416371764
2026-02-10 01:00:00,0.0879463966977479,0.054007691029896,0.2005917002290442,0.1426963729510842,0.0,0.0,0.2814452068675778,0.2421925927589709,0.07097704386382195
2026-02-10 02:00:00,0.0228343962481657,0.0365065634831025,0.1367420396639734,0.1485584498730957,0.0,0.0,0.2163332064179955,0.2246914652121773,0.0296704798656341
2026-02-10 03:00:00,0.0240646191236977,0.0319690748501219,0.1826289331800222,0.1540981292202687,0.0,0.0,0.2175634292935276,0.2201539765791967,0.0280168469869098
2026-02-10 04:00:00,0.0459211843102193,0.0458736501324572,0.1608221646942693,0.1475504860743846,0.0,0.0,0.2394199944800491,0.234058551861532,0.04589741722133825
2026-02-10 05:00:00,0.0376684056214438,0.0317165051235783,0.1639225148185049,0.1481951010035021,0.0,0.0,0.2311672157912736,0.2199014068526532,0.03469245537251105
2026-02-10 06:00:00,0.1058102240391544,0.0858324733736611,0.3969885499795049,0.3096589602327705,0.0044399555288346,0.0,0.2993090342089843,0.2740173751027359,0.09582134870640774
2026-02-10 07:00:00,0.1937961929962307,0.1778316716034325,0.128415712772457,0.1124198836963943,0.0924259244859108,0.0810376813222938,0.3872950031660605,0.3660165733325073,0.1858139322998316
2026-02-10 08:00:00,0.291040056977271,0.2906637783078424,0.2420494190773343,0.2671064666796193,0.0467656015378125,0.0598191499458944,0.642567907097168,0.6905256683879508,0.2908519176425567
2026-02-10 09:00:00,0.2318901751615923,0.1912828333249445,0.10382073110403,0.0714420549240983,0.0,0.0944888430438059,0.5834180252814894,0.3794677350540194,0.21158650424326841
2026-02-10 10:00:00,0.2816057713835152,0.2607279133976329,0.1822410096233884,0.1854507584087445,0.0373313159440568,0.0298832850356849,0.6331336215034122,0.6605898034777413,0.2711668423905741
2026-02-10 11:00:00,0.1072603505093189,0.1062558382860847,0.0840179017452436,0.0693878251072395,0.0058900819989991,0.0094618480049461,0.3007591606791488,0.2944407400151596,0.1067580943977018
2026-02-10 12:00:00,0.1272262867406569,0.1355606193448502,0.1971037240901788,0.2116815104515213,0.0258560182303371,0.0387666290637116,0.3207250969104868,0.323745521073925,0.13139345304275354
2026-02-10 13:00:00,0.242033284738057,0.2503144754033787,0.5100935197959345,0.5263741721603135,0.0,0.0194698470414308,0.5935611348579541,0.6501763654834871,0.24617388007071783
2026-02-10 14:00:00,0.358218270783733,0.3540724702193376,0.2664804468389375,0.2486881292982761,0.1139438153442745,0.1232278418573897,0.70974612090363,0.7539343602994459,0.3561453705015353
2026-02-10 15:00:00,0.2628937003991044,0.3130246717416106,0.2841004342578065,0.2895962161171416,0.018619244959646,0.0821800433796627,0.6144215505190015,0.7128865618217191,0.28795918607035753
2026-02-10 16:00:00,0.3009564848355046,0.3352099424772268,0.3613247480201517,0.3607381545568981,0.0566820293960462,0.1043653141152788,0.6524843349554017,0.7350718325573351,0.3180832136563657
2026-02-10 17:00:00,0.3025899051660663,0.2533443454267266,0.1987935068576254,0.1734282547541841,0.0583154497266079,0.0224997170647787,0.6541177552859634,0.653206235506835,0.27796712529639644
2026-02-10 18:00:00,0.1808903412038638,0.1161199299846979,0.2822325838780791,0.1605833446675201,0.079520072693544,0.0193259397035593,0.3743891513736936,0.3043048317137727,0.14850513559428086
2026-02-10 19:00:00,0.2079127396151452,0.1515510726675471,0.3257499473247764,0.1313821897989103,0.0,0.0547570823864085,0.5594405897350423,0.3397359743966219,0.17973190614134615
2026-02-10 20:00:00,0.5421527948583302,0.5214592379050558,0.5342036674009943,0.5565742727314986,0.1884466426969585,0.1325966369792729,0.8316010974705852,0.8431857431339338,0.531806016381693
2026-02-10 21:00:00,0.6826099175751176,0.769173301569591,0.5076428763722161,0.5872661532572498,0.3289037654137459,0.3803107006438082,0.9720582201873724,1.0,0.7258916095723542
2026-02-10 22:00:00,0.9250545691377844,0.914147208966252,0.5186525137962563,0.6601606880661555,0.684829047803494,0.7493525149875305,1.0,1.0,0.9196008890520182
2026-02-10 23:00:00,0.9444386280890114,0.9323028977677208,0.9256434093702116,0.937899018620997,0.704213106754721,0.7675082037889993,1.0,1.0,0.9383707629283661
2026-02-11 00:00:00,0.971679778458724,0.9488055555555556,0.9263094043349486,0.9074074428270392,0.7314542571244336,0.7840108615768341,1.0,1.0,0.9602426670071398
2026-02-11 01:00:00,0.9551638242778612,0.9233333333333332,0.8467260412170567,0.8193223654298658,0.7149383029435707,0.7585386393546119,1.0,1.0,0.9392485788055972
2026-02-11 02:00:00,0.7973570407898347,0.7797787636504898,0.7033627040922419,0.7270182173285638,0.443650888628463,0.390916162724707,1.0,1.0,0.7885679022201623
2026-02-11 03:00:00,0.6388727299858972,0.5569355981323133,0.5839776588964327,0.4747873208162407,0.2851665778245255,0.1680729972065305,0.928321032598152,0.8786621033611912,0.5979041640591052
2026-02-11 04:00:00,0.3876240540339408,0.2920607291693797,0.2151402528265598,0.1774428734809747,0.1433495985944824,0.0612161008074318,0.7391519041538379,0.6919226192494881,0.33984239160166024
2026-02-11 05:00:00,0.3174506151458758,0.2100780676510175,0.2374732883108452,0.1747114288693835,0.0731761597064174,0.0,0.6689784652657729,0.609939957731126,0.2637643413984466
2026-02-11 06:00:00,0.061457548277442,0.0611658248152621,0.0587761880963191,0.0470626778866984,0.0,0.0,0.2549563584472719,0.2493507265443369,0.06131168654635205
2026-02-11 07:00:00,0.0677688367591471,0.070569965479098,0.0528029027097034,0.044996023917589,0.0,0.0,0.261267646928977,0.2587548672081728,0.06916940111912255
2026-02-11 08:00:00,0.1326795001325597,0.1323987289434245,0.0348184482988117,0.0227019995851338,0.0313092316222398,0.0356047386622859,0.3261783103023895,0.3205836306724994,0.1325391145379921
2026-02-11 09:00:00,0.0599005457967754,0.0550256919816369,0.0967700813346213,0.0941311367990476,0.0,0.0,0.2533993559666052,0.2432105937107118,0.05746311888920615
2026-02-11 10:00:00,0.0383386753163536,0.0447988537244857,0.0574632020909624,0.0480156049996614,0.0,0.0,0.2318374854861834,0.2329837554535605,0.041568764520419646
2026-02-11 11:00:00,0.1452327590874405,0.1401354958244723,0.1929308902557803,0.2271588782030639,0.0438624905771207,0.0433415055433337,0.3387315692572704,0.3283203975535472,0.14268412745595638
2026-02-11 12:00:00,0.1042432716091234,0.0918882746406991,0.1627605335968658,0.1763559959451318,0.0028730030988035,0.0,0.2977420817789532,0.2800731763697739,0.09806577312491124
2026-02-11 13:00:00,0.0832836709356512,0.077981031450789,0.0841410274242277,0.0950685966182454,0.0,0.0,0.2767824811054811,0.2661659331798638,0.0806323511932201
2026-02-11 14:00:00,0.4138354901386566,0.4784119765521749,0.5257769001204511,0.5938695818040322,0.1695610346991982,0.247567348190227,0.7653633402585538,0.8782738666322834,0.4461237333454158
2026-02-11 15:00:00,0.8053557427184221,0.8593245329551741,0.9161259297199578,0.9241643615705932,0.5651302213841318,0.6945298389764526,0.935666157750753,1.0,0.832340137836798
2026-02-11 16:00:00,0.9724185305366368,0.9487913407386712,0.9683941748304528,0.957147733195278,0.7321930092023465,0.7839966467599497,1.0,1.0,0.960604935637654
2026-02-11 17:00:00,0.9624274113591652,0.94519586691357,0.984074074074074,0.9663379629629628,0.722201890024875,0.7804011729348486,1.0,1.0,0.9538116391363676
2026-02-11 18:00:00,0.9498299933079511,0.9163333333333334,0.9733591992578732,0.9486111111111112,0.7096044719736609,0.751538639354612,1.0,1.0,0.9330816633206422
2026-02-11 19:00:00,0.953146306867847,0.9186666666666669,0.9723461116918222,0.949,0.7129207855335566,0.7538719726879453,1.0,1.0,0.9359064867672569
2026-02-11 20:00:00,0.90604139974959,0.8483656480964705,0.94398766544256,0.9137848012648012,0.6658158784152997,0.683570954117749,1.0,1.0,0.8772035239230302
2026-02-11 21:00:00,0.867204009548757,0.8069239792447416,0.8424253330971685,0.855713498928196,0.6269784882144667,0.6421292852660201,0.997514424581088,0.9692726841761288,0.8370639943967493
2026-02-11 22:00:00,0.8727994181124448,0.855732589444873,0.6486207677990299,0.6999776528248168,0.6325738967781545,0.6909378954661515,1.0,1.0,0.8642660037786589
2026-02-11 23:00:00,0.4239471186847365,0.468966659894875,0.6896105665733494,0.7793257338493312,0.179672663245278,0.2381220315329271,0.7754749688046336,0.8688285499749834,0.44645688928980576
2026-02-12 00:00:00,0.3551084944580139,0.3883993393083955,0.5693896539201224,0.6279610961310367,0.1108340390185555,0.1575547109464476,0.706636344577911,0.7882612293885038,0.3717539168832047
2026-02-12 01:00:00,0.4103598861794296,0.4265663435076191,0.4952071863673105,0.5074027215050216,0.1660854307399712,0.1957217151456711,0.7618877362993267,0.8264282335877274,0.41846311484352433
2026-02-12 02:00:00,0.4298361965456447,0.4572836612300857,0.4929320058914547,0.5319345379423789,0.1855617411061863,0.2264390328681377,0.7813640466655418,0.857145551310194,0.4435599288878652
2026-02-12 03:00:00,0.3483213556736589,0.3410952914588837,0.2973645982868581,0.3045738933686464,0.1040469002342005,0.1102506630969358,0.699849205793556,0.7409571815389921,0.3447083235662713
2026-02-12 04:00:00,0.2577430302886491,0.2752697739127259,0.3300335788408589,0.3375024388312872,0.0134685748491907,0.044425145550778,0.6092708804085463,0.6751316639928343,0.2665064021006875
2026-02-12 05:00:00,0.0947872779373122,0.127907845521265,0.3164968889425368,0.3601854141314833,0.0,0.0311138552401264,0.288286088107142,0.3160927472503398,0.1113475617292886
2026-02-12 06:00:00,0.0445896985060006,0.039761718247447,0.1692358059071226,0.2017570590488898,0.0,0.0,0.2380885086758304,0.2279466199765218,0.0421757083767238
2026-02-12 07:00:00,0.0335382754001542,0.0307586225781162,0.0577055797540242,0.0635007906765843,0.0,0.0,0.2270370855699841,0.218943524307191,0.0321484489891352
2026-02-12 08:00:00,0.0296200858658344,0.026446604890536,0.0231342497281394,0.0248060976861387,0.0,0.0,0.2231188960356643,0.2146315066196109,0.0280333453781852
2026-02-12 09:00:00,0.0205663679316152,0.0206983621946467,0.0246826532301948,0.0239613447670046,0.0,0.0,0.214065178101445,0.2088832639237215,0.02063236506313095
2026-02-12 10:00:00,0.037987098127502,0.0385926176744432,0.0284969670744796,0.0218050534064162,0.0,0.0,0.2314859082973319,0.2267775194035181,0.0382898579009726
2026-02-12 11:00:00,0.0341639774169765,0.0311790038045232,0.0394337834029311,0.0345692073232831,0.0,0.0,0.2276627875868064,0.219363905533598,0.03267149061074985
2026-02-12 12:00:00,0.0631691907044831,0.0794301738376412,0.0235009077432933,0.0197464653871885,0.0,0.0,0.2566680008743129,0.267615075566716,0.07129968227106215
2026-02-12 13:00:00,0.0679369461648882,0.0689018633740835,0.0213945950384209,0.0180340213543249,0.0,0.0,0.2614357563347181,0.2570867651031583,0.06841940476948585
2026-02-12 14:00:00,0.0522712172215671,0.0466116695129077,0.0264268682151294,0.0203317546963335,0.0,0.0,0.2457700273913969,0.2347965712419825,0.049441443367237395
2026-02-12 15:00:00,0.0544202255331226,0.0422653806755007,0.0422205833166885,0.0342031042023635,0.0,0.0,0.2479190357029524,0.2304502824045755,0.048342803104311646
2026-02-12 16:00:00,0.0592312365251097,0.0406309741947914,0.0598938423893913,0.0532030946701937,0.0,0.0,0.2527300466949395,0.2288158759238663,0.049931105359950545
2026-02-12 17:00:00,0.1415819466621718,0.1313234464707663,0.1739658250490676,0.2072243801773763,0.040211678151852,0.0345294561896277,0.3350807568320016,0.3195083481998412,0.13645269656646905
2026-02-12 18:00:00,0.1528666813462403,0.1090918396926239,0.1585634337176054,0.1967545716290968,0.0514964128359204,0.0122978494114853,0.3463654915160701,0.2972767414216988,0.1309792605194321
2026-02-12 19:00:00,0.1308970277931994,0.1087496880498651,0.1476699581543248,0.1599274559850201,0.0295267592828796,0.0119556977687265,0.3243958379630293,0.29693458977894,0.11982335792153224
2026-02-12 20:00:00,0.119469396056297,0.0846394686439973,0.0920662591314572,0.0688205731595759,0.0180991275459771,0.0,0.3129682062261268,0.2728243703730721,0.10205443235014715
2026-02-12 21:00:00,0.1303886167566121,0.1115777894914349,0.0927264111000345,0.0726870434018318,0.0290183482462922,0.0147837992102963,0.3238874269264419,0.2997626912205098,0.1209832031240235
2026-02-12 22:00:00,0.0601570901992471,0.0376670787652012,0.0651663958904731,0.0359380666191165,0.0,0.0,0.253655900369077,0.225851980494276,0.04891208448222415
2026-02-12 23:00:00,0.0373592664763915,0.0313256689864472,0.0586382631486246,0.0449249219195011,0.0,0.0,0.2308580766462214,0.219510570715522,0.03434246773141935
2026-02-13 00:00:00,0.0223928055915141,0.023052935836494,0.0474988296744295,0.0509926055386868,0.0,0.0,0.2158916157613439,0.2112378375655688,0.02272287071400405
2026-02-13 01:00:00,0.0308067068797409,0.0277898416553017,0.0623347046346493,0.0607544852251592,0.0,0.0,0.2243055170495707,0.2159747433843766,0.029298274267521303
2026-02-13 02:00:00,0.0119085606968872,0.0122060202613024,0.0411346397451414,0.0432003463501318,0.0,0.0,0.205407370866717,0.2003909219903772,0.0120572904790948
2026-02-13 03:00:00,0.0211250799158922,0.0166067704751487,0.0381822222407471,0.0360572836638752,0.0,0.0,0.214623890085722,0.2047916722042235,0.018865925195520453
2026-02-13 04:00:00,0.023349376766577,0.018730417241781,0.0544349815356009,0.036516813752485,0.0,0.0,0.2168481869364069,0.2069153189708558,0.021039897004179
2026-02-13 05:00:00,0.0287320213498596,0.0239911072419757,0.0461805807155001,0.0405382450739628,0.0,0.0,0.2222308315196895,0.2121760089710506,0.02636156429591765
2026-02-13 06:00:00,0.031623853988139,0.0309656954824812,0.0442271016083535,0.035993523772148,0.0,0.0,0.2251226641579688,0.219150597211556,0.0312947747353101
2026-02-13 07:00:00,0.0192312333413469,0.0190858089536082,0.0320047512427785,0.0241091393763457,0.0,0.0,0.2127300435111768,0.207270710682683,0.01915852114747755
2026-02-13 08:00:00,0.023626515758305,0.0192553938367542,0.0308000663188026,0.0273050308198014,0.0,0.0,0.2171253259281348,0.207440295565829,0.0214409547975296
2026-02-13 09:00:00,0.0185465493261361,0.016415484684725,0.0462153014648851,0.0451854590340742,0.0,0.0,0.2120453594959659,0.2046003864137999,0.01748101700543055
2026-02-13 10:00:00,0.0198303139915475,0.0191790777338933,0.0264379003761523,0.0248388377948198,0.0,0.0,0.2133291241613774,0.2073639794629681,0.019504695862720398
2026-02-13 11:00:00,0.0297031520709965,0.0229363510571226,0.0274262515003933,0.028859503581847,0.0,0.0,0.2232019622408263,0.2111212527861974,0.02631975156405955
2026-02-13 12:00:00,0.0409514953722428,0.0275916075017431,0.0217225109270469,0.0162473481862829,0.0,0.0,0.2344503055420727,0.2157765092308179,0.034271551436992946
2026-02-13 13:00:00,0.0681160248259848,0.0676582138979652,0.0233132019273768,0.0209685553363983,0.0,0.0,0.2616148349958146,0.25584311562704,0.067887119361975
2026-02-13 14:00:00,0.0761824588727695,0.055073096020984,0.0251021334012154,0.0219570286908093,0.0,0.0,0.2696812690425993,0.2432579977500589,0.06562777744687676
2026-02-13 15:00:00,0.0509963958987125,0.0480381838817655,0.031957343428188,0.0254100734928347,0.0,0.0,0.2444952060685423,0.2362230856108403,0.049517289890239
2026-02-13 16:00:00,0.0492944099884189,0.0538945171129519,0.0398649973777014,0.0355810331413447,0.0,0.0,0.2427932201582487,0.2420794188420267,0.0515944635506854
2026-02-13 17:00:00,0.0797029193830072,0.049370316432134,0.0883986977729982,0.1030888383792758,0.0,0.0,0.273201729552837,0.2375552181612089,0.0645366179075706
2026-02-13 18:00:00,0.0820581102597209,0.0650634079194775,0.125878450238463,0.1552735640938433,0.0,0.0,0.2755569204295508,0.2532483096485524,0.07356075908959919
2026-02-13 19:00:00,0.0954758692142357,0.1207566429856925,0.1113918342066563,0.1638836616415229,0.0,0.0239626527045539,0.2889746793840656,0.3089415447147673,0.1081162560999641
2026-02-13 20:00:00,0.2582105860295036,0.2668782335155315,0.156166615750844,0.2244149181644926,0.0139361305900452,0.0360336051535836,0.6097384361494007,0.6667401235956398,0.2625444097725176
2026-02-13 21:00:00,0.5113286817630855,0.5361625574402931,0.1601391767611483,0.2371077875572002,0.1576225296017138,0.1472999565145102,0.8007769843753405,0.8578890626691711,0.5237456196016893
2026-02-13 22:00:00,0.6221499315275809,0.6349388225939384,0.2958100244679819,0.3215879937746544,0.2684437793662092,0.2460762216681556,0.911598234139836,0.9566653278228164,0.6285443770607597
2026-02-13 23:00:00,0.4745451296107938,0.4900758144424121,0.3785356664493041,0.3795312507233233,0.2302706741713354,0.2592311860804642,0.8260729797306909,0.8899377045225205,0.48231047202660293
2026-02-14 00:00:00,0.5018463268320116,0.4849464591353828,0.480206925193067,0.4834339734731032,0.1481401746706399,0.2541018307734349,0.7912946294442665,0.8848083492154912,0.4933963929836972
2026-02-14 01:00:00,0.5646363021565153,0.5470488468971506,0.5112016249305036,0.4565641656490664,0.2109301499951436,0.1581862459713678,0.8540846047687702,0.8687753521260286,0.5558425745268329
2026-02-14 02:00:00,0.5993152531064282,0.5379221156717964,0.4737247545192917,0.4213415589164867,0.2456091009450565,0.1490595147460136,0.8887635557186832,0.8596486209006744,0.5686186843891123
2026-02-14 03:00:00,0.638813720513235,0.5824167226977955,0.4788161149056678,0.3834924275009443,0.2851075683518633,0.1935541217720127,0.92826202312549,0.9041432279266736,0.6106152216055153
2026-02-14 04:00:00,0.5937748876220867,0.5233895250803804,0.3434235930873709,0.2275310841762704,0.240068735460715,0.1345269241545976,0.8832231902343417,0.8451160303092584,0.5585822063512336
2026-02-14 05:00:00,0.3445689496058856,0.3731374397440843,0.1736901008120385,0.128481922911781,0.1002944941664271,0.1422928113821364,0.6960967997257826,0.7729993298241926,0.35885319467498494
2026-02-14 06:00:00,0.1863209689691366,0.2187818227077247,0.0551967287889969,0.0399721087713443,0.0849507004588168,0.0,0.3798197791389665,0.6186437127878331,0.20255139583843065
2026-02-14 07:00:00,0.0829618470357102,0.0769726456153976,0.0340572145319488,0.0270220778509327,0.0,0.0,0.2764606572055401,0.2651575473444724,0.07996724632555391
2026-02-14 08:00:00,0.0795599664667875,0.0768973648137316,0.0377438013889389,0.0300927695185255,0.0,0.0,0.2730587766366174,0.2650822665428064,0.07822866564025954
2026-02-14 09:00:00,0.0486209650047793,0.0411102860239059,0.0337088013186281,0.0281714370176654,0.0,0.0,0.2421197751746092,0.2292951877529808,0.0448656255143426
2026-02-14 10:00:00,0.0234543608183839,0.0206278069348794,0.0303303137376938,0.0161765253676263,0.0,0.0,0.2169531709882138,0.2088127086639543,0.022041083876631652
2026-02-14 11:00:00,0.0352073074316247,0.0319342896444155,0.0207594482658206,0.0266429716930877,0.0,0.0,0.2287061176014545,0.2201191913734903,0.0335707985380201
2026-02-14 12:00:00,0.0332045549420915,0.0295719452292766,0.0386898081842243,0.0321784863778347,0.0,0.0,0.2267033651119214,0.2177568469583515,0.03138825008568405
2026-02-14 13:00:00,0.018362341689201,0.0196305754831902,0.0757480977404648,0.0712222748464415,0.0,0.0,0.2118611518590308,0.207815477212265,0.0189964585861956
2026-02-14 14:00:00,0.0524796349428472,0.0486862698244995,0.0961024506327692,0.0911545219127479,0.0,0.0,0.245978445112677,0.2368711715535743,0.05058295238367335
2026-02-14 15:00:00,0.0209888671815447,0.0179467409602517,0.0820667390093362,0.0673926553163744,0.0,0.0,0.2144876773513746,0.2061316426893265,0.019467804070898202
2026-02-14 16:00:00,0.0306917851534461,0.0187073854185359,0.1118466740447427,0.082373968856478,0.0,0.0,0.2241905953232759,0.2068922871476107,0.024699585285990998
2026-02-14 17:00:00,0.0369942055062708,0.0249661749333965,0.2076867115423605,0.2131910306048649,0.0,0.0,0.2304930156761006,0.2131510766624713,0.03098019021983365
2026-02-14 18:00:00,0.0357607437062858,0.0222447964082529,0.1930279409134676,0.1926632298898901,0.0,0.0,0.2292595538761156,0.2104296981373277,0.02900277005726935
2026-02-14 19:00:00,0.0376078045335774,0.0298518276129325,0.1994853382672103,0.2287631698635529,0.0,0.0,0.2311066147034072,0.2180367293420073,0.03372981607325495
2026-02-14 20:00:00,0.0654434360514284,0.0464467488314681,0.1669346045100222,0.1905132692708651,0.0,0.0,0.2589422462212582,0.2346316505605429,0.05594509244144825
2026-02-14 21:00:00,0.0485184699855286,0.0533060310468305,0.1007845693703995,0.1082723332987843,0.0,0.0,0.2420172801553584,0.2414909327759054,0.05091225051617955
2026-02-14 22:00:00,0.0567627787354515,0.0499859756320631,0.0565693733427908,0.0808970970157043,0.0,0.0,0.2502615889052814,0.2381708773611379,0.0533743771837573
2026-02-14 23:00:00,0.0321059146271547,0.0251344889904492,0.0412873659843436,0.0392541087948472,0.0,0.0,0.2256047247969845,0.213319390719524,0.02862020180880195
2026-02-15 00:00:00,0.0219490661506943,0.0163175295538993,0.0497775710386572,0.0318188367135025,0.0,0.0,0.2154478763205241,0.2045024312829741,0.0191332978522968
2026-02-15 01:00:00,0.0177285423320392,0.0155226240108925,0.0255964944047699,0.0226351415707501,0.0,0.0,0.2112273525018691,0.2037075257399674,0.01662558317146585
2026-02-15 02:00:00,0.0160840358332936,0.018675677765547,0.0250364446722002,0.0227848646160609,0.0,0.0,0.2095828460031234,0.2068605794946219,0.0173798567994203
2026-02-15 03:00:00,0.0258237315087276,0.0279440184856237,0.0324440864536413,0.0219631505858457,0.0,0.0,0.2193225416785574,0.2161289202146985,0.02688387499717565
2026-02-15 04:00:00,0.0550349323330938,0.0610028630144014,0.046490986928219,0.0456631993054292,0.0,0.0,0.2485337425029237,0.2491877647434762,0.0580188976737476
2026-02-15 05:00:00,0.0528349876091225,0.0513327510295729,0.0638291059121166,0.0726826123779557,0.0,0.0,0.2463337977789524,0.2395176527586477,0.052083869319347706
2026-02-15 06:00:00,0.144100008926277,0.1654200321598078,0.1233783628450493,0.1385361769029528,0.0427297404159572,0.0686260418786692,0.3375988190961069,0.3536049338888826,0.1547600205430424
2026-02-15 07:00:00,0.1820584860675531,0.1990331129712071,0.2069347767633817,0.2340045647725982,0.0806882175572332,0.1022391226900685,0.3755572962373829,0.387218014700282,0.1905457995193801
2026-02-15 08:00:00,0.3425081814861573,0.353999267239087,0.3309983586271369,0.3376608847370281,0.0982337260466989,0.1231546388771391,0.6940360316060544,0.7538611573191953,0.34825372436262214
2026-02-15 09:00:00,0.5192842303346421,0.5548162776205311,0.4257223045221321,0.4267703704958689,0.1655780781732704,0.1659536766947483,0.8087325329468971,0.876542782849409,0.5370502539775865
2026-02-15 10:00:00,0.5356098440344269,0.5883785590885119,0.6531995310948167,0.6524980041280398,0.1819036918730552,0.1995159581627291,0.8250581466466819,0.9101050643173898,0.5619942015614694
2026-02-15 11:00:00,0.7243674875717807,0.7251295185787399,0.7213590905281272,0.7338671376536547,0.370661335410409,0.3362669176529571,1.0,1.0,0.7247485030752603
2026-02-15 12:00:00,0.90764540641887,0.8754242254655454,0.905612338844928,0.8802894600309907,0.6674198850845796,0.710629531486824,1.0,1.0,0.8915348159422077
2026-02-15 13:00:00,0.9192051108972796,0.8865758933794732,0.9228376669889248,0.8952816026398611,0.6789795895629892,0.7217811994007517,1.0,1.0,0.9028905021383764
2026-02-15 14:00:00,0.8878839951716444,0.8056292520105606,0.9179922758157169,0.8812519962631247,0.6476584738373541,0.6408345580318391,1.0,0.9679779569419475,0.8467566235911025
2026-02-15 15:00:00,0.8562664340710493,0.7657261137461008,0.8705575796749162,0.7966368995973439,0.616040912736759,0.376863512820318,0.9865768491033802,1.0,0.810996273908575
2026-02-15 16:00:00,0.8486430374478938,0.7550916160946919,0.8421923395300424,0.747246128231407,0.6084175161136035,0.3662290151689091,0.9789534524802248,1.0,0.8018673267712928
2026-02-15 17:00:00,0.8518559904901012,0.7533543055837981,0.8656315421021955,0.772762046223021,0.6116304691558109,0.3644917046580153,0.982166405522432,1.0,0.8026051480369496
2026-02-15 18:00:00,0.8268010426822057,0.7063034479544736,0.8577295810028045,0.7590560237140563,0.5865755213479154,0.3174408470286908,0.9571114577145364,1.0,0.7665522453183397
2026-02-15 19:00:00,0.8309370155170287,0.7148541676064395,0.8646083563412881,0.7735698286944528,0.5907114941827384,0.3259915666806567,0.9612474305493596,1.0,0.7728955915617342
2026-02-15 20:00:00,0.8428808083226212,0.742910928947647,0.8501751845912018,0.7552534728580891,0.6026552869883309,0.3540483280218642,0.973191223354952,1.0,0.7928958686351342
2026-02-15 21:00:00,0.7941895617029053,0.6540327373449448,0.8269713519700534,0.7421245638435261,0.4404834095415336,0.265170136419162,1.0,0.9757592425738228,0.7241111495239251
2026-02-15 22:00:00,0.570841267513025,0.4372877909869083,0.7793454778986493,0.6765320583924584,0.2171351153516533,0.2064431626249603,0.86028957012528,0.8371496810670167,0.5040645292499666
2026-02-15 23:00:00,0.3344735996394726,0.2982503077813185,0.6031225991556837,0.4890808626767441,0.0901991442000141,0.0674056794193706,0.6860014497593696,0.6981121978614269,0.31636195371039555
2026-02-16 00:00:00,0.2515762842707928,0.2411288931666244,0.5890792547304632,0.4751446902837908,0.0073018288313344,0.0102842648046765,0.60310413439069,0.6409907832467329,0.2463525887187086
2026-02-16 01:00:00,0.3342788164868168,0.3218862971981962,0.57203274971074,0.4884318088879663,0.0900043610473584,0.0910416688362483,0.685806666606714,0.7217481872783046,0.32808255684250653
2026-02-16 02:00:00,0.377234235463271,0.3497614318073534,0.5357595435418037,0.4696024229773409,0.1329597800238126,0.1189168034454055,0.7287620855831681,0.7496233218874617,0.3634978336353122
2026-02-16 03:00:00,0.4359596594686736,0.388492036300988,0.3258378650342572,0.3462689875586562,0.1916852040292151,0.1576474079390401,0.7874875095885707,0.7883539263810964,0.4122258478848308
2026-02-16 04:00:00,0.4647748809111548,0.4400942809362802,0.3669443202022309,0.3324347328049368,0.2205004254716964,0.2092496525743323,0.8163027310310519,0.8399561710163885,0.4524345809237175
2026-02-16 05:00:00,0.5599481170399955,0.4847179506184337,0.3958454479537751,0.3345444125574969,0.2062419648786237,0.2538733222564858,0.8493964196522504,0.8845798406985421,0.5223330338292146
2026-02-16 06:00:00,0.4589892932836534,0.4696351791754766,0.2718162171958745,0.2950840618420861,0.214714837844195,0.2387905508135286,0.8105171434035505,0.869497069255585,0.46431223622956497
2026-02-16 07:00:00,0.5846902405446881,0.5203133092526753,0.3485115178660006,0.3559429635636,0.2309840883833164,0.1314507083268924,0.8741385431569431,0.8420398144815533,0.5525017748986817
2026-02-16 08:00:00,0.5280984303987261,0.4611506905810856,0.3770319484512933,0.4092553710708306,0.1743922782373543,0.2303060622191376,0.817546733010981,0.8610125806611939,0.49462456048990583
2026-02-16 09:00:00,0.4784537779471959,0.4979755331299547,0.5370752249359604,0.5062411717209906,0.2341793225077375,0.2671309047680067,0.829981628067093,0.897837423210063,0.4882146555385753
2026-02-16 10:00:00,0.2959580852610797,0.2903974244512238,0.2822978237136143,0.276923341401712,0.0516836298216212,0.0595527960892759,0.6474859353809768,0.6902593145313323,0.2931777548561517
2026-02-16 11:00:00,0.5766477352303795,0.5215122416803573,0.323558129196108,0.3729917763016781,0.2229415830690078,0.1326496407545744,0.8660960378426344,0.8432387469092353,0.5490799884553683
2026-02-16 12:00:00,0.7651260154898836,0.6540203035244527,0.3107042407269611,0.3208237356877561,0.4114198633285119,0.2651577025986699,1.0,0.9757468087533308,0.7095731595071681
2026-02-16 13:00:00,0.7112541456356993,0.6049617168462512,0.2542365766205897,0.2197181441215878,0.3575479934743276,0.2160991159204684,1.0,0.9266882220751292,0.6581079312409752
2026-02-16 14:00:00,0.6873724034446559,0.5421514662729465,0.3012011736280117,0.2670963349395533,0.3336662512832842,0.1532888653471637,0.9768207060569108,0.8638779715018245,0.6147619348588012
2026-02-16 15:00:00,0.4202139558788297,0.3705444706544303,0.3207013721767459,0.297093500565492,0.1759395004393713,0.1396998422924824,0.7717418059987268,0.7704063607345387,0.39537921326663
2026-02-16 16:00:00,0.4726932148204502,0.3389063149905198,0.4221090744018762,0.373506199445605,0.2284187593809917,0.1080616866285719,0.8242210649403472,0.7387682050706281,0.40579976490548497
2026-02-16 17:00:00,0.3663596951435113,0.3175144844283863,0.5713962329172085,0.5025880692364835,0.1220852397040529,0.0866698560664384,0.7178875452634084,0.7173763745084947,0.34193708978594883
2026-02-16 18:00:00,0.4061818463887628,0.3840175621969305,0.3989597837716612,0.3483004836620616,0.1619073909493044,0.1531729338349826,0.7577096965086599,0.7838794522770389,0.3950997042928467
2026-02-16 19:00:00,0.5323092550252848,0.4068982497939017,0.4822719582704119,0.4257716856205996,0.1786031028639131,0.1760536214319538,0.8217575576375398,0.8067601398740101,0.4696037524095933
2026-02-16 20:00:00,0.4424377574279,0.369052052460681,0.5617245677200738,0.4978224346277328,0.1981633019884416,0.1382074240987331,0.7939656075477971,0.7689139425407894,0.4057449049442905
2026-02-16 21:00:00,0.3590836091990191,0.3236220439373263,0.57158753739213,0.5727739190233886,0.1148091537595606,0.0927774155753784,0.7106114593189161,0.7234839340174347,0.3413528265681727
2026-02-16 22:00:00,0.2722360838872479,0.2551082978284156,0.4901218698291663,0.4738016136375438,0.0279616284477895,0.0242636694664677,0.623763934007145,0.654970187908524,0.2636721908578318
2026-02-16 23:00:00,0.2183569334339152,0.2075620296720108,0.3633234989426897,0.3490957573517025,0.0,0.0,0.5698847835538123,0.6074239197521192,0.21295948155296301
2026-02-17 00:00:00,0.1876627122073909,0.1849520050966862,0.2928866952055701,0.2954349096516641,0.086292443697071,0.0881580148155475,0.3811615223772208,0.373136906825761,0.18630735865203854
2026-02-17 01:00:00,0.2585639595176872,0.2560440752878267,0.3101420433440532,0.3193415661682154,0.0142895040782288,0.0251994469258787,0.6100918096375842,0.6559059653679351,0.25730401740275693
2026-02-17 02:00:00,0.3228678234400499,0.30480390883835,0.3091462078053743,0.3252456330728967,0.0785933680005915,0.0739592804764021,0.674395673559947,0.7046657989184584,0.31383586613919995
2026-02-17 03:00:00,0.4388098355697313,0.3968076614704931,0.2551024431656393,0.2674926975300051,0.1945353801302729,0.1659630331085452,0.7903376856896285,0.7966695515506015,0.4178087485201122
2026-02-17 04:00:00,0.3266979843431257,0.2993129510296164,0.2880517915812455,0.2889430875044484,0.0824235289036672,0.0684683226676685,0.6782258344630228,0.6991748411097247,0.31300546768637105
2026-02-17 05:00:00,0.0565749563227983,0.0473246653022152,0.120794199712185,0.171259998231985,0.0,0.0,0.2500737664926282,0.23550956703129,0.05194981081250675
2026-02-17 06:00:00,0.0412740908753552,0.0342682614794325,0.1492220973598766,0.1818076221243886,0.0,0.0,0.2347729010451851,0.2224531632085073,0.03777117617739385
2026-02-17 07:00:00,0.0678058666814702,0.054852017492857,0.0881305143799512,0.0976983213230341,0.0,0.0,0.2613046768513001,0.2430369192219318,0.06132894208716361
2026-02-17 08:00:00,0.0882521077623693,0.1019246377839311,0.058018219100705,0.0589100304667602,0.0,0.0051306475027925,0.2817509179321992,0.290109539513006,0.0950883727731502
2026-02-17 09:00:00,0.1460973811727385,0.1806481547627977,0.0777628451515385,0.0742093141182844,0.0447271126624187,0.0838541644816591,0.3395961913425683,0.3688330564918726,0.1633727679677681
2026-02-17 10:00:00,0.1624589001041284,0.2292492468611879,0.1395900304222104,0.1422883810969183,0.0610886315938085,0.0,0.3559577102739582,0.6291111369412963,0.19585407348265815
2026-02-17 11:00:00,0.0835776698092954,0.0982615601336773,0.1254862932822637,0.1134622774926522,0.0,0.0014675698525387,0.2770764799791252,0.2864464618627522,0.09091961497148635
2026-02-17 12:00:00,0.1337643640174874,0.1516381105871528,0.2796312547508634,0.2299052216859491,0.0323940955071676,0.0548441203060142,0.3272631741873172,0.3398230123162277,0.1427012373023201
2026-02-17 13:00:00,0.1376570880231947,0.1429407817741594,0.2243703634651245,0.1911331251685003,0.0362868195128748,0.0461467914930208,0.3311558981930245,0.3311256835032343,0.14029893489867706
2026-02-17 14:00:00,0.1513202473283971,0.1637590601780024,0.3004130996549438,0.257386221238512,0.0499499788180772,0.0669650698968638,0.3448190574982269,0.3519439619070772,0.15753965375319975
2026-02-17 15:00:00,0.1827769338956966,0.1845242348514979,0.3386715729194498,0.3140094556231802,0.0814066653853767,0.0877302445703593,0.3762757440655264,0.3727091365805727,0.18365058437359727
2026-02-17 16:00:00,0.2220412894754523,0.174532291758374,0.5368105143347163,0.3878384150287829,0.0,0.0777383014772354,0.5735691395953494,0.3627171934874488,0.19828679061691315
2026-02-17 17:00:00,0.5062432594801842,0.4549895740976843,0.5312731294888893,0.480549080022954,0.1525371073188125,0.2241449457357364,0.7956915620924392,0.8548514641777927,0.4806164167889343
2026-02-17 18:00:00,0.5745961311534945,0.459065174163448,0.597270918279932,0.5475260761767443,0.2208899789921228,0.2282205458015001,0.8640444337657495,0.8589270642435565,0.5168306526584713
2026-02-17 19:00:00,0.519635595723636,0.5321899809129056,0.5628019147741801,0.5167096432614491,0.1659294435622643,0.1433273799871228,0.809083898335891,0.8539164861417836,0.5259127883182708
2026-02-17 20:00:00,0.5337158221762368,0.5736911789870375,0.5154958780896386,0.4573545718864376,0.1800096700148651,0.1848285780612547,0.8231641247884918,0.8954176842159154,0.5537035005816371
2026-02-17 21:00:00,0.517563082320553,0.5669221161181262,0.5363436257661276,0.4967814072012225,0.1638569301591813,0.1780595151923433,0.807011384932808,0.8886486213470042,0.5422425992193396
2026-02-17 22:00:00,0.452270700802666,0.4807997360076591,0.5772825075580672,0.5464753080408427,0.2079962453632076,0.2499551076457112,0.8037985509225631,0.8806616260877675,0.46653521840516254
2026-02-17 23:00:00,0.572710240030641,0.5126386578177706,0.5225105262998297,0.5611075957398415,0.2190040878692692,0.1237760568919878,0.8621585426428959,0.8343651630466487,0.5426744489242058
2026-02-18 00:00:00,0.5607801438040521,0.5254049990792112,0.5681047513256225,0.6295408436154651,0.2070739916426803,0.1365423981534284,0.850228446416307,0.8471315043080891,0.5430925714416317
2026-02-18 01:00:00,0.6371185716979333,0.6323594731781031,0.7448861441247225,0.794391882453557,0.2834124195365616,0.2434968722523203,0.9265668743101882,0.9540859784069812,0.6347390224380183
2026-02-18 02:00:00,0.4597164176766784,0.4223092916087692,0.6077467771906002,0.6314872408574442,0.21544196223722,0.1914646632468212,0.8112442677965754,0.8221711816888775,0.4410128546427238
2026-02-18 03:00:00,0.4609627442875088,0.417250245875044,0.5637793519503757,0.5183308200573767,0.2166882888480504,0.1864056175130961,0.8124905944074059,0.8171121359551523,0.4391064950812764
2026-02-18 04:00:00,0.5976772792320006,0.493858231004589,0.5682268747792447,0.5152120431545346,0.2439711270706289,0.2630136026426411,0.8871255818442556,0.8937201210846974,0.5457677551182948
2026-02-18 05:00:00,0.6355180306564775,0.5318495967982455,0.6867587190482638,0.6281438204514656,0.2818118784951058,0.1429869958724627,0.9249663332687325,0.8535761020271235,0.5836838137273614
2026-02-18 06:00:00,0.6283803779662778,0.4792994679458865,0.6884748863935688,0.6564313153575909,0.2746742258049061,0.2484548395839386,0.9178286805785328,0.8791613580259949,0.5538399229560822
2026-02-18 07:00:00,0.7626716520686119,0.620162646034788,0.6856355136510881,0.6514012173469571,0.4089654999072402,0.2313000451090052,1.0,0.941889151263666,0.6914171490516999
2026-02-18 08:00:00,0.8122764685440946,0.7259672071781209,0.7629896324901079,0.7246364843544808,0.5720509472098043,0.3371046062523381,0.9425868835764256,1.0,0.7691218378611078
2026-02-18 09:00:00,0.81928328266641,0.7452660417511635,0.7282821239126389,0.6064471527495132,0.5790577613321197,0.3564034408253807,0.9495936976987408,1.0,0.7822746622087868
2026-02-18 10:00:00,0.8624411370662424,0.7874801511708118,0.8114864098574636,0.6948056269216887,0.622215615731952,0.398617550245029,0.9927515520985732,1.0,0.8249606441185271
2026-02-18 11:00:00,0.9647319547444638,0.9396666666666668,0.8864444444444444,0.8005740740740741,0.7245064334101735,0.7748719726879452,1.0,1.0,0.9521993107055653
2026-02-18 12:00:00,0.952148148148148,0.911537037037037,0.9159999999999996,0.8451666666666664,0.7119226268138577,0.7467423430583155,1.0,1.0,0.9318425925925925
2026-02-18 13:00:00,0.9514444444444444,0.9101111111111112,0.956074074074074,0.9221666666666666,0.711218923110154,0.7453164171323896,1.0,1.0,0.9307777777777778
2026-02-18 14:00:00,0.9486296296296296,0.9042777777777776,0.960148148148148,0.9299444444444446,0.7084041082953392,0.7394830837990563,1.0,1.0,0.9264537037037036
2026-02-18 15:00:00,0.9159999999999996,0.8451666666666664,0.9556666666666664,0.9186666666666669,0.6757744786657094,0.6803719726879449,1.0,1.0,0.880583333333333
2026-02-18 16:00:00,0.9485841663465184,0.9101111111111112,0.9415925925925924,0.8887222222222222,0.7083586450122281,0.7453164171323896,1.0,1.0,0.9293476387288149
2026-02-18 17:00:00,0.8789175310363075,0.7946111111111112,0.8257876814044907,0.7425627355674109,0.6386920097020172,0.4057485101853283,1.0,1.0,0.8367643210737093
2026-02-18 18:00:00,0.7112735818518838,0.5801684090297627,0.7480594990387174,0.6042020117053712,0.3575674296905121,0.1913058081039799,1.0,0.9018949142586408,0.6457209954408233
2026-02-18 19:00:00,0.6715036524024951,0.6045242419579316,0.7321198621904157,0.5648414321237101,0.3177975002411234,0.2156616410321488,0.96095195501475,0.9262507471868096,0.6380139471802133
2026-02-18 20:00:00,0.641343747474553,0.4984636292080974,0.6782388322692592,0.6227257511230685,0.2876375953131813,0.2676190008461495,0.930792050086808,0.8983255192882058,0.5699036883413252
2026-02-18 21:00:00,0.5790081424037341,0.5188471832234892,0.6566366221236267,0.6420153506412775,0.2253019902423624,0.1299845822977064,0.8684564450159891,0.8405736884523671,0.5489276628136117
2026-02-18 22:00:00,0.481362913046065,0.3853640503209557,0.5804938057597635,0.5319014742213924,0.2370884576066066,0.1545194219590078,0.8328907631659621,0.7852259404010641,0.43336348168351035
2026-02-18 23:00:00,0.414295311691741,0.3530533542528106,0.3797523330389451,0.3424287748769155,0.1700208562522825,0.1222087258908626,0.765823161811638,0.752915244332919,0.3836743329722758
2026-02-19 00:00:00,0.4281902103239197,0.3834757633062674,0.4581969284041605,0.4062355728139118,0.1839157548844612,0.1526311349443195,0.7797180604438168,0.7833376533863758,0.40583298681509355
2026-02-19 01:00:00,0.3414391329184975,0.2677556624489041,0.2927114670305405,0.2527064820840539,0.097164677479039,0.0369110340869562,0.6929669830383945,0.6676175525290124,0.30459739768370075
2026-02-19 02:00:00,0.3780183085025747,0.2730216875833604,0.3200411724617292,0.2874728863598823,0.1337438530631163,0.0421770592214125,0.7295461586224719,0.6728835776634687,0.3255199980429675
2026-02-19 03:00:00,0.3683568737701084,0.2644178708192468,0.2970615178207792,0.2844678137545771,0.1240824183306499,0.0335732424572989,0.7198847238900055,0.6642797608993551,0.3163873722946776
2026-02-19 04:00:00,0.3800269385382838,0.2894802431150406,0.2159255617050108,0.1892165665651005,0.1357524830988253,0.0586356147530927,0.7315547886581808,0.689342133195149,0.33475359082666223
2026-02-19 05:00:00,0.2027480782373711,0.1709181330426752,0.2608702913872908,0.2649599913095766,0.0,0.0741241427615366,0.5542759283572682,0.35910303477175,0.18683310564002314
2026-02-19 06:00:00,0.1904420654083728,0.1826844380568013,0.2964778985698122,0.3110068161256206,0.089071796898053,0.0858904477756627,0.3839408755782026,0.3708693397858762,0.18656325173258703
2026-02-19 07:00:00,0.1769633830492922,0.1663431723598619,0.2567871736892406,0.2755094524731613,0.0755931145389723,0.0695491820787233,0.370462193219122,0.3545280740889368,0.17165327770457706
2026-02-19 08:00:00,0.1884301442579089,0.1601509613115478,0.2969849925050786,0.3198339279895836,0.0870598757475891,0.0633569710304092,0.3819289544277388,0.3483358630406226,0.17429055278472835
2026-02-19 09:00:00,0.2205783160338383,0.1834439828472182,0.5225522344286765,0.4876260191854292,0.0,0.0866499925660795,0.5721061661537354,0.371628884576293,0.20201114944052823
2026-02-19 10:00:00,0.2281449341237023,0.2616046568422479,0.3861047968979146,0.3295739054560578,0.0,0.0307600284803,0.5796727842435995,0.6614665469223563,0.24487479548297508
2026-02-19 11:00:00,0.2812749625603404,0.2550946179716669,0.3019723816892062,0.3151852046124885,0.0370005071208819,0.0242499896097189,0.6328028126802374,0.6549565080517752,0.2681847902660036
2026-02-19 12:00:00,0.260529473690468,0.2527211528331453,0.2601263295698719,0.2467681214710964,0.0162550182510096,0.0218765244711974,0.612057323810365,0.6525830429132538,0.25662531326180665
2026-02-19 13:00:00,0.3002684955950842,0.2537456509876868,0.2633206305183856,0.2316834152155116,0.0559940401556257,0.0229010226257389,0.6517963457149812,0.6536075410677953,0.2770070732913855
2026-02-19 14:00:00,0.2860337490912107,0.2312412323853001,0.2862888680670012,0.2100994392078143,0.0417592936517522,0.0003966040233521,0.6375615992111078,0.6311031224654085,0.25863749073825537
2026-02-19 15:00:00,0.2825191374685339,0.2003452779669169,0.2177120405869644,0.1431182214384559,0.0382446820290755,0.0,0.634046987588431,0.6002071680470253,0.2414322077177254
2026-02-19 16:00:00,0.1334119131165926,0.1192234704278137,0.2993958929437482,0.1929963604763965,0.0320416446062728,0.0224294801466751,0.3269107232864225,0.3074083721568885,0.12631769177220314
2026-02-19 17:00:00,0.1931293761281566,0.1432674549030033,0.2815721409842086,0.2078623814707214,0.0917591076178368,0.0464734646218647,0.3866281862979864,0.3314523566320781,0.16819841551557996
2026-02-19 18:00:00,0.087038873232533,0.074022854261685,0.1204254506036287,0.1027777273122538,0.0,0.0,0.2805376834023629,0.2622077559907599,0.080530863747109
2026-02-19 19:00:00,0.0701579917680037,0.048707199546692,0.0666869888501851,0.0431151510729487,0.0,0.0,0.2636568019378336,0.2368921012757668,0.05943259565734785
2026-02-19 20:00:00,0.1131944701311562,0.131757119749316,0.0529531605017214,0.0408773139261839,0.0118242016208364,0.0349631294681774,0.3066932803009861,0.3199420214783909,0.12247579494023611
2026-02-19 21:00:00,0.1548058523007075,0.1877197138671799,0.0854911557823292,0.0707687596765905,0.0534355837903877,0.0909257235860413,0.3483046624705374,0.3759046155962547,0.17126278308394371
2026-02-19 22:00:00,0.3805069152807677,0.412376120301718,0.1722877661381854,0.2117256641385147,0.1362324598413092,0.1815314919397701,0.7320347654006647,0.8122380103818264,0.3964415177912428
2026-02-19 23:00:00,0.2824943124301961,0.28317605757295,0.3612260730971818,0.3853358663051711,0.0382198569907377,0.0523314292110021,0.6340221625500932,0.6830379476530584,0.28283518500157306
2026-02-20 00:00:00,0.3893335099134032,0.4058628766115776,0.2358673556113401,0.2360403183356658,0.1450590544739448,0.1750182482496297,0.7408613600333003,0.805724766691686,0.3975981932624904
2026-02-20 01:00:00,0.4161371815429706,0.4740480502416863,0.1752600739078043,0.1665638356267667,0.1718627261035122,0.2432034218797384,0.7676650316628677,0.8739099403217947,0.4450926158923284
2026-02-20 02:00:00,0.4721512873564304,0.4907922561306753,0.27354351484943,0.2616554621019855,0.227876831916972,0.2599476277687274,0.8236791374763275,0.8906541462107838,0.4814717717435528
2026-02-20 03:00:00,0.3811354554729333,0.3919261529131654,0.4154927248794645,0.4104320838981474,0.1368610000334749,0.1610815245512175,0.7326633055928304,0.7917880429932738,0.38653080419304936
2026-02-20 04:00:00,0.4170037945374367,0.452720119893966,0.3705368509911818,0.4141549370893135,0.1727293390979783,0.221875491532018,0.7685316446573338,0.8525820099740744,0.4348619572157013
2026-02-20 05:00:00,0.4120685594093661,0.5012599899526656,0.4099578837865815,0.4918288070382082,0.1677941039699077,0.1123973890268828,0.7635964095292632,0.8229864951815435,0.4566642746810159
2026-02-20 06:00:00,0.433404204294919,0.531642819643447,0.43874175167927,0.505836763448978,0.1891297488554605,0.1427802187176641,0.7849320544148161,0.8533693248723249,0.48252351196918297
2026-02-20 07:00:00,0.5192976322823504,0.6270330141349858,0.3853392245561764,0.433985467362705,0.1655914801209786,0.238170413209203,0.8087459348946053,0.9487595193638638,0.5731653232086681
2026-02-20 08:00:00,0.3688662243251064,0.5082752280285096,0.3083272099918842,0.370959871262,0.1245917688856479,0.1194126271027267,0.7203940744450035,0.8300017332573875,0.438570726176808
2026-02-20 09:00:00,0.2760492114505394,0.3162400947797279,0.1828573011758661,0.2149995464648548,0.0317747560110809,0.08539546641778,0.6275770615704365,0.7161019848598362,0.29614465311513366
2026-02-20 10:00:00,0.2242200816541192,0.2346703460120888,0.1446500624281891,0.1624751337399863,0.0,0.0038257176501408,0.5757479317740164,0.6345322360921972,0.229445213833104
2026-02-20 11:00:00,0.1775572229946168,0.2222314892238183,0.0938333928753183,0.1143475453455511,0.0761869544842969,0.0,0.3710560331644466,0.6220933793039267,0.19989435610921755
2026-02-20 12:00:00,0.1411821978572602,0.1519184795168324,0.0713379496152003,0.0802116043573388,0.0398119293469404,0.0551244892356938,0.3346810080270901,0.3401033812459073,0.1465503386870463
2026-02-20 13:00:00,0.1099747932924469,0.1176368468130448,0.0512291482905342,0.0582338258458914,0.0086045247821271,0.0208428565319061,0.3034736034622768,0.3058217485421196,0.11380582005274585
2026-02-20 14:00:00,0.0868237619184859,0.0849829311212236,0.0381452874749524,0.0375151033229982,0.0,0.0,0.2803225720883158,0.2731678328502984,0.08590334651985475
2026-02-20 15:00:00,0.0838434048291824,0.0746377428115823,0.0332313126592586,0.0282354771871725,0.0,0.0,0.2773422149990123,0.2628226445406572,0.07924057382038235
2026-02-20 16:00:00,0.0662680218139563,0.0546056194750211,0.0410781172654808,0.0348727865284431,0.0,0.0,0.2597668319837862,0.242790521204096,0.0604368206444887
2026-02-20 17:00:00,0.053246950077693,0.0465088247457777,0.0759227417783095,0.0676241041403496,0.0,0.0,0.2467457602475229,0.2346937264748525,0.04987788741173535
2026-02-20 18:00:00,0.0339913895169796,0.0240923406530101,0.4763036501738477,0.5283330414956677,0.0,0.0,0.2274901996868094,0.2122772423820849,0.02904186508499485
2026-02-20 19:00:00,0.0861140345283684,0.0888827530980903,0.4979130945657967,0.5814397842101249,0.0,0.0,0.2796128446981982,0.2770676548271651,0.08749839381322935
2026-02-20 20:00:00,0.3223503975235338,0.3392698112363785,0.4941868006593666,0.5760693705621261,0.0780759420840753,0.1084251828744305,0.6738782476434308,0.7391317013164869,0.33081010437995617
2026-02-20 21:00:00,0.3719424252400927,0.4578428223914065,0.5473653412960027,0.6107251030803437,0.1276679698006342,0.2269981940294586,0.7234702753599898,0.8577047124715149,0.4148926238157496
2026-02-20 22:00:00,0.4321645413068351,0.5513321614634012,0.6252055715219825,0.6607429429987729,0.1878900858673767,0.1624695605376184,0.7836923914267322,0.8730586666922793,0.4917483513851182
2026-02-20 23:00:00,0.5742580885910591,0.6388464843861466,0.5225395678364919,0.5841432767456173,0.2205519364296874,0.2499838834603637,0.863706391203314,0.9605729896150246,0.6065522864886028
2026-02-21 00:00:00,0.5024564686670736,0.5844808300002421,0.5104681814208207,0.6517711715535623,0.1487503165057019,0.1956182290744593,0.7919047712793286,0.90620733522912,0.5434686493336578
2026-02-21 01:00:00,0.5048249565227474,0.5216025000714333,0.5201416761631088,0.6153500957287317,0.1511188043613757,0.1327398991456505,0.7942732591350024,0.8433290053003113,0.5132137282970903
2026-02-21 02:00:00,0.4371112878008658,0.4794123481841169,0.4363505415859045,0.4879928675167574,0.1928368323614074,0.248567719822169,0.7886391379207629,0.8792742382642253,0.4582618179924913
2026-02-21 03:00:00,0.3655552373586659,0.3943382150432729,0.3543578040127623,0.3782076794019847,0.1212807819192074,0.163493586681325,0.717083087478563,0.7942001051233814,0.37994672620096936
2026-02-21 04:00:00,0.2699936140622544,0.3140453894625443,0.2309912030291983,0.2428030312069616,0.025719158622796,0.0832007611005963,0.6215214641821515,0.7139072795426527,0.2920195017623993
2026-02-21 05:00:00,0.2190556567586439,0.2752871417980185,0.193775043791149,0.1974651849668315,0.0,0.0444425134360705,0.570583506878541,0.6751490318781268,0.2471713992783312
2026-02-21 06:00:00,0.1835016531706229,0.1833147877219338,0.1287161582628986,0.15214547170868,0.0821313846603031,0.0865207974407952,0.3770004633404528,0.3714996894510087,0.18340822044627836
2026-02-21 07:00:00,0.1623857700993641,0.1485883893209977,0.1586642347989657,0.1618249306606836,0.0610155015890443,0.051794399039859,0.355884580269194,0.3367732910500725,0.1554870797101809
2026-02-21 08:00:00,0.1596064356296327,0.1529116357729357,0.2029864967455446,0.2502592845465139,0.0582361671193129,0.056117645491797,0.3531052457994625,0.3410965375020105,0.1562590357012842
2026-02-21 09:00:00,0.0153776837613231,0.02144453735635,0.1452885247298104,0.1447381343760892,0.0,0.0,0.2088764939311529,0.2096294390854248,0.01841111055883655
2026-02-21 10:00:00,0.1954125907250267,0.2209593274144143,0.0421346132007854,0.0497654961579084,0.0940423222147069,0.0,0.3889114008948565,0.6208212174945227,0.20818595906972048
2026-02-21 11:00:00,0.8778971161102678,0.880100041605771,0.9167364851308086,0.9094259839254129,0.6376715947759775,0.7153053476270496,1.0,1.0,0.8789985788580195
2026-02-21 12:00:00,0.8869074164299795,0.8979453462952802,0.913606823403578,0.9161301975034088,0.6466818950956892,0.7331506523165587,1.0,1.0,0.8924263813626299
2026-02-21 13:00:00,0.9646836473270908,0.949760724018572,0.9227646448804476,0.9027018468392808,0.7244581259928005,0.7849660300398504,1.0,1.0,0.9572221856728313
2026-02-21 14:00:00,0.9624394843345586,0.9480775922499152,0.6216483957671797,0.6984510405537239,0.7222139630002683,0.7832828982711937,1.0,1.0,0.955258538292237
2026-02-21 15:00:00,0.862528922349954,0.8190221570191697,0.4381314547253063,0.4703225223929249,0.6223034010156637,0.6542274630404482,0.9928393373822848,0.9813708619505568,0.8407755396845619
2026-02-21 16:00:00,0.5714263903168895,0.5625399428178751,0.1790987831263301,0.1664005049501756,0.2177202381555177,0.1736773418920923,0.8608746929291444,0.884266448046753,0.5669831665673823
2026-02-21 17:00:00,0.4511783399213264,0.399559402981276,0.1402819206675721,0.1557733426285665,0.2069038844818679,0.1687147746193281,0.8027061900412235,0.7994212930613844,0.4253688714513012
2026-02-21 18:00:00,0.2453586911163048,0.1928416140274007,0.1284850597160141,0.1149627058624071,0.0010842356768464,0.096047623746262,0.5968865412362019,0.3810265157564755,0.21910015257185272
2026-02-21 19:00:00,0.2844112429199983,0.2640977682713292,0.2593157810340718,0.2798577502009031,0.0401367874805398,0.0332531399093813,0.6359390930398954,0.6639596583514376,0.2742545055956638
2026-02-21 20:00:00,0.4866762864463411,0.5252249819657946,0.3811005261081396,0.3822123831228315,0.2424018310068826,0.1363623810400118,0.8382041365662382,0.8469514871946726,0.5059506342060678
2026-02-21 21:00:00,0.439808745149815,0.5347825101293058,0.6060791406551576,0.5539307870815922,0.1955342897103566,0.145919909203523,0.7913365952697121,0.8565090153581838,0.48729562763956036
2026-02-21 22:00:00,0.4331121655983876,0.5325006463489664,0.7635723067716564,0.7548728118873413,0.1888377101589292,0.1436380454231836,0.7846400157182847,0.8542271515778443,0.482806405973677
2026-02-21 23:00:00,0.1681309326663154,0.1692617076096438,0.6267320917289115,0.5869685791732852,0.0667606641559956,0.0724677173285052,0.3616297428361453,0.3574466093387186,0.16869632013797958
2026-02-22 00:00:00,0.1350445383800002,0.1424782471340452,0.6734900262597034,0.653509223857906,0.0336742698696803,0.0456842568529065,0.32854334854983,0.33066314886312,0.1387613927570227
2026-02-22 01:00:00,0.136154921763048,0.1395566275585024,0.6260434633167288,0.5501749655744589,0.0347846532527282,0.0427626372773638,0.3296537319328778,0.3277415292875772,0.1378557746607752
2026-02-22 02:00:00,0.0555044227085104,0.0633059844322063,0.4145072172254426,0.347019784339331,0.0,0.0,0.2490032328783403,0.2514908861612812,0.05940520357035835
2026-02-22 03:00:00,0.0281984911363585,0.0285001107911833,0.3219648500339971,0.2552468883337783,0.0,0.0,0.2216973013061883,0.2166850125202581,0.0283493009637709
2026-02-22 04:00:00,0.0246235942611557,0.0183471650211985,0.1006732101653505,0.1095239054956398,0.0,0.0,0.2181224044309856,0.2065320667502733,0.0214853796411771
2026-02-22 05:00:00,0.0293936579141211,0.0199210711296269,0.0387656064506187,0.0251067282023478,0.0,0.0,0.222892468083951,0.2081059728587017,0.024657364521874
2026-02-22 06:00:00,0.0248826748576979,0.0293641406543693,0.0249059478138262,0.0185359803005023,0.0,0.0,0.2183814850275277,0.2175490423834441,0.0271234077560336
2026-02-22 07:00:00,0.0556070925778031,0.0554998587409979,0.0343500176749269,0.0265203280023194,0.0,0.0,0.249105902747633,0.2436847604700727,0.0555534756594005
2026-02-22 08:00:00,0.1471205504730046,0.188411077612767,0.0315280006519785,0.0290447758005719,0.0457502819626848,0.0916170873316284,0.3406193606428345,0.3765959793418418,0.1677658140428858
2026-02-22 09:00:00,0.1975586077502066,0.2286037232822423,0.0360004032265951,0.0322307409812394,0.0961883392398868,0.0,0.3910574179200365,0.6284656133623507,0.21308116551622444
2026-02-22 10:00:00,0.406881962307923,0.4647644410932854,0.0392638584398784,0.0541143328910161,0.1626075068684646,0.2339198127313375,0.7584098124278201,0.8646263311733938,0.4358232017006042
2026-02-22 11:00:00,0.7032637079775541,0.7146190084622204,0.1234935313335461,0.1673850252195918,0.3495575558161824,0.3257564075364376,0.9927120105898092,1.0,0.7089413582198872
2026-02-22 12:00:00,0.8386972973625391,0.8426912095312409,0.3520514362860837,0.4429563032118745,0.5984717760282487,0.6778965155525194,0.96900771239487,1.0,0.84069425344689
2026-02-22 13:00:00,0.9034860421896114,0.8368943560952637,0.6765067382334817,0.6635530871189481,0.6632605208553211,0.6720996621165423,1.0,0.9992430610266508,0.8701901991424376
2026-02-22 14:00:00,0.8624656944458655,0.7750316030416058,0.8065722486943974,0.7435520701638481,0.6222401731115752,0.386169002115823,0.9927761094781964,1.0,0.8187486487437357
2026-02-22 15:00:00,0.8238981424824329,0.7394300916443715,0.8159014606146248,0.7457457407142203,0.5836726211481426,0.3505674907185886,0.9542085575147636,1.0,0.7816641170634022
2026-02-22 16:00:00,0.7720345835416655,0.6758844815870226,0.7736628860287575,0.6995556559918119,0.4183284313802938,0.2870218806612398,1.0,0.9976109868159008,0.7239595325643441
2026-02-22 17:00:00,0.7028919051680109,0.6130600119947112,0.690582270748736,0.6226810388412573,0.3491857530066392,0.2241974110689283,0.992340207780266,0.9347865172235892,0.657975958581361
2026-02-22 18:00:00,0.5058884327612968,0.4120628109368034,0.5882895757384761,0.4539705053415144,0.1521822805999251,0.1812181825748555,0.7953367353735518,0.8119247010169117,0.4589756218490501
2026-02-22 19:00:00,0.3881061038013715,0.2493017163835483,0.5179455037758302,0.3359902238130098,0.1438316483619131,0.0184570880216004,0.7396339539212686,0.6491636064636567,0.3187039100924599
2026-02-22 20:00:00,0.2376787117908078,0.1255661581935733,0.4072616699797369,0.2360653484372215,0.0,0.0287721679124347,0.589206561910705,0.3137510599226482,0.18162243499219055
2026-02-22 21:00:00,0.0781726093495654,0.0604777258298184,0.3284455706684645,0.2013683002495424,0.0,0.0,0.2716714195193953,0.2486626275588932,0.0693251675896919
2026-02-22 22:00:00,0.0469366562902825,0.0369919788758711,0.2433040308812444,0.1684620185483748,0.0,0.0,0.2404354664601123,0.2251768806049459,0.041964317583076796
2026-02-22 23:00:00,0.0394419329564602,0.0395641831156393,0.2902819706495542,0.1928543131542865,0.0,0.0,0.23294074312629,0.2277490848447141,0.039503058036049754
2026-02-23 00:00:00,0.0402760973355387,0.0369080785370346,0.1752937982270379,0.1465953275400128,0.0,0.0,0.2337749075053685,0.2250929802661094,0.03859208793628665
2026-02-23 01:00:00,0.0389172777208489,0.034738169625033,0.146470118903385,0.1482486931237894,0.0,0.0,0.2324160878906788,0.2229230713541078,0.036827723672940946
2026-02-23 02:00:00,0.0668528376134075,0.045848551220221,0.1479875468646498,0.1018302368439825,0.0,0.0,0.2603516477832374,0.2340334529492958,0.056350694416814257
2026-02-23 03:00:00,0.0414968274948029,0.0469919658362964,0.1218765944377937,0.0726438372533912,0.0,0.0,0.2349956376646328,0.2351768675653713,0.04424439666554965
2026-02-23 04:00:00,0.0321435210651568,0.0370423680961859,0.0586092629712019,0.0497697539043756,0.0,0.0,0.2256423312349867,0.2252272698252607,0.034592944580671345
2026-02-23 05:00:00,0.0276951871446332,0.0251051787516255,0.060046362902688,0.06720400020586,0.0,0.0,0.2211939973144631,0.2132900804807003,0.02640018294812935
2026-02-23 06:00:00,0.0369777932213,0.0408557612029578,0.0809549804976325,0.0980631306176584,0.0,0.0,0.2304766033911298,0.2290406629320326,0.0389167772121289
2026-02-23 07:00:00,0.0694614830666633,0.0913357847264069,0.0665090697689451,0.0784552513861924,0.0,0.0,0.2629602932364931,0.2795206864554817,0.0803986338965351
2026-02-23 08:00:00,0.0917930217532767,0.1124571266965487,0.0596577008398013,0.0671154342018599,0.0,0.0156631364154101,0.2852918319231066,0.3006420284256236,0.1021250742249127
2026-02-23 09:00:00,0.0943933639345418,0.108726666658221,0.0599498410595573,0.0717766461744999,0.0,0.0119326763770824,0.2878921741043716,0.2969115683872959,0.1015600152963814
2026-02-23 10:00:00,0.11751596621318,0.1323225288034217,0.079610149911539,0.0782405701419139,0.0161456977028602,0.0355285385222831,0.3110147763830099,0.3205074305324965,0.12491924750830086
2026-02-23 11:00:00,0.1524832124693662,0.1858853523574072,0.1244534096176294,0.1547297708768918,0.0511129439590464,0.0890913620762686,0.3459820226391961,0.3740702540864821,0.16918428241338668
2026-02-23 12:00:00,0.1430230679417338,0.1770513287097994,0.2820061177715577,0.3299364141929365,0.041652799431414,0.0802573384286608,0.3365218781115637,0.3652362304388742,0.1600371983257666
2026-02-23 13:00:00,0.2338573102484974,0.2244948170539096,0.3690667501698543,0.4290327521619494,0.0,0.0,0.5853851603683945,0.6243567071340179,0.22917606365120352
2026-02-23 14:00:00,0.4411067442083773,0.4199579052348198,0.455863795726716,0.5435780400363955,0.1968322887689189,0.1891132768728718,0.7926345943282744,0.8198197953149282,0.4305323247215985
2026-02-23 15:00:00,0.4546684519306812,0.4395840893592443,0.477297486061458,0.6331090431399781,0.2103939964912228,0.2087394609972964,0.8061963020505782,0.8394459794393527,0.44712627064496274
2026-02-23 16:00:00,0.6005265522067116,0.6489142997345075,0.5549096930152522,0.6897712209286764,0.2468204000453399,0.2600516988087247,0.8899748548189665,0.9706408049633856,0.6247204259706096
2026-02-23 17:00:00,0.6027814876399972,0.6430918786666387,0.6401099767276155,0.7573391265697762,0.2490753354786254,0.2542292777408559,0.8922297902522521,0.9648183838955168,0.622936683153318
2026-02-23 18:00:00,0.6379521466198643,0.6801000786152067,0.766525211616295,0.8356421494590389,0.2842459944584926,0.2912374776894239,0.9274004492321192,1.0,0.6590261126175355
2026-02-23 19:00:00,0.7235336095661984,0.7778661272828189,0.820510487430264,0.8587852518709163,0.3698274574048267,0.3890035263570361,1.0,1.0,0.7506998684245086
2026-02-23 20:00:00,0.8147260717378842,0.8542238935295832,0.8757621359286094,0.8930426991645428,0.5745005504035939,0.6894291995508617,0.9450364867702152,1.0,0.8344749826337337
2026-02-23 21:00:00,0.7952774055283491,0.8577452195662364,0.8831315444593816,0.8977911701060549,0.4415712533669774,0.6929505255875149,1.0,1.0,0.8265113125472927
2026-02-23 22:00:00,0.8216806495737008,0.8496948676366676,0.8831945959611939,0.872912938206037,0.5814551282394105,0.6849001736579461,0.9519910646060316,1.0,0.8356877586051842
2026-02-23 23:00:00,0.8336782737361039,0.867902178816534,0.86612135966124,0.8460063775269738,0.5934527524018136,0.7031074848378125,0.9639886887684348,1.0,0.850790226276319
2026-02-24 00:00:00,0.8441776829354881,0.8488956793340372,0.8978133942641647,0.8687383796574633,0.6039521616011978,0.6841009853553157,0.974488097967819,1.0,0.8465366811347627
2026-02-24 01:00:00,0.8351909697353948,0.7850208787256687,0.7904070821498721,0.7617370787414124,0.5949654484011044,0.3961582777998859,0.9655013847677256,1.0,0.8101059242305317
2026-02-24 02:00:00,0.7542141079808138,0.7267053986177259,0.6962487331477811,0.6841880410674472,0.4005079558194421,0.3378427976919431,1.0,1.0,0.7404597532992698
2026-02-24 03:00:00,0.6829400344127674,0.6660903686834476,0.675404356245739,0.6664754128082775,0.3292338822513957,0.2772277677576648,0.9723883370250224,0.9878168739123256,0.6745152015481075
2026-02-24 04:00:00,0.6433590411898169,0.6313857251962771,0.714793413267188,0.7099962482458759,0.2896528890284452,0.2425231242704943,0.932807343802072,0.9531122304251552,0.637372383193047
2026-02-24 05:00:00,0.4725396156634381,0.4785573640507657,0.6732870965342241,0.7022698710960935,0.2282651602239797,0.2477127356888178,0.8240674657833352,0.8784192541308742,0.4755484898571019
2026-02-24 06:00:00,0.4268891082004372,0.4444632391199606,0.6445529937965317,0.6977963445015631,0.1826146527609788,0.2136186107580127,0.7784169583203343,0.8443251292000691,0.4356761736601989
2026-02-24 07:00:00,0.3936614068369797,0.4190610324391584,0.6364419422932515,0.6736100116550663,0.1493869513975212,0.1882164040772105,0.7451892569568768,0.8189229225192668,0.40636121963806904
2026-02-24 08:00:00,0.3986538049629935,0.3783865323419785,0.5143418397974606,0.4823026130122668,0.1543793495235351,0.1475419039800306,0.7501816550828906,0.7782484224220869,0.388520168652486
2026-02-24 09:00:00,0.3915604150921781,0.3755670254033726,0.4580611736400424,0.4362582178257981,0.1472859596527197,0.1447223970414247,0.7430882652120752,0.775428915483481,0.38356372024777535
2026-02-24 10:00:00,0.36676906978954,0.3857191859719034,0.4380445490397801,0.4202155622510019,0.1224946143500815,0.1548745576099555,0.7182969199094371,0.7855810760520118,0.3762441278807217
2026-02-24 11:00:00,0.2762035358103055,0.2760499657528635,0.5137855821039218,0.494944403093554,0.031929080370847,0.0452053373909156,0.6277313859302025,0.675911855832972,0.2761267507815845
2026-02-24 12:00:00,0.337051694280419,0.3258824910493115,0.4269542475683825,0.4473440454022829,0.0927772388409606,0.0950378626873636,0.6885795444003161,0.72574438112942,0.33146709266486524
2026-02-24 13:00:00,0.3393602360877033,0.3236950709572296,0.368534392164522,0.3710694789891341,0.0950857806482449,0.0928504425952816,0.6908880862076003,0.723556961037338,0.3315276535224665
2026-02-24 14:00:00,0.3461554739653824,0.3248351131883136,0.2854744282266693,0.2934699848609245,0.1018810185259239,0.0939904848263656,0.6976833240852794,0.7246970032684219,0.335495293576848
2026-02-24 15:00:00,0.3102491940431954,0.3005363339685193,0.2152647278241012,0.2044252541636579,0.0659747386037369,0.0696917056065714,0.6617770441630925,0.7003982240486277,0.30539276400585735
2026-02-24 16:00:00,0.2849369858393065,0.2261418128951621,0.1864117883469499,0.1458174242312019,0.040662530399848,0.0,0.6364648359592036,0.6260037029752705,0.2555393993672343
2026-02-24 17:00:00,0.2342288816256301,0.1789539029515992,0.1519100900642594,0.1076179564993961,0.0,0.0821599126704606,0.5857567317455272,0.367138804680674,0.20659139228861464
2026-02-24 18:00:00,0.1627373293449317,0.1158443892813673,0.1095710127510314,0.0887709789353812,0.0613670608346119,0.0190503990002287,0.3562361395147616,0.3040292910104422,0.1392908593131495
2026-02-24 19:00:00,0.1386301950608189,0.1033703548286393,0.0877887691485207,0.0604873320177919,0.0372599265504991,0.0065763645475007,0.3321290052306488,0.2915552565577142,0.12100027494472909
2026-02-24 20:00:00,0.1206554152574245,0.0864505768275469,0.0964387922059976,0.0488721542134426,0.0192851467471047,0.0,0.3141542254272543,0.2746354785566217,0.10355299604248569
2026-02-24 21:00:00,0.0874425618801627,0.0583217194225515,0.1497158183019576,0.0779748661744913,0.0,0.0,0.2809413720499925,0.2465066211516263,0.07288214065135709
2026-02-24 22:00:00,0.0897538597773556,0.0518085103545445,0.1127777163693865,0.0867595211517976,0.0,0.0,0.2832526699471854,0.2399934120836194,0.07078118506595005
2026-02-24 23:00:00,0.0620469629648915,0.0349946565055302,0.065734206622176,0.0495565360378498,0.0,0.0,0.2555457731347214,0.223179558234605,0.04852080973521085
2026-02-25 00:00:00,0.0380022136723775,0.0252260408805453,0.0386820478106773,0.0337945797465241,0.0,0.0,0.2315010238422074,0.2134109426096201,0.0316141272764614
2026-02-25 01:00:00,0.0372390556529897,0.0244098311687975,0.0684123080411184,0.0531455896599044,0.0,0.0,0.2307378658228195,0.2125947328978723,0.030824443410893597
2026-02-25 02:00:00,0.0538659360643864,0.0340685966504736,0.1024385063861329,0.0837040551183407,0.0,0.0,0.2473647462342162,0.2222534983795485,0.04396726635743
2026-02-25 03:00:00,0.0696006499077795,0.0537531920874077,0.1559368262641106,0.1363508606279508,0.0,0.0,0.2630994600776094,0.2419380938164825,0.0616769209975936
2026-02-25 04:00:00,0.0844568107646314,0.0596663287024928,0.1782582367625846,0.1876964139835587,0.0,0.0,0.2779556209344613,0.2478512304315676,0.07206156973356209
2026-02-25 05:00:00,0.0657807663968544,0.0661277389174205,0.1598230270241884,0.2033120945079321,0.0,0.0,0.2592795765666843,0.2543126406464954,0.06595425265713745
2026-02-25 06:00:00,0.050849299105123,0.0625228268818713,0.183214971275089,0.2445674218888104,0.0,0.0,0.2443481092749529,0.2507077286109461,0.056686062993497155
2026-02-25 07:00:00,0.0543677136183202,0.071178740238837,0.2616806048536377,0.2955762291859903,0.0,0.0,0.2478665237881501,0.2593636419679118,0.06277322692857859
2026-02-25 08:00:00,0.0577562121503666,0.0702402261263457,0.3187727308381727,0.3139553704994656,0.0,0.0,0.2512550223201965,0.2584251278554205,0.06399821913835615
2026-02-25 09:00:00,0.0439460765492509,0.049903255614155,0.3337171286542004,0.3394626015611204,0.0,0.0,0.2374448867190807,0.2380881573432298,0.046924666081702954
2026-02-25 10:00:00,0.0362218465175377,0.0462334935597392,0.4422081129319968,0.4369999391410732,0.0,0.0,0.2297206566873676,0.234418395288814,0.04122767003863845
2026-02-25 11:00:00,0.0210581976382195,0.0231531222504233,0.4633582295202157,0.4479272979607108,0.0,0.0,0.2145570078080494,0.2113380239794982,0.0221056599443214
2026-02-25 12:00:00,0.0212628345684195,0.0218026175717719,0.4912243320867179,0.4739489774703129,0.0,0.0,0.2147616447382493,0.2099875193008467,0.021532726070095702
2026-02-25 13:00:00,0.0234548942345135,0.0252584886779642,0.4599059464236334,0.4238831919288721,0.0,0.0,0.2169537044043433,0.213443390407039,0.024356691456238852
2026-02-25 14:00:00,0.0196994488353358,0.0222291522890215,0.3162875193558392,0.3164435921131178,0.0,0.0,0.2131982590051656,0.2104140540180963,0.02096430056217865
2026-02-25 15:00:00,0.0195052198293982,0.0268845603594542,0.2489218643133758,0.2564949459360703,0.0,0.0,0.2130040299992281,0.2150694620885291,0.0231948900944262
2026-02-25 16:00:00,0.0392010934511959,0.0333975028229731,0.2288013568675223,0.2491545317705236,0.0,0.0,0.2326999036210258,0.2215824045520479,0.036299298137084504
2026-02-25 17:00:00,0.0681526728478006,0.0494024736024131,0.2178105541983235,0.1211097630176826,0.0,0.0,0.2616514830176305,0.2375873753314879,0.05877757322510685
2026-02-25 18:00:00,0.0950319855232927,0.0504333781092382,0.2444637445958233,0.15964182467871,0.0,0.0,0.2885307956931226,0.238618279838313,0.07273268181626545
2026-02-25 19:00:00,0.0743564455252544,0.0396387912823481,0.3715695341639764,0.2260127775546664,0.0,0.0,0.2678552556950843,0.227823693011423,0.056997618403801256
2026-02-25 20:00:00,0.0755539612575355,0.0332561849003072,0.3667728414040222,0.2311315203439692,0.0,0.0,0.2690527714273654,0.2214410866293821,0.05440507307892135
2026-02-25 21:00:00,0.125882423960458,0.0631995640123855,0.4350296880669839,0.309456889052799,0.0245121554501382,0.0,0.3193812341302878,0.2513844657414604,0.09454099398642175
2026-02-25 22:00:00,0.2641354197753824,0.1593053786123604,0.5346455234381355,0.4506500292314211,0.019860964335924,0.0625113883312218,0.6156632698952795,0.3474902803414352,0.21172039919387142
2026-02-25 23:00:00,0.4968560088750753,0.4433492418026856,0.5870140459866557,0.5407929355233819,0.2525815534356169,0.2125046134407377,0.8483838589949724,0.843211131882794,0.4701026253388805
2026-02-26 00:00:00,0.5146222991297561,0.507298103330163,0.5530381003401251,0.4955552408126074,0.1609161469683844,0.1184355024043802,0.8040706017420111,0.8290246085590409,0.5109602012299596
2026-02-26 01:00:00,0.517388570828123,0.5584244644083344,0.5764521896379504,0.5220080928096942,0.1636824186667512,0.1695618634825516,0.8068368734403779,0.8801509696372123,0.5379065176182287
2026-02-26 02:00:00,0.5214005801665237,0.5585855861819514,0.633783367802822,0.5587420627792892,0.167694428005152,0.1697229852561686,0.8108488827787786,0.8803120914108293,0.5399930831742376
2026-02-26 03:00:00,0.5642400800376706,0.4599536862561595,0.6826325297343301,0.6061412305004302,0.2105339278762988,0.2291090578942116,0.8536883826499255,0.8598155763362678,0.512096883146915
2026-02-26 04:00:00,0.4204729689385375,0.3479720889724764,0.5834370095299047,0.5498294307190034,0.176198513499079,0.1171274606105285,0.7720008190584345,0.7478339790525848,0.3842225289555069
2026-02-26 05:00:00,0.5064726235534524,0.4015211727307424,0.4100298715889989,0.3391069555782179,0.1527664713920806,0.1706765443687944,0.7959209261657073,0.8013830628108507,0.45399689814209737
2026-02-26 06:00:00,0.4253648139493419,0.3490109385387084,0.4870427805696669,0.4615634375635914,0.1810903585098834,0.1181663101767605,0.776892664069239,0.7488728286188169,0.3871878762440252
2026-02-26 07:00:00,0.3873263133084293,0.3117651977127793,0.434598340582827,0.4583740589204409,0.1430518578689709,0.0809205693508314,0.7388541634283264,0.7116270877928876,0.3495457555106043
2026-02-26 08:00:00,0.3466529128964192,0.2669167444386185,0.4845755751159749,0.4252865861808619,0.1023784574569608,0.0360721160766706,0.6981807630163164,0.666778634518727,0.3067848286675189
2026-02-26 09:00:00,0.1604908093840031,0.1149847953368415,0.1841232708062596,0.1449930169233419,0.0591205408736832,0.0181908050557029,0.3539896195538329,0.3031696970659163,0.1377378023604223
2026-02-26 10:00:00,0.112032667667099,0.1002146883341487,0.6301741815239119,0.5972311108080303,0.0106623991567791,0.0034206980530101,0.3055314778369288,0.2883995900632236,0.10612367800062386
2026-02-26 11:00:00,0.8387149838740908,0.8169868856550585,0.528515695844363,0.5158425365419668,0.5984894625398005,0.652192191676337,0.9690253989064216,0.9793355905864456,0.8278509347645746
2026-02-26 12:00:00,0.5758716408602638,0.5421701213226575,0.2836439654407738,0.2534916370101909,0.222165488698892,0.1533075203968747,0.8653199434725187,0.8638966265515355,0.5590208810914606
2026-02-26 13:00:00,0.1673431835735335,0.1142513286664894,0.2450350203699826,0.2360203552170961,0.0659729150632137,0.0174573383853508,0.3608419937433634,0.3024362303955643,0.14079725612001145
2026-02-26 14:00:00,0.1765152693390308,0.1452658617603821,0.1604660338714005,0.127970162856187,0.075145000828711,0.0484718714792434,0.3700140795088606,0.3334507634894569,0.16089056554970643
2026-02-26 15:00:00,0.2115543570204769,0.2303154812062183,0.230066265809681,0.1555645470886357,0.0,0.0,0.563082207140374,0.6301773712863267,0.22093491911334762
2026-02-26 16:00:00,0.2656659637836982,0.280952340273486,0.1260341818742601,0.1107593061881325,0.0213915083442398,0.050107711911538,0.6171938139035953,0.6808142303535943,0.2733091520285921
2026-02-26 17:00:00,0.5864659713291116,0.6568227443028065,0.3394178075856599,0.3899864596395476,0.2327598191677399,0.2679601433770237,0.8759142739413666,0.9785492495316844,0.6216443578159591
2026-02-26 18:00:00,0.5620679076503892,0.6050038139506906,0.4595521001024208,0.6049228050809945,0.2083617554890174,0.2161412130249078,0.8515162102626441,0.9267303191795686,0.5835358608005399
2026-02-26 19:00:00,0.4412794219255551,0.4575688959789302,0.4660632065907216,0.6123071521829306,0.1970049664860966,0.2267242676169822,0.7928072720454522,0.8574307860590386,0.44942415895224264
2026-02-26 20:00:00,0.5258194959642242,0.5432798532700784,0.5104105232358178,0.5621400573701596,0.1721133438028524,0.1544172523442956,0.8152677985764791,0.8650063584989565,0.5345496746171513
2026-02-26 21:00:00,0.607482149837119,0.6743079519438806,0.3848136923666156,0.3922768522095639,0.2537759976757473,0.2854453510180978,0.896930452449374,0.9960344571727586,0.6408950508904998
2026-02-26 22:00:00,0.6569212441329257,0.690337490084988,0.6059328334706755,0.6428286774334284,0.303215091971554,0.3014748891592052,0.9463695467451808,1.0,0.6736293671089568
2026-02-26 23:00:00,0.6274638424640786,0.6604203542030767,0.7031633066535132,0.7073033418999359,0.2737576903027069,0.2715577532772938,0.9169121450763336,0.9821468594319548,0.6439420983335776
2026-02-27 00:00:00,0.6655037211443944,0.7189410300078514,0.7018355968130374,0.7524788619778857,0.3117975689830227,0.3300784290820686,0.9549520237566492,1.0,0.6922223755761229
2026-02-27 01:00:00,0.5132276854792617,0.543982541912453,0.7238963837392148,0.7808749745733805,0.1595215333178899,0.1551199409866702,0.8026759880915166,0.8657090471413309,0.5286051136958574
2026-02-27 02:00:00,0.5747043199326122,0.5932055713565604,0.6077092321025195,0.5709886136423739,0.2209981677712404,0.2043429704307776,0.8641526225448671,0.9149320765854384,0.5839549456445863
2026-02-27 03:00:00,0.526794675754113,0.531335875506687,0.558733893119687,0.5126975787196439,0.1730885235927413,0.1424732745809042,0.8162429783663679,0.8530623807355651,0.5290652756304
2026-02-27 04:00:00,0.4237346555260931,0.4185242924609219,0.50109868479889,0.48089830290915,0.1794602000866347,0.187679664098974,0.7752625056459902,0.8183861825410303,0.4211294739935075
2026-02-27 05:00:00,0.2003904816890158,0.2076493062821704,0.4142274752167426,0.4873952949451996,0.0,0.0,0.5519183318089129,0.6075111963622788,0.20401989398559311
2026-02-27 06:00:00,0.1880846539080263,0.199058293840445,0.309324238458776,0.3688480021166706,0.0867143853977065,0.1022643035593064,0.3815834640778562,0.3872431955695198,0.19357147387423565
2026-02-27 07:00:00,0.1778515153283308,0.2004031787433175,0.3101820610133773,0.3782295620886118,0.076481246818011,0.0,0.3713503254981606,0.6002650688234259,0.18912734703582415
2026-02-27 08:00:00,0.1661199090540994,0.1803482490585227,0.2893087151793734,0.3359911167304588,0.0647496405437796,0.0835542587773841,0.3596187192239293,0.3685331507875975,0.17323407905631105
2026-02-27 09:00:00,0.1026486778760086,0.124542362642087,0.1879156949513304,0.2081395730461913,0.0012784093656888,0.0277483723609483,0.2961474880458385,0.3127272643711618,0.1135955202590478
2026-02-27 10:00:00,0.1249632505002646,0.1281261695889421,0.1269621437969916,0.1447048767882322,0.0235929819899448,0.0313321793078035,0.3184620606700945,0.316311071318017,0.12654471004460335
2026-02-27 11:00:00,0.1511582079546954,0.1479523997281878,0.1231212258832796,0.1180321084738247,0.0497879394443755,0.0511584094470492,0.3446570181245252,0.3361373014572626,0.1495553038414416
2026-02-27 12:00:00,0.1189720765661928,0.1222530617331062,0.1795346171997698,0.1949420306767037,0.017601808055873,0.0254590714519676,0.3124708867360227,0.3104379634621811,0.12061256914964949
2026-02-27 13:00:00,0.2040070293679602,0.1825876250905269,0.256134492444401,0.26502920749166,0.0,0.0857936348093882,0.5555348794878574,0.3707725268196017,0.19329732722924353
2026-02-27 14:00:00,0.3125434995484346,0.3020074084892864,0.3144844446822724,0.3029821957134775,0.0682690441089761,0.0711627801273385,0.6640713496683317,0.7018692985693948,0.30727545401886047
2026-02-27 15:00:00,0.4332631972317855,0.4036578729326635,0.4366641641564639,0.4585998921081894,0.1889887417923271,0.1728132445707156,0.7847910473516826,0.803519763012772,0.41846053508222447
2026-02-27 16:00:00,0.4629451918972149,0.42056907745404,0.5118896229043353,0.5853815018849595,0.2186707364577564,0.1897244490920921,0.814473042017112,0.8204309675341483,0.44175713467562744
2026-02-27 17:00:00,0.2747802789013907,0.2593217044349616,0.5172643737089513,0.5850705864887489,0.0305058234619322,0.0284770760730136,0.6263081290212877,0.6591835945150699,0.26705099166817614
2026-02-27 18:00:00,0.3949365435861187,0.3715091380582354,0.521554510943689,0.6222072453379182,0.1506620881466603,0.1406645096962875,0.7464643937060158,0.7713710281383438,0.38322284082217706
2026-02-27 19:00:00,0.3149337369690056,0.3190305390936432,0.5043312729127327,0.5757468620829327,0.0706592815295472,0.0881859107316953,0.6664615870889027,0.7188924291737516,0.3169821380313244
2026-02-27 20:00:00,0.5075300269660132,0.4950390627387139,0.4598644632213186,0.4878050756483141,0.1538238748046415,0.264194434376766,0.7969783295782682,0.8949009528188223,0.5012845448523635
2026-02-27 21:00:00,0.5500688638653002,0.5493474499956771,0.4704131057127422,0.5067517605087417,0.1963627117039285,0.1604848490698943,0.8395171664775551,0.871073955224555,0.5497081569304887
2026-02-27 22:00:00,0.519146283060253,0.4670353329881945,0.4605725335483733,0.4815239068953355,0.1654401308988813,0.2361907046262466,0.808594585672508,0.866897223068303,0.4930908080242238
2026-02-27 23:00:00,0.4109559524791413,0.3760178454512934,0.3455214253412525,0.3483598473237347,0.1666814970396828,0.1451732170893455,0.7624838025990384,0.7758797355314018,0.3934868989652174
2026-02-28 00:00:00,0.3079178366243951,0.3002618298626149,0.3351410844894201,0.3416176913433802,0.0636433811849366,0.069417201500667,0.6594456867442922,0.7001237199427233,0.304089833243505
2026-02-28 01:00:00,0.4748275340740234,0.4171195650934902,0.2302505310473658,0.2123523114980467,0.230553078634565,0.1862749367315422,0.8263553841939205,0.8169814551735985,0.4459735495837568
2026-02-28 02:00:00,0.3965876506225808,0.3435741981042146,0.3062637955450595,0.2778964042962432,0.1523131951831223,0.1127295697422666,0.7481155007424778,0.7434360881843229,0.3700809243633977
2026-02-28 03:00:00,0.5400995377767487,0.500072625829561,0.3570832779009538,0.3352080854000612,0.186393385615377,0.1112100249037782,0.8295478403890036,0.8217991310584389,0.5200860818031549
2026-02-28 04:00:00,0.623158577837887,0.5123357134825741,0.5603178123062331,0.4912003467285469,0.2694524256765153,0.1234731125567913,0.912606880450142,0.8340622187114521,0.5677471456602305
2026-02-28 05:00:00,0.6248742444907189,0.5485152059875656,0.5979777005178213,0.526438343013355,0.2711680923293472,0.1596526050617828,0.914322547102974,0.8702417112164436,0.5866947252391423
2026-02-28 06:00:00,0.5999164535206819,0.5384097931375194,0.5734789296564351,0.5079278581120493,0.2462103013593102,0.1495471922117365,0.8893647561329369,0.8601362983663974,0.5691631233291006
2026-02-28 07:00:00,0.5722723512958479,0.5107885022208452,0.5790278542608815,0.5243032882893992,0.2185661991344761,0.1219259012950623,0.8617206539081028,0.8325150074497232,0.5415304267583465
2026-02-28 08:00:00,0.6016155849960639,0.5159017461225606,0.561452094635911,0.4979609735298715,0.2479094328346922,0.1270391451967777,0.8910638876083189,0.8376282513514386,0.5587586655593122
2026-02-28 09:00:00,0.6441575732225717,0.5834823157823285,0.5832926443761058,0.5082424333571585,0.2904514210612,0.1946197148565456,0.9336058758348268,0.9052088210112064,0.6138199445024501
2026-02-28 10:00:00,0.6167616049467356,0.5631323747232972,0.5540391652148975,0.4905567050494766,0.2630554527853639,0.1742697737975144,0.9062099075589906,0.8848588799521753,0.5899469898350165
2026-02-28 11:00:00,0.5454832226705869,0.5042436216205777,0.579924874574602,0.5736255298145748,0.1917770705092152,0.1153810206947948,0.8349315252828419,0.8259701268494557,0.5248634221455823
2026-02-28 12:00:00,0.6043087645978311,0.5716961250619603,0.5610913188986174,0.5591852104813866,0.2506026124364594,0.1828335241361775,0.8937570672100861,0.8934226302908383,0.5880024448298957
2026-02-28 13:00:00,0.647545389689176,0.5852450226349124,0.5930306578054488,0.5436029141107668,0.2938392375278043,0.1963824217091296,0.9369936923014308,0.9069715278637904,0.6163952061620441
2026-02-28 14:00:00,0.5986040157341717,0.5253837147208446,0.5522819316476154,0.5642300173034314,0.2448978635727999,0.1365211137950617,0.8880523183464266,0.8471102199497225,0.561993865227508
2026-02-28 15:00:00,0.5452295951319913,0.5103448824384628,0.5180324090177122,0.5148151161786075,0.1915234429706196,0.1214822815126799,0.8346778977442463,0.8320713876673407,0.527787238785227
2026-02-28 16:00:00,0.5237739534256897,0.4822490011039572,0.5101963938851516,0.5023719243993212,0.1700678012643179,0.2514043727420093,0.8132222560379446,0.8821108911840656,0.5030114772648234
2026-02-28 17:00:00,0.4289024464839361,0.4212456488168223,0.3962232260605624,0.389875566010786,0.1846279910444777,0.1904010204548744,0.7804302966038332,0.8211075388969307,0.4250740476503792
2026-02-28 18:00:00,0.3407377622910796,0.3726303815667169,0.2852684984922218,0.3084864582184823,0.0964633068516212,0.141785753204769,0.6922656124109767,0.7724922716468252,0.3566840719288983
2026-02-28 19:00:00,0.2436493819364364,0.2857786869469345,0.2681696400057334,0.2617185237815386,0.0,0.0549340585849866,0.5951772320563335,0.6856405770270428,0.26471403444168545
2026-02-28 20:00:00,0.1699230768279032,0.1823748391492513,0.1387457219153201,0.1442890629554087,0.0685528083175834,0.0855808488681127,0.363421886997733,0.3705597408783261,0.17614895798857724
2026-02-28 21:00:00,0.1260274852305441,0.1271933988746028,0.1365468053947478,0.1285669254082809,0.0246572167202243,0.0303994085934641,0.319526295400374,0.3153783006036776,0.12661044205257344
2026-02-28 22:00:00,0.1759139590004442,0.1581415335020101,0.1300290184260138,0.109014268612785,0.0745436904901244,0.0613475432208715,0.3694127691702741,0.346326435231085,0.16702774625122715
2026-02-28 23:00:00,0.1188747706620549,0.1008331951771754,0.1918267836267747,0.1102580202400536,0.0175045021517351,0.0040392048960368,0.3123735808318848,0.2890180969062502,0.10985398291961515
